dataset,frame,axis,level,unit,obj_id,type,group,distance_m,bbox_w_px,bbox_h_px,truncated,occluded,n_points_fixed,n_points_template,hits_fixed,hits_template,hit_ratio_fixed,hit_ratio_template
kitti_mini,000001,roll,0.0,deg,0,Truck,vehicle,69.4,30.3,32.8,0.0,0,70,70,70,70,1.0,1.0
kitti_mini,000001,roll,0.0,deg,1,Car,vehicle,60.8,36.2,21.6,0.0,0,9,9,9,9,1.0,1.0
kitti_mini,000001,roll,0.0,deg,2,Cyclist,cyclist,46.1,12.4,30.0,0.0,3,18,18,18,18,1.0,1.0
kitti_mini,000001,roll,0.5,deg,0,Truck,vehicle,69.4,30.3,32.8,0.0,0,70,70,70,70,1.0,1.0
kitti_mini,000001,roll,0.5,deg,1,Car,vehicle,60.8,36.2,21.6,0.0,0,9,9,9,9,1.0,1.0
kitti_mini,000001,roll,0.5,deg,2,Cyclist,cyclist,46.1,12.4,30.0,0.0,3,18,18,18,18,1.0,1.0
kitti_mini,000001,roll,1.0,deg,0,Truck,vehicle,69.4,30.3,32.8,0.0,0,70,70,70,70,1.0,1.0
kitti_mini,000001,roll,1.0,deg,1,Car,vehicle,60.8,36.2,21.6,0.0,0,9,9,9,9,1.0,1.0
kitti_mini,000001,roll,1.0,deg,2,Cyclist,cyclist,46.1,12.4,30.0,0.0,3,18,18,18,18,1.0,1.0
kitti_mini,000001,roll,2.0,deg,0,Truck,vehicle,69.4,30.3,32.8,0.0,0,70,70,70,70,1.0,1.0
kitti_mini,000001,roll,2.0,deg,1,Car,vehicle,60.8,36.2,21.6,0.0,0,9,9,9,9,1.0,1.0
kitti_mini,000001,roll,2.0,deg,2,Cyclist,cyclist,46.1,12.4,30.0,0.0,3,18,18,18,18,1.0,1.0
kitti_mini,000001,roll,3.0,deg,0,Truck,vehicle,69.4,30.3,32.8,0.0,0,70,70,70,70,1.0,1.0
kitti_mini,000001,roll,3.0,deg,1,Car,vehicle,60.8,36.2,21.6,0.0,0,9,9,9,9,1.0,1.0
kitti_mini,000001,roll,3.0,deg,2,Cyclist,cyclist,46.1,12.4,30.0,0.0,3,18,18,17,17,0.9444,0.9444
kitti_mini,000001,pitch,0.0,deg,0,Truck,vehicle,69.4,30.3,32.8,0.0,0,70,70,70,70,1.0,1.0
kitti_mini,000001,pitch,0.0,deg,1,Car,vehicle,60.8,36.2,21.6,0.0,0,9,9,9,9,1.0,1.0
kitti_mini,000001,pitch,0.0,deg,2,Cyclist,cyclist,46.1,12.4,30.0,0.0,3,18,18,18,18,1.0,1.0
kitti_mini,000001,pitch,0.5,deg,0,Truck,vehicle,69.4,30.3,32.8,0.0,0,70,70,65,65,0.9286,0.9286
kitti_mini,000001,pitch,0.5,deg,1,Car,vehicle,60.8,36.2,21.6,0.0,0,9,9,4,4,0.4444,0.4444
kitti_mini,000001,pitch,0.5,deg,2,Cyclist,cyclist,46.1,12.4,30.0,0.0,3,18,18,17,17,0.9444,0.9444
kitti_mini,000001,pitch,1.0,deg,0,Truck,vehicle,69.4,30.3,32.8,0.0,0,70,70,49,49,0.7,0.7
kitti_mini,000001,pitch,1.0,deg,1,Car,vehicle,60.8,36.2,21.6,0.0,0,9,9,0,0,0.0,0.0
kitti_mini,000001,pitch,1.0,deg,2,Cyclist,cyclist,46.1,12.4,30.0,0.0,3,18,18,13,13,0.7222,0.7222
kitti_mini,000001,pitch,2.0,deg,0,Truck,vehicle,69.4,30.3,32.8,0.0,0,70,70,10,10,0.1429,0.1429
kitti_mini,000001,pitch,2.0,deg,1,Car,vehicle,60.8,36.2,21.6,0.0,0,9,9,0,0,0.0,0.0
kitti_mini,000001,pitch,2.0,deg,2,Cyclist,cyclist,46.1,12.4,30.0,0.0,3,18,18,2,2,0.1111,0.1111
kitti_mini,000001,pitch,3.0,deg,0,Truck,vehicle,69.4,30.3,32.8,0.0,0,70,70,0,0,0.0,0.0
kitti_mini,000001,pitch,3.0,deg,1,Car,vehicle,60.8,36.2,21.6,0.0,0,9,9,0,0,0.0,0.0
kitti_mini,000001,pitch,3.0,deg,2,Cyclist,cyclist,46.1,12.4,30.0,0.0,3,18,18,0,0,0.0,0.0
kitti_mini,000001,yaw,0.0,deg,0,Truck,vehicle,69.4,30.3,32.8,0.0,0,70,70,70,70,1.0,1.0
kitti_mini,000001,yaw,0.0,deg,1,Car,vehicle,60.8,36.2,21.6,0.0,0,9,9,9,9,1.0,1.0
kitti_mini,000001,yaw,0.0,deg,2,Cyclist,cyclist,46.1,12.4,30.0,0.0,3,18,18,18,18,1.0,1.0
kitti_mini,000001,yaw,0.5,deg,0,Truck,vehicle,69.4,30.3,32.8,0.0,0,70,70,53,53,0.7571,0.7571
kitti_mini,000001,yaw,0.5,deg,1,Car,vehicle,60.8,36.2,21.6,0.0,0,9,9,9,9,1.0,1.0
kitti_mini,000001,yaw,0.5,deg,2,Cyclist,cyclist,46.1,12.4,30.0,0.0,3,18,18,10,10,0.5556,0.5556
kitti_mini,000001,yaw,1.0,deg,0,Truck,vehicle,69.4,30.3,32.8,0.0,0,70,70,38,38,0.5429,0.5429
kitti_mini,000001,yaw,1.0,deg,1,Car,vehicle,60.8,36.2,21.6,0.0,0,9,9,3,3,0.3333,0.3333
kitti_mini,000001,yaw,1.0,deg,2,Cyclist,cyclist,46.1,12.4,30.0,0.0,3,18,18,0,0,0.0,0.0
kitti_mini,000001,yaw,2.0,deg,0,Truck,vehicle,69.4,30.3,32.8,0.0,0,70,70,7,7,0.1,0.1
kitti_mini,000001,yaw,2.0,deg,1,Car,vehicle,60.8,36.2,21.6,0.0,0,9,9,0,0,0.0,0.0
kitti_mini,000001,yaw,2.0,deg,2,Cyclist,cyclist,46.1,12.4,30.0,0.0,3,18,18,0,0,0.0,0.0
kitti_mini,000001,yaw,3.0,deg,0,Truck,vehicle,69.4,30.3,32.8,0.0,0,70,70,0,0,0.0,0.0
kitti_mini,000001,yaw,3.0,deg,1,Car,vehicle,60.8,36.2,21.6,0.0,0,9,9,0,0,0.0,0.0
kitti_mini,000001,yaw,3.0,deg,2,Cyclist,cyclist,46.1,12.4,30.0,0.0,3,18,18,0,0,0.0,0.0
kitti_mini,000001,tx,0.0,m,0,Truck,vehicle,69.4,30.3,32.8,0.0,0,70,70,70,70,1.0,1.0
kitti_mini,000001,tx,0.0,m,1,Car,vehicle,60.8,36.2,21.6,0.0,0,9,9,9,9,1.0,1.0
kitti_mini,000001,tx,0.0,m,2,Cyclist,cyclist,46.1,12.4,30.0,0.0,3,18,18,18,18,1.0,1.0
kitti_mini,000001,tx,0.02,m,0,Truck,vehicle,69.4,30.3,32.8,0.0,0,70,70,70,70,1.0,1.0
kitti_mini,000001,tx,0.02,m,1,Car,vehicle,60.8,36.2,21.6,0.0,0,9,9,9,9,1.0,1.0
kitti_mini,000001,tx,0.02,m,2,Cyclist,cyclist,46.1,12.4,30.0,0.0,3,18,18,18,18,1.0,1.0
kitti_mini,000001,tx,0.05,m,0,Truck,vehicle,69.4,30.3,32.8,0.0,0,70,70,70,70,1.0,1.0
kitti_mini,000001,tx,0.05,m,1,Car,vehicle,60.8,36.2,21.6,0.0,0,9,9,9,9,1.0,1.0
kitti_mini,000001,tx,0.05,m,2,Cyclist,cyclist,46.1,12.4,30.0,0.0,3,18,18,18,18,1.0,1.0
kitti_mini,000001,tx,0.1,m,0,Truck,vehicle,69.4,30.3,32.8,0.0,0,70,70,70,70,1.0,1.0
kitti_mini,000001,tx,0.1,m,1,Car,vehicle,60.8,36.2,21.6,0.0,0,9,9,9,9,1.0,1.0
kitti_mini,000001,tx,0.1,m,2,Cyclist,cyclist,46.1,12.4,30.0,0.0,3,18,18,18,18,1.0,1.0
kitti_mini,000001,tx,0.2,m,0,Truck,vehicle,69.4,30.3,32.8,0.0,0,70,70,70,70,1.0,1.0
kitti_mini,000001,tx,0.2,m,1,Car,vehicle,60.8,36.2,21.6,0.0,0,9,9,9,9,1.0,1.0
kitti_mini,000001,tx,0.2,m,2,Cyclist,cyclist,46.1,12.4,30.0,0.0,3,18,18,18,18,1.0,1.0
kitti_mini,000001,ty,0.0,m,0,Truck,vehicle,69.4,30.3,32.8,0.0,0,70,70,70,70,1.0,1.0
kitti_mini,000001,ty,0.0,m,1,Car,vehicle,60.8,36.2,21.6,0.0,0,9,9,9,9,1.0,1.0
kitti_mini,000001,ty,0.0,m,2,Cyclist,cyclist,46.1,12.4,30.0,0.0,3,18,18,18,18,1.0,1.0
kitti_mini,000001,ty,0.02,m,0,Truck,vehicle,69.4,30.3,32.8,0.0,0,70,70,70,70,1.0,1.0
kitti_mini,000001,ty,0.02,m,1,Car,vehicle,60.8,36.2,21.6,0.0,0,9,9,9,9,1.0,1.0
kitti_mini,000001,ty,0.02,m,2,Cyclist,cyclist,46.1,12.4,30.0,0.0,3,18,18,18,18,1.0,1.0
kitti_mini,000001,ty,0.05,m,0,Truck,vehicle,69.4,30.3,32.8,0.0,0,70,70,69,69,0.9857,0.9857
kitti_mini,000001,ty,0.05,m,1,Car,vehicle,60.8,36.2,21.6,0.0,0,9,9,9,9,1.0,1.0
kitti_mini,000001,ty,0.05,m,2,Cyclist,cyclist,46.1,12.4,30.0,0.0,3,18,18,18,18,1.0,1.0
kitti_mini,000001,ty,0.1,m,0,Truck,vehicle,69.4,30.3,32.8,0.0,0,70,70,68,68,0.9714,0.9714
kitti_mini,000001,ty,0.1,m,1,Car,vehicle,60.8,36.2,21.6,0.0,0,9,9,9,9,1.0,1.0
kitti_mini,000001,ty,0.1,m,2,Cyclist,cyclist,46.1,12.4,30.0,0.0,3,18,18,17,17,0.9444,0.9444
kitti_mini,000001,ty,0.2,m,0,Truck,vehicle,69.4,30.3,32.8,0.0,0,70,70,66,66,0.9429,0.9429
kitti_mini,000001,ty,0.2,m,1,Car,vehicle,60.8,36.2,21.6,0.0,0,9,9,9,9,1.0,1.0
kitti_mini,000001,ty,0.2,m,2,Cyclist,cyclist,46.1,12.4,30.0,0.0,3,18,18,17,17,0.9444,0.9444
kitti_mini,000001,tz,0.0,m,0,Truck,vehicle,69.4,30.3,32.8,0.0,0,70,70,70,70,1.0,1.0
kitti_mini,000001,tz,0.0,m,1,Car,vehicle,60.8,36.2,21.6,0.0,0,9,9,9,9,1.0,1.0
kitti_mini,000001,tz,0.0,m,2,Cyclist,cyclist,46.1,12.4,30.0,0.0,3,18,18,18,18,1.0,1.0
kitti_mini,000001,tz,0.02,m,0,Truck,vehicle,69.4,30.3,32.8,0.0,0,70,70,70,70,1.0,1.0
kitti_mini,000001,tz,0.02,m,1,Car,vehicle,60.8,36.2,21.6,0.0,0,9,9,9,9,1.0,1.0
kitti_mini,000001,tz,0.02,m,2,Cyclist,cyclist,46.1,12.4,30.0,0.0,3,18,18,18,18,1.0,1.0
kitti_mini,000001,tz,0.05,m,0,Truck,vehicle,69.4,30.3,32.8,0.0,0,70,70,70,70,1.0,1.0
kitti_mini,000001,tz,0.05,m,1,Car,vehicle,60.8,36.2,21.6,0.0,0,9,9,9,9,1.0,1.0
kitti_mini,000001,tz,0.05,m,2,Cyclist,cyclist,46.1,12.4,30.0,0.0,3,18,18,18,18,1.0,1.0
kitti_mini,000001,tz,0.1,m,0,Truck,vehicle,69.4,30.3,32.8,0.0,0,70,70,70,70,1.0,1.0
kitti_mini,000001,tz,0.1,m,1,Car,vehicle,60.8,36.2,21.6,0.0,0,9,9,9,9,1.0,1.0
kitti_mini,000001,tz,0.1,m,2,Cyclist,cyclist,46.1,12.4,30.0,0.0,3,18,18,18,18,1.0,1.0
kitti_mini,000001,tz,0.2,m,0,Truck,vehicle,69.4,30.3,32.8,0.0,0,70,70,70,70,1.0,1.0
kitti_mini,000001,tz,0.2,m,1,Car,vehicle,60.8,36.2,21.6,0.0,0,9,9,9,9,1.0,1.0
kitti_mini,000001,tz,0.2,m,2,Cyclist,cyclist,46.1,12.4,30.0,0.0,3,18,18,18,18,1.0,1.0
kitti_mini,000004,roll,0.0,deg,0,Car,vehicle,41.4,64.5,30.5,0.0,0,77,77,77,77,1.0,1.0
kitti_mini,000004,roll,0.0,deg,1,Car,vehicle,53.6,41.0,20.7,0.0,0,26,26,26,26,1.0,1.0
kitti_mini,000004,roll,0.5,deg,0,Car,vehicle,41.4,64.5,30.5,0.0,0,77,77,77,77,1.0,1.0
kitti_mini,000004,roll,0.5,deg,1,Car,vehicle,53.6,41.0,20.7,0.0,0,26,26,26,26,1.0,1.0
kitti_mini,000004,roll,1.0,deg,0,Car,vehicle,41.4,64.5,30.5,0.0,0,77,77,77,77,1.0,1.0
kitti_mini,000004,roll,1.0,deg,1,Car,vehicle,53.6,41.0,20.7,0.0,0,26,26,26,26,1.0,1.0
kitti_mini,000004,roll,2.0,deg,0,Car,vehicle,41.4,64.5,30.5,0.0,0,77,77,73,73,0.9481,0.9481
kitti_mini,000004,roll,2.0,deg,1,Car,vehicle,53.6,41.0,20.7,0.0,0,26,26,25,25,0.9615,0.9615
kitti_mini,000004,roll,3.0,deg,0,Car,vehicle,41.4,64.5,30.5,0.0,0,77,77,53,53,0.6883,0.6883
kitti_mini,000004,roll,3.0,deg,1,Car,vehicle,53.6,41.0,20.7,0.0,0,26,26,13,13,0.5,0.5
kitti_mini,000004,pitch,0.0,deg,0,Car,vehicle,41.4,64.5,30.5,0.0,0,77,77,77,77,1.0,1.0
kitti_mini,000004,pitch,0.0,deg,1,Car,vehicle,53.6,41.0,20.7,0.0,0,26,26,26,26,1.0,1.0
kitti_mini,000004,pitch,0.5,deg,0,Car,vehicle,41.4,64.5,30.5,0.0,0,77,77,66,66,0.8571,0.8571
kitti_mini,000004,pitch,0.5,deg,1,Car,vehicle,53.6,41.0,20.7,0.0,0,26,26,26,26,1.0,1.0
kitti_mini,000004,pitch,1.0,deg,0,Car,vehicle,41.4,64.5,30.5,0.0,0,77,77,24,24,0.3117,0.3117
kitti_mini,000004,pitch,1.0,deg,1,Car,vehicle,53.6,41.0,20.7,0.0,0,26,26,1,1,0.0385,0.0385
kitti_mini,000004,pitch,2.0,deg,0,Car,vehicle,41.4,64.5,30.5,0.0,0,77,77,0,0,0.0,0.0
kitti_mini,000004,pitch,2.0,deg,1,Car,vehicle,53.6,41.0,20.7,0.0,0,26,26,0,0,0.0,0.0
kitti_mini,000004,pitch,3.0,deg,0,Car,vehicle,41.4,64.5,30.5,0.0,0,77,77,0,0,0.0,0.0
kitti_mini,000004,pitch,3.0,deg,1,Car,vehicle,53.6,41.0,20.7,0.0,0,26,26,0,0,0.0,0.0
kitti_mini,000004,yaw,0.0,deg,0,Car,vehicle,41.4,64.5,30.5,0.0,0,77,77,77,77,1.0,1.0
kitti_mini,000004,yaw,0.0,deg,1,Car,vehicle,53.6,41.0,20.7,0.0,0,26,26,26,26,1.0,1.0
kitti_mini,000004,yaw,0.5,deg,0,Car,vehicle,41.4,64.5,30.5,0.0,0,77,77,75,75,0.974,0.974
kitti_mini,000004,yaw,0.5,deg,1,Car,vehicle,53.6,41.0,20.7,0.0,0,26,26,22,22,0.8462,0.8462
kitti_mini,000004,yaw,1.0,deg,0,Car,vehicle,41.4,64.5,30.5,0.0,0,77,77,65,65,0.8442,0.8442
kitti_mini,000004,yaw,1.0,deg,1,Car,vehicle,53.6,41.0,20.7,0.0,0,26,26,17,17,0.6538,0.6538
kitti_mini,000004,yaw,2.0,deg,0,Car,vehicle,41.4,64.5,30.5,0.0,0,77,77,47,47,0.6104,0.6104
kitti_mini,000004,yaw,2.0,deg,1,Car,vehicle,53.6,41.0,20.7,0.0,0,26,26,9,9,0.3462,0.3462
kitti_mini,000004,yaw,3.0,deg,0,Car,vehicle,41.4,64.5,30.5,0.0,0,77,77,21,21,0.2727,0.2727
kitti_mini,000004,yaw,3.0,deg,1,Car,vehicle,53.6,41.0,20.7,0.0,0,26,26,0,0,0.0,0.0
kitti_mini,000004,tx,0.0,m,0,Car,vehicle,41.4,64.5,30.5,0.0,0,77,77,77,77,1.0,1.0
kitti_mini,000004,tx,0.0,m,1,Car,vehicle,53.6,41.0,20.7,0.0,0,26,26,26,26,1.0,1.0
kitti_mini,000004,tx,0.02,m,0,Car,vehicle,41.4,64.5,30.5,0.0,0,77,77,77,77,1.0,1.0
kitti_mini,000004,tx,0.02,m,1,Car,vehicle,53.6,41.0,20.7,0.0,0,26,26,26,26,1.0,1.0
kitti_mini,000004,tx,0.05,m,0,Car,vehicle,41.4,64.5,30.5,0.0,0,77,77,77,77,1.0,1.0
kitti_mini,000004,tx,0.05,m,1,Car,vehicle,53.6,41.0,20.7,0.0,0,26,26,26,26,1.0,1.0
kitti_mini,000004,tx,0.1,m,0,Car,vehicle,41.4,64.5,30.5,0.0,0,77,77,77,77,1.0,1.0
kitti_mini,000004,tx,0.1,m,1,Car,vehicle,53.6,41.0,20.7,0.0,0,26,26,26,26,1.0,1.0
kitti_mini,000004,tx,0.2,m,0,Car,vehicle,41.4,64.5,30.5,0.0,0,77,77,77,77,1.0,1.0
kitti_mini,000004,tx,0.2,m,1,Car,vehicle,53.6,41.0,20.7,0.0,0,26,26,26,26,1.0,1.0
kitti_mini,000004,ty,0.0,m,0,Car,vehicle,41.4,64.5,30.5,0.0,0,77,77,77,77,1.0,1.0
kitti_mini,000004,ty,0.0,m,1,Car,vehicle,53.6,41.0,20.7,0.0,0,26,26,26,26,1.0,1.0
kitti_mini,000004,ty,0.02,m,0,Car,vehicle,41.4,64.5,30.5,0.0,0,77,77,77,77,1.0,1.0
kitti_mini,000004,ty,0.02,m,1,Car,vehicle,53.6,41.0,20.7,0.0,0,26,26,26,26,1.0,1.0
kitti_mini,000004,ty,0.05,m,0,Car,vehicle,41.4,64.5,30.5,0.0,0,77,77,77,77,1.0,1.0
kitti_mini,000004,ty,0.05,m,1,Car,vehicle,53.6,41.0,20.7,0.0,0,26,26,26,26,1.0,1.0
kitti_mini,000004,ty,0.1,m,0,Car,vehicle,41.4,64.5,30.5,0.0,0,77,77,77,77,1.0,1.0
kitti_mini,000004,ty,0.1,m,1,Car,vehicle,53.6,41.0,20.7,0.0,0,26,26,26,26,1.0,1.0
kitti_mini,000004,ty,0.2,m,0,Car,vehicle,41.4,64.5,30.5,0.0,0,77,77,77,77,1.0,1.0
kitti_mini,000004,ty,0.2,m,1,Car,vehicle,53.6,41.0,20.7,0.0,0,26,26,26,26,1.0,1.0
kitti_mini,000004,tz,0.0,m,0,Car,vehicle,41.4,64.5,30.5,0.0,0,77,77,77,77,1.0,1.0
kitti_mini,000004,tz,0.0,m,1,Car,vehicle,53.6,41.0,20.7,0.0,0,26,26,26,26,1.0,1.0
kitti_mini,000004,tz,0.02,m,0,Car,vehicle,41.4,64.5,30.5,0.0,0,77,77,77,77,1.0,1.0
kitti_mini,000004,tz,0.02,m,1,Car,vehicle,53.6,41.0,20.7,0.0,0,26,26,26,26,1.0,1.0
kitti_mini,000004,tz,0.05,m,0,Car,vehicle,41.4,64.5,30.5,0.0,0,77,77,77,77,1.0,1.0
kitti_mini,000004,tz,0.05,m,1,Car,vehicle,53.6,41.0,20.7,0.0,0,26,26,26,26,1.0,1.0
kitti_mini,000004,tz,0.1,m,0,Car,vehicle,41.4,64.5,30.5,0.0,0,77,77,77,77,1.0,1.0
kitti_mini,000004,tz,0.1,m,1,Car,vehicle,53.6,41.0,20.7,0.0,0,26,26,26,26,1.0,1.0
kitti_mini,000004,tz,0.2,m,0,Car,vehicle,41.4,64.5,30.5,0.0,0,77,77,77,77,1.0,1.0
kitti_mini,000004,tz,0.2,m,1,Car,vehicle,53.6,41.0,20.7,0.0,0,26,26,26,26,1.0,1.0
kitti_mini,000007,roll,0.0,deg,0,Car,vehicle,25.0,51.8,50.2,0.0,0,191,191,191,191,1.0,1.0
kitti_mini,000007,roll,0.0,deg,1,Car,vehicle,48.1,31.0,22.3,0.0,0,19,19,19,19,1.0,1.0
kitti_mini,000007,roll,0.0,deg,2,Car,vehicle,60.7,23.2,18.2,0.0,0,5,5,5,5,1.0,1.0
kitti_mini,000007,roll,0.0,deg,3,Cyclist,cyclist,36.4,25.0,37.5,0.0,0,25,25,25,25,1.0,1.0
kitti_mini,000007,roll,0.5,deg,0,Car,vehicle,25.0,51.8,50.2,0.0,0,191,191,191,191,1.0,1.0
kitti_mini,000007,roll,0.5,deg,1,Car,vehicle,48.1,31.0,22.3,0.0,0,19,19,19,19,1.0,1.0
kitti_mini,000007,roll,0.5,deg,2,Car,vehicle,60.7,23.2,18.2,0.0,0,5,5,5,5,1.0,1.0
kitti_mini,000007,roll,0.5,deg,3,Cyclist,cyclist,36.4,25.0,37.5,0.0,0,25,25,25,25,1.0,1.0
kitti_mini,000007,roll,1.0,deg,0,Car,vehicle,25.0,51.8,50.2,0.0,0,191,191,191,191,1.0,1.0
kitti_mini,000007,roll,1.0,deg,1,Car,vehicle,48.1,31.0,22.3,0.0,0,19,19,19,19,1.0,1.0
kitti_mini,000007,roll,1.0,deg,2,Car,vehicle,60.7,23.2,18.2,0.0,0,5,5,5,5,1.0,1.0
kitti_mini,000007,roll,1.0,deg,3,Cyclist,cyclist,36.4,25.0,37.5,0.0,0,25,25,24,24,0.96,0.96
kitti_mini,000007,roll,2.0,deg,0,Car,vehicle,25.0,51.8,50.2,0.0,0,191,191,191,191,1.0,1.0
kitti_mini,000007,roll,2.0,deg,1,Car,vehicle,48.1,31.0,22.3,0.0,0,19,19,19,19,1.0,1.0
kitti_mini,000007,roll,2.0,deg,2,Car,vehicle,60.7,23.2,18.2,0.0,0,5,5,5,5,1.0,1.0
kitti_mini,000007,roll,2.0,deg,3,Cyclist,cyclist,36.4,25.0,37.5,0.0,0,25,25,21,21,0.84,0.84
kitti_mini,000007,roll,3.0,deg,0,Car,vehicle,25.0,51.8,50.2,0.0,0,191,191,190,190,0.9948,0.9948
kitti_mini,000007,roll,3.0,deg,1,Car,vehicle,48.1,31.0,22.3,0.0,0,19,19,19,19,1.0,1.0
kitti_mini,000007,roll,3.0,deg,2,Car,vehicle,60.7,23.2,18.2,0.0,0,5,5,5,5,1.0,1.0
kitti_mini,000007,roll,3.0,deg,3,Cyclist,cyclist,36.4,25.0,37.5,0.0,0,25,25,17,17,0.68,0.68
kitti_mini,000007,pitch,0.0,deg,0,Car,vehicle,25.0,51.8,50.2,0.0,0,191,191,191,191,1.0,1.0
kitti_mini,000007,pitch,0.0,deg,1,Car,vehicle,48.1,31.0,22.3,0.0,0,19,19,19,19,1.0,1.0
kitti_mini,000007,pitch,0.0,deg,2,Car,vehicle,60.7,23.2,18.2,0.0,0,5,5,5,5,1.0,1.0
kitti_mini,000007,pitch,0.0,deg,3,Cyclist,cyclist,36.4,25.0,37.5,0.0,0,25,25,25,25,1.0,1.0
kitti_mini,000007,pitch,0.5,deg,0,Car,vehicle,25.0,51.8,50.2,0.0,0,191,191,170,170,0.8901,0.8901
kitti_mini,000007,pitch,0.5,deg,1,Car,vehicle,48.1,31.0,22.3,0.0,0,19,19,7,7,0.3684,0.3684
kitti_mini,000007,pitch,0.5,deg,2,Car,vehicle,60.7,23.2,18.2,0.0,0,5,5,0,0,0.0,0.0
kitti_mini,000007,pitch,0.5,deg,3,Cyclist,cyclist,36.4,25.0,37.5,0.0,0,25,25,23,23,0.92,0.92
kitti_mini,000007,pitch,1.0,deg,0,Car,vehicle,25.0,51.8,50.2,0.0,0,191,191,128,128,0.6702,0.6702
kitti_mini,000007,pitch,1.0,deg,1,Car,vehicle,48.1,31.0,22.3,0.0,0,19,19,0,0,0.0,0.0
kitti_mini,000007,pitch,1.0,deg,2,Car,vehicle,60.7,23.2,18.2,0.0,0,5,5,0,0,0.0,0.0
kitti_mini,000007,pitch,1.0,deg,3,Cyclist,cyclist,36.4,25.0,37.5,0.0,0,25,25,17,17,0.68,0.68
kitti_mini,000007,pitch,2.0,deg,0,Car,vehicle,25.0,51.8,50.2,0.0,0,191,191,63,63,0.3298,0.3298
kitti_mini,000007,pitch,2.0,deg,1,Car,vehicle,48.1,31.0,22.3,0.0,0,19,19,0,0,0.0,0.0
kitti_mini,000007,pitch,2.0,deg,2,Car,vehicle,60.7,23.2,18.2,0.0,0,5,5,0,0,0.0,0.0
kitti_mini,000007,pitch,2.0,deg,3,Cyclist,cyclist,36.4,25.0,37.5,0.0,0,25,25,5,5,0.2,0.2
kitti_mini,000007,pitch,3.0,deg,0,Car,vehicle,25.0,51.8,50.2,0.0,0,191,191,20,20,0.1047,0.1047
kitti_mini,000007,pitch,3.0,deg,1,Car,vehicle,48.1,31.0,22.3,0.0,0,19,19,0,0,0.0,0.0
kitti_mini,000007,pitch,3.0,deg,2,Car,vehicle,60.7,23.2,18.2,0.0,0,5,5,0,0,0.0,0.0
kitti_mini,000007,pitch,3.0,deg,3,Cyclist,cyclist,36.4,25.0,37.5,0.0,0,25,25,0,0,0.0,0.0
kitti_mini,000007,yaw,0.0,deg,0,Car,vehicle,25.0,51.8,50.2,0.0,0,191,191,191,191,1.0,1.0
kitti_mini,000007,yaw,0.0,deg,1,Car,vehicle,48.1,31.0,22.3,0.0,0,19,19,19,19,1.0,1.0
kitti_mini,000007,yaw,0.0,deg,2,Car,vehicle,60.7,23.2,18.2,0.0,0,5,5,5,5,1.0,1.0
kitti_mini,000007,yaw,0.0,deg,3,Cyclist,cyclist,36.4,25.0,37.5,0.0,0,25,25,25,25,1.0,1.0
kitti_mini,000007,yaw,0.5,deg,0,Car,vehicle,25.0,51.8,50.2,0.0,0,191,191,172,172,0.9005,0.9005
kitti_mini,000007,yaw,0.5,deg,1,Car,vehicle,48.1,31.0,22.3,0.0,0,19,19,13,13,0.6842,0.6842
kitti_mini,000007,yaw,0.5,deg,2,Car,vehicle,60.7,23.2,18.2,0.0,0,5,5,3,3,0.6,0.6
kitti_mini,000007,yaw,0.5,deg,3,Cyclist,cyclist,36.4,25.0,37.5,0.0,0,25,25,24,24,0.96,0.96
kitti_mini,000007,yaw,1.0,deg,0,Car,vehicle,25.0,51.8,50.2,0.0,0,191,191,150,150,0.7853,0.7853
kitti_mini,000007,yaw,1.0,deg,1,Car,vehicle,48.1,31.0,22.3,0.0,0,19,19,10,10,0.5263,0.5263
kitti_mini,000007,yaw,1.0,deg,2,Car,vehicle,60.7,23.2,18.2,0.0,0,5,5,1,1,0.2,0.2
kitti_mini,000007,yaw,1.0,deg,3,Cyclist,cyclist,36.4,25.0,37.5,0.0,0,25,25,11,11,0.44,0.44
kitti_mini,000007,yaw,2.0,deg,0,Car,vehicle,25.0,51.8,50.2,0.0,0,191,191,98,98,0.5131,0.5131
kitti_mini,000007,yaw,2.0,deg,1,Car,vehicle,48.1,31.0,22.3,0.0,0,19,19,1,1,0.0526,0.0526
kitti_mini,000007,yaw,2.0,deg,2,Car,vehicle,60.7,23.2,18.2,0.0,0,5,5,0,0,0.0,0.0
kitti_mini,000007,yaw,2.0,deg,3,Cyclist,cyclist,36.4,25.0,37.5,0.0,0,25,25,0,0,0.0,0.0
kitti_mini,000007,yaw,3.0,deg,0,Car,vehicle,25.0,51.8,50.2,0.0,0,191,191,42,42,0.2199,0.2199
kitti_mini,000007,yaw,3.0,deg,1,Car,vehicle,48.1,31.0,22.3,0.0,0,19,19,0,0,0.0,0.0
kitti_mini,000007,yaw,3.0,deg,2,Car,vehicle,60.7,23.2,18.2,0.0,0,5,5,0,0,0.0,0.0
kitti_mini,000007,yaw,3.0,deg,3,Cyclist,cyclist,36.4,25.0,37.5,0.0,0,25,25,0,0,0.0,0.0
kitti_mini,000007,tx,0.0,m,0,Car,vehicle,25.0,51.8,50.2,0.0,0,191,191,191,191,1.0,1.0
kitti_mini,000007,tx,0.0,m,1,Car,vehicle,48.1,31.0,22.3,0.0,0,19,19,19,19,1.0,1.0
kitti_mini,000007,tx,0.0,m,2,Car,vehicle,60.7,23.2,18.2,0.0,0,5,5,5,5,1.0,1.0
kitti_mini,000007,tx,0.0,m,3,Cyclist,cyclist,36.4,25.0,37.5,0.0,0,25,25,25,25,1.0,1.0
kitti_mini,000007,tx,0.02,m,0,Car,vehicle,25.0,51.8,50.2,0.0,0,191,191,191,191,1.0,1.0
kitti_mini,000007,tx,0.02,m,1,Car,vehicle,48.1,31.0,22.3,0.0,0,19,19,19,19,1.0,1.0
kitti_mini,000007,tx,0.02,m,2,Car,vehicle,60.7,23.2,18.2,0.0,0,5,5,5,5,1.0,1.0
kitti_mini,000007,tx,0.02,m,3,Cyclist,cyclist,36.4,25.0,37.5,0.0,0,25,25,25,25,1.0,1.0
kitti_mini,000007,tx,0.05,m,0,Car,vehicle,25.0,51.8,50.2,0.0,0,191,191,191,191,1.0,1.0
kitti_mini,000007,tx,0.05,m,1,Car,vehicle,48.1,31.0,22.3,0.0,0,19,19,19,19,1.0,1.0
kitti_mini,000007,tx,0.05,m,2,Car,vehicle,60.7,23.2,18.2,0.0,0,5,5,5,5,1.0,1.0
kitti_mini,000007,tx,0.05,m,3,Cyclist,cyclist,36.4,25.0,37.5,0.0,0,25,25,25,25,1.0,1.0
kitti_mini,000007,tx,0.1,m,0,Car,vehicle,25.0,51.8,50.2,0.0,0,191,191,191,191,1.0,1.0
kitti_mini,000007,tx,0.1,m,1,Car,vehicle,48.1,31.0,22.3,0.0,0,19,19,19,19,1.0,1.0
kitti_mini,000007,tx,0.1,m,2,Car,vehicle,60.7,23.2,18.2,0.0,0,5,5,5,5,1.0,1.0
kitti_mini,000007,tx,0.1,m,3,Cyclist,cyclist,36.4,25.0,37.5,0.0,0,25,25,25,25,1.0,1.0
kitti_mini,000007,tx,0.2,m,0,Car,vehicle,25.0,51.8,50.2,0.0,0,191,191,191,191,1.0,1.0
kitti_mini,000007,tx,0.2,m,1,Car,vehicle,48.1,31.0,22.3,0.0,0,19,19,19,19,1.0,1.0
kitti_mini,000007,tx,0.2,m,2,Car,vehicle,60.7,23.2,18.2,0.0,0,5,5,5,5,1.0,1.0
kitti_mini,000007,tx,0.2,m,3,Cyclist,cyclist,36.4,25.0,37.5,0.0,0,25,25,25,25,1.0,1.0
kitti_mini,000007,ty,0.0,m,0,Car,vehicle,25.0,51.8,50.2,0.0,0,191,191,191,191,1.0,1.0
kitti_mini,000007,ty,0.0,m,1,Car,vehicle,48.1,31.0,22.3,0.0,0,19,19,19,19,1.0,1.0
kitti_mini,000007,ty,0.0,m,2,Car,vehicle,60.7,23.2,18.2,0.0,0,5,5,5,5,1.0,1.0
kitti_mini,000007,ty,0.0,m,3,Cyclist,cyclist,36.4,25.0,37.5,0.0,0,25,25,25,25,1.0,1.0
kitti_mini,000007,ty,0.02,m,0,Car,vehicle,25.0,51.8,50.2,0.0,0,191,191,191,191,1.0,1.0
kitti_mini,000007,ty,0.02,m,1,Car,vehicle,48.1,31.0,22.3,0.0,0,19,19,19,19,1.0,1.0
kitti_mini,000007,ty,0.02,m,2,Car,vehicle,60.7,23.2,18.2,0.0,0,5,5,5,5,1.0,1.0
kitti_mini,000007,ty,0.02,m,3,Cyclist,cyclist,36.4,25.0,37.5,0.0,0,25,25,25,25,1.0,1.0
kitti_mini,000007,ty,0.05,m,0,Car,vehicle,25.0,51.8,50.2,0.0,0,191,191,191,191,1.0,1.0
kitti_mini,000007,ty,0.05,m,1,Car,vehicle,48.1,31.0,22.3,0.0,0,19,19,18,18,0.9474,0.9474
kitti_mini,000007,ty,0.05,m,2,Car,vehicle,60.7,23.2,18.2,0.0,0,5,5,5,5,1.0,1.0
kitti_mini,000007,ty,0.05,m,3,Cyclist,cyclist,36.4,25.0,37.5,0.0,0,25,25,25,25,1.0,1.0
kitti_mini,000007,ty,0.1,m,0,Car,vehicle,25.0,51.8,50.2,0.0,0,191,191,186,186,0.9738,0.9738
kitti_mini,000007,ty,0.1,m,1,Car,vehicle,48.1,31.0,22.3,0.0,0,19,19,18,18,0.9474,0.9474
kitti_mini,000007,ty,0.1,m,2,Car,vehicle,60.7,23.2,18.2,0.0,0,5,5,5,5,1.0,1.0
kitti_mini,000007,ty,0.1,m,3,Cyclist,cyclist,36.4,25.0,37.5,0.0,0,25,25,25,25,1.0,1.0
kitti_mini,000007,ty,0.2,m,0,Car,vehicle,25.0,51.8,50.2,0.0,0,191,191,175,175,0.9162,0.9162
kitti_mini,000007,ty,0.2,m,1,Car,vehicle,48.1,31.0,22.3,0.0,0,19,19,16,16,0.8421,0.8421
kitti_mini,000007,ty,0.2,m,2,Car,vehicle,60.7,23.2,18.2,0.0,0,5,5,4,4,0.8,0.8
kitti_mini,000007,ty,0.2,m,3,Cyclist,cyclist,36.4,25.0,37.5,0.0,0,25,25,25,25,1.0,1.0
kitti_mini,000007,tz,0.0,m,0,Car,vehicle,25.0,51.8,50.2,0.0,0,191,191,191,191,1.0,1.0
kitti_mini,000007,tz,0.0,m,1,Car,vehicle,48.1,31.0,22.3,0.0,0,19,19,19,19,1.0,1.0
kitti_mini,000007,tz,0.0,m,2,Car,vehicle,60.7,23.2,18.2,0.0,0,5,5,5,5,1.0,1.0
kitti_mini,000007,tz,0.0,m,3,Cyclist,cyclist,36.4,25.0,37.5,0.0,0,25,25,25,25,1.0,1.0
kitti_mini,000007,tz,0.02,m,0,Car,vehicle,25.0,51.8,50.2,0.0,0,191,191,191,191,1.0,1.0
kitti_mini,000007,tz,0.02,m,1,Car,vehicle,48.1,31.0,22.3,0.0,0,19,19,19,19,1.0,1.0
kitti_mini,000007,tz,0.02,m,2,Car,vehicle,60.7,23.2,18.2,0.0,0,5,5,5,5,1.0,1.0
kitti_mini,000007,tz,0.02,m,3,Cyclist,cyclist,36.4,25.0,37.5,0.0,0,25,25,25,25,1.0,1.0
kitti_mini,000007,tz,0.05,m,0,Car,vehicle,25.0,51.8,50.2,0.0,0,191,191,191,191,1.0,1.0
kitti_mini,000007,tz,0.05,m,1,Car,vehicle,48.1,31.0,22.3,0.0,0,19,19,19,19,1.0,1.0
kitti_mini,000007,tz,0.05,m,2,Car,vehicle,60.7,23.2,18.2,0.0,0,5,5,5,5,1.0,1.0
kitti_mini,000007,tz,0.05,m,3,Cyclist,cyclist,36.4,25.0,37.5,0.0,0,25,25,25,25,1.0,1.0
kitti_mini,000007,tz,0.1,m,0,Car,vehicle,25.0,51.8,50.2,0.0,0,191,191,191,191,1.0,1.0
kitti_mini,000007,tz,0.1,m,1,Car,vehicle,48.1,31.0,22.3,0.0,0,19,19,19,19,1.0,1.0
kitti_mini,000007,tz,0.1,m,2,Car,vehicle,60.7,23.2,18.2,0.0,0,5,5,5,5,1.0,1.0
kitti_mini,000007,tz,0.1,m,3,Cyclist,cyclist,36.4,25.0,37.5,0.0,0,25,25,25,25,1.0,1.0
kitti_mini,000007,tz,0.2,m,0,Car,vehicle,25.0,51.8,50.2,0.0,0,191,191,175,175,0.9162,0.9162
kitti_mini,000007,tz,0.2,m,1,Car,vehicle,48.1,31.0,22.3,0.0,0,19,19,19,19,1.0,1.0
kitti_mini,000007,tz,0.2,m,2,Car,vehicle,60.7,23.2,18.2,0.0,0,5,5,5,5,1.0,1.0
kitti_mini,000007,tz,0.2,m,3,Cyclist,cyclist,36.4,25.0,37.5,0.0,0,25,25,24,24,0.96,0.96
kitti_mini,000008,roll,0.0,deg,0,Car,vehicle,4.6,402.3,181.6,0.88,3,1424,1424,1412,1412,0.9916,0.9916
kitti_mini,000008,roll,0.0,deg,1,Car,vehicle,7.9,289.6,193.1,0.0,1,1940,1940,1940,1940,1.0,1.0
kitti_mini,000008,roll,0.0,deg,2,Car,vehicle,7.2,303.7,176.6,0.34,3,878,878,871,871,0.992,0.992
kitti_mini,000008,roll,0.0,deg,3,Car,vehicle,14.5,123.3,85.0,0.0,1,668,668,668,668,1.0,1.0
kitti_mini,000008,roll,0.0,deg,4,Car,vehicle,34.0,51.1,39.6,0.0,0,53,53,53,53,1.0,1.0
kitti_mini,000008,roll,0.0,deg,5,Car,vehicle,21.7,71.9,61.9,0.0,0,164,164,164,164,1.0,1.0
kitti_mini,000008,roll,0.5,deg,0,Car,vehicle,4.6,402.3,181.6,0.88,3,1424,1459,1423,1452,0.9993,0.9952
kitti_mini,000008,roll,0.5,deg,1,Car,vehicle,7.9,289.6,193.1,0.0,1,1940,1940,1940,1940,1.0,1.0
kitti_mini,000008,roll,0.5,deg,2,Car,vehicle,7.2,303.7,176.6,0.34,3,878,847,840,840,0.9567,0.9917
kitti_mini,000008,roll,0.5,deg,3,Car,vehicle,14.5,123.3,85.0,0.0,1,668,668,668,668,1.0,1.0
kitti_mini,000008,roll,0.5,deg,4,Car,vehicle,34.0,51.1,39.6,0.0,0,53,53,53,53,1.0,1.0
kitti_mini,000008,roll,0.5,deg,5,Car,vehicle,21.7,71.9,61.9,0.0,0,164,164,164,164,1.0,1.0
kitti_mini,000008,roll,1.0,deg,0,Car,vehicle,4.6,402.3,181.6,0.88,3,1424,1495,1420,1477,0.9972,0.988
kitti_mini,000008,roll,1.0,deg,1,Car,vehicle,7.9,289.6,193.1,0.0,1,1940,1940,1930,1930,0.9948,0.9948
kitti_mini,000008,roll,1.0,deg,2,Car,vehicle,7.2,303.7,176.6,0.34,3,878,817,807,808,0.9191,0.989
kitti_mini,000008,roll,1.0,deg,3,Car,vehicle,14.5,123.3,85.0,0.0,1,668,668,668,668,1.0,1.0
kitti_mini,000008,roll,1.0,deg,4,Car,vehicle,34.0,51.1,39.6,0.0,0,53,53,47,47,0.8868,0.8868
kitti_mini,000008,roll,1.0,deg,5,Car,vehicle,21.7,71.9,61.9,0.0,0,164,164,161,161,0.9817,0.9817
kitti_mini,000008,roll,2.0,deg,0,Car,vehicle,4.6,402.3,181.6,0.88,3,1424,1582,1336,1495,0.9382,0.945
kitti_mini,000008,roll,2.0,deg,1,Car,vehicle,7.9,289.6,193.1,0.0,1,1940,1940,1910,1910,0.9845,0.9845
kitti_mini,000008,roll,2.0,deg,2,Car,vehicle,7.2,303.7,176.6,0.34,3,878,741,729,732,0.8303,0.9879
kitti_mini,000008,roll,2.0,deg,3,Car,vehicle,14.5,123.3,85.0,0.0,1,668,668,668,668,1.0,1.0
kitti_mini,000008,roll,2.0,deg,4,Car,vehicle,34.0,51.1,39.6,0.0,0,53,53,39,39,0.7358,0.7358
kitti_mini,000008,roll,2.0,deg,5,Car,vehicle,21.7,71.9,61.9,0.0,0,164,164,146,146,0.8902,0.8902
kitti_mini,000008,roll,3.0,deg,0,Car,vehicle,4.6,402.3,181.6,0.88,3,1424,1640,1236,1442,0.868,0.8793
kitti_mini,000008,roll,3.0,deg,1,Car,vehicle,7.9,289.6,193.1,0.0,1,1940,1940,1894,1894,0.9763,0.9763
kitti_mini,000008,roll,3.0,deg,2,Car,vehicle,7.2,303.7,176.6,0.34,3,878,663,649,652,0.7392,0.9834
kitti_mini,000008,roll,3.0,deg,3,Car,vehicle,14.5,123.3,85.0,0.0,1,668,668,668,668,1.0,1.0
kitti_mini,000008,roll,3.0,deg,4,Car,vehicle,34.0,51.1,39.6,0.0,0,53,53,34,34,0.6415,0.6415
kitti_mini,000008,roll,3.0,deg,5,Car,vehicle,21.7,71.9,61.9,0.0,0,164,164,122,122,0.7439,0.7439
kitti_mini,000008,pitch,0.0,deg,0,Car,vehicle,4.6,402.3,181.6,0.88,3,1424,1424,1412,1412,0.9916,0.9916
kitti_mini,000008,pitch,0.0,deg,1,Car,vehicle,7.9,289.6,193.1,0.0,1,1940,1940,1940,1940,1.0,1.0
kitti_mini,000008,pitch,0.0,deg,2,Car,vehicle,7.2,303.7,176.6,0.34,3,878,878,871,871,0.992,0.992
kitti_mini,000008,pitch,0.0,deg,3,Car,vehicle,14.5,123.3,85.0,0.0,1,668,668,668,668,1.0,1.0
kitti_mini,000008,pitch,0.0,deg,4,Car,vehicle,34.0,51.1,39.6,0.0,0,53,53,53,53,1.0,1.0
kitti_mini,000008,pitch,0.0,deg,5,Car,vehicle,21.7,71.9,61.9,0.0,0,164,164,164,164,1.0,1.0
kitti_mini,000008,pitch,0.5,deg,0,Car,vehicle,4.6,402.3,181.6,0.88,3,1424,1343,1328,1328,0.9326,0.9888
kitti_mini,000008,pitch,0.5,deg,1,Car,vehicle,7.9,289.6,193.1,0.0,1,1940,1933,1919,1919,0.9892,0.9928
kitti_mini,000008,pitch,0.5,deg,2,Car,vehicle,7.2,303.7,176.6,0.34,3,878,823,815,815,0.9282,0.9903
kitti_mini,000008,pitch,0.5,deg,3,Car,vehicle,14.5,123.3,85.0,0.0,1,668,668,650,650,0.9731,0.9731
kitti_mini,000008,pitch,0.5,deg,4,Car,vehicle,34.0,51.1,39.6,0.0,0,53,53,39,39,0.7358,0.7358
kitti_mini,000008,pitch,0.5,deg,5,Car,vehicle,21.7,71.9,61.9,0.0,0,164,164,158,158,0.9634,0.9634
kitti_mini,000008,pitch,1.0,deg,0,Car,vehicle,4.6,402.3,181.6,0.88,3,1424,1236,1225,1225,0.8603,0.9911
kitti_mini,000008,pitch,1.0,deg,1,Car,vehicle,7.9,289.6,193.1,0.0,1,1940,1903,1880,1880,0.9691,0.9879
kitti_mini,000008,pitch,1.0,deg,2,Car,vehicle,7.2,303.7,176.6,0.34,3,878,762,754,754,0.8588,0.9895
kitti_mini,000008,pitch,1.0,deg,3,Car,vehicle,14.5,123.3,85.0,0.0,1,668,668,617,617,0.9237,0.9237
kitti_mini,000008,pitch,1.0,deg,4,Car,vehicle,34.0,51.1,39.6,0.0,0,53,53,23,23,0.434,0.434
kitti_mini,000008,pitch,1.0,deg,5,Car,vehicle,21.7,71.9,61.9,0.0,0,164,164,142,142,0.8659,0.8659
kitti_mini,000008,pitch,2.0,deg,0,Car,vehicle,4.6,402.3,181.6,0.88,3,1424,1013,992,992,0.6966,0.9793
kitti_mini,000008,pitch,2.0,deg,1,Car,vehicle,7.9,289.6,193.1,0.0,1,1940,1798,1775,1775,0.9149,0.9872
kitti_mini,000008,pitch,2.0,deg,2,Car,vehicle,7.2,303.7,176.6,0.34,3,878,629,620,620,0.7062,0.9857
kitti_mini,000008,pitch,2.0,deg,3,Car,vehicle,14.5,123.3,85.0,0.0,1,668,668,496,496,0.7425,0.7425
kitti_mini,000008,pitch,2.0,deg,4,Car,vehicle,34.0,51.1,39.6,0.0,0,53,53,2,2,0.0377,0.0377
kitti_mini,000008,pitch,2.0,deg,5,Car,vehicle,21.7,71.9,61.9,0.0,0,164,164,94,94,0.5732,0.5732
kitti_mini,000008,pitch,3.0,deg,0,Car,vehicle,4.6,402.3,181.6,0.88,3,1424,818,800,800,0.5618,0.978
kitti_mini,000008,pitch,3.0,deg,1,Car,vehicle,7.9,289.6,193.1,0.0,1,1940,1660,1636,1636,0.8433,0.9855
kitti_mini,000008,pitch,3.0,deg,2,Car,vehicle,7.2,303.7,176.6,0.34,3,878,520,517,517,0.5888,0.9942
kitti_mini,000008,pitch,3.0,deg,3,Car,vehicle,14.5,123.3,85.0,0.0,1,668,668,357,357,0.5344,0.5344
kitti_mini,000008,pitch,3.0,deg,4,Car,vehicle,34.0,51.1,39.6,0.0,0,53,53,0,0,0.0,0.0
kitti_mini,000008,pitch,3.0,deg,5,Car,vehicle,21.7,71.9,61.9,0.0,0,164,164,38,38,0.2317,0.2317
kitti_mini,000008,yaw,0.0,deg,0,Car,vehicle,4.6,402.3,181.6,0.88,3,1424,1424,1412,1412,0.9916,0.9916
kitti_mini,000008,yaw,0.0,deg,1,Car,vehicle,7.9,289.6,193.1,0.0,1,1940,1940,1940,1940,1.0,1.0
kitti_mini,000008,yaw,0.0,deg,2,Car,vehicle,7.2,303.7,176.6,0.34,3,878,878,871,871,0.992,0.992
kitti_mini,000008,yaw,0.0,deg,3,Car,vehicle,14.5,123.3,85.0,0.0,1,668,668,668,668,1.0,1.0
kitti_mini,000008,yaw,0.0,deg,4,Car,vehicle,34.0,51.1,39.6,0.0,0,53,53,53,53,1.0,1.0
kitti_mini,000008,yaw,0.0,deg,5,Car,vehicle,21.7,71.9,61.9,0.0,0,164,164,164,164,1.0,1.0
kitti_mini,000008,yaw,0.5,deg,0,Car,vehicle,4.6,402.3,181.6,0.88,3,1424,1381,1371,1371,0.9628,0.9928
kitti_mini,000008,yaw,0.5,deg,1,Car,vehicle,7.9,289.6,193.1,0.0,1,1940,1940,1940,1940,1.0,1.0
kitti_mini,000008,yaw,0.5,deg,2,Car,vehicle,7.2,303.7,176.6,0.34,3,878,898,878,893,1.0,0.9944
kitti_mini,000008,yaw,0.5,deg,3,Car,vehicle,14.5,123.3,85.0,0.0,1,668,668,668,668,1.0,1.0
kitti_mini,000008,yaw,0.5,deg,4,Car,vehicle,34.0,51.1,39.6,0.0,0,53,53,48,48,0.9057,0.9057
kitti_mini,000008,yaw,0.5,deg,5,Car,vehicle,21.7,71.9,61.9,0.0,0,164,164,162,162,0.9878,0.9878
kitti_mini,000008,yaw,1.0,deg,0,Car,vehicle,4.6,402.3,181.6,0.88,3,1424,1338,1325,1325,0.9305,0.9903
kitti_mini,000008,yaw,1.0,deg,1,Car,vehicle,7.9,289.6,193.1,0.0,1,1940,1940,1940,1940,1.0,1.0
kitti_mini,000008,yaw,1.0,deg,2,Car,vehicle,7.2,303.7,176.6,0.34,3,878,908,876,899,0.9977,0.9901
kitti_mini,000008,yaw,1.0,deg,3,Car,vehicle,14.5,123.3,85.0,0.0,1,668,668,655,655,0.9805,0.9805
kitti_mini,000008,yaw,1.0,deg,4,Car,vehicle,34.0,51.1,39.6,0.0,0,53,53,40,40,0.7547,0.7547
kitti_mini,000008,yaw,1.0,deg,5,Car,vehicle,21.7,71.9,61.9,0.0,0,164,164,142,142,0.8659,0.8659
kitti_mini,000008,yaw,2.0,deg,0,Car,vehicle,4.6,402.3,181.6,0.88,3,1424,1260,1244,1244,0.8736,0.9873
kitti_mini,000008,yaw,2.0,deg,1,Car,vehicle,7.9,289.6,193.1,0.0,1,1940,1940,1928,1928,0.9938,0.9938
kitti_mini,000008,yaw,2.0,deg,2,Car,vehicle,7.2,303.7,176.6,0.34,3,878,923,844,883,0.9613,0.9567
kitti_mini,000008,yaw,2.0,deg,3,Car,vehicle,14.5,123.3,85.0,0.0,1,668,668,577,577,0.8638,0.8638
kitti_mini,000008,yaw,2.0,deg,4,Car,vehicle,34.0,51.1,39.6,0.0,0,53,53,17,17,0.3208,0.3208
kitti_mini,000008,yaw,2.0,deg,5,Car,vehicle,21.7,71.9,61.9,0.0,0,164,164,99,99,0.6037,0.6037
kitti_mini,000008,yaw,3.0,deg,0,Car,vehicle,4.6,402.3,181.6,0.88,3,1424,1180,1173,1173,0.8237,0.9941
kitti_mini,000008,yaw,3.0,deg,1,Car,vehicle,7.9,289.6,193.1,0.0,1,1940,1940,1894,1894,0.9763,0.9763
kitti_mini,000008,yaw,3.0,deg,2,Car,vehicle,7.2,303.7,176.6,0.34,3,878,938,824,878,0.9385,0.936
kitti_mini,000008,yaw,3.0,deg,3,Car,vehicle,14.5,123.3,85.0,0.0,1,668,668,487,487,0.729,0.729
kitti_mini,000008,yaw,3.0,deg,4,Car,vehicle,34.0,51.1,39.6,0.0,0,53,53,3,3,0.0566,0.0566
kitti_mini,000008,yaw,3.0,deg,5,Car,vehicle,21.7,71.9,61.9,0.0,0,164,164,62,62,0.378,0.378
kitti_mini,000008,tx,0.0,m,0,Car,vehicle,4.6,402.3,181.6,0.88,3,1424,1424,1412,1412,0.9916,0.9916
kitti_mini,000008,tx,0.0,m,1,Car,vehicle,7.9,289.6,193.1,0.0,1,1940,1940,1940,1940,1.0,1.0
kitti_mini,000008,tx,0.0,m,2,Car,vehicle,7.2,303.7,176.6,0.34,3,878,878,871,871,0.992,0.992
kitti_mini,000008,tx,0.0,m,3,Car,vehicle,14.5,123.3,85.0,0.0,1,668,668,668,668,1.0,1.0
kitti_mini,000008,tx,0.0,m,4,Car,vehicle,34.0,51.1,39.6,0.0,0,53,53,53,53,1.0,1.0
kitti_mini,000008,tx,0.0,m,5,Car,vehicle,21.7,71.9,61.9,0.0,0,164,164,164,164,1.0,1.0
kitti_mini,000008,tx,0.02,m,0,Car,vehicle,4.6,402.3,181.6,0.88,3,1424,1450,1423,1436,0.9993,0.9903
kitti_mini,000008,tx,0.02,m,1,Car,vehicle,7.9,289.6,193.1,0.0,1,1940,1940,1940,1940,1.0,1.0
kitti_mini,000008,tx,0.02,m,2,Car,vehicle,7.2,303.7,176.6,0.34,3,878,886,878,881,1.0,0.9944
kitti_mini,000008,tx,0.02,m,3,Car,vehicle,14.5,123.3,85.0,0.0,1,668,668,668,668,1.0,1.0
kitti_mini,000008,tx,0.02,m,4,Car,vehicle,34.0,51.1,39.6,0.0,0,53,53,53,53,1.0,1.0
kitti_mini,000008,tx,0.02,m,5,Car,vehicle,21.7,71.9,61.9,0.0,0,164,164,164,164,1.0,1.0
kitti_mini,000008,tx,0.05,m,0,Car,vehicle,4.6,402.3,181.6,0.88,3,1424,1486,1424,1477,1.0,0.9939
kitti_mini,000008,tx,0.05,m,1,Car,vehicle,7.9,289.6,193.1,0.0,1,1940,1940,1940,1940,1.0,1.0
kitti_mini,000008,tx,0.05,m,2,Car,vehicle,7.2,303.7,176.6,0.34,3,878,901,878,892,1.0,0.99
kitti_mini,000008,tx,0.05,m,3,Car,vehicle,14.5,123.3,85.0,0.0,1,668,668,668,668,1.0,1.0
kitti_mini,000008,tx,0.05,m,4,Car,vehicle,34.0,51.1,39.6,0.0,0,53,53,53,53,1.0,1.0
kitti_mini,000008,tx,0.05,m,5,Car,vehicle,21.7,71.9,61.9,0.0,0,164,164,164,164,1.0,1.0
kitti_mini,000008,tx,0.1,m,0,Car,vehicle,4.6,402.3,181.6,0.88,3,1424,1541,1424,1529,1.0,0.9922
kitti_mini,000008,tx,0.1,m,1,Car,vehicle,7.9,289.6,193.1,0.0,1,1940,1940,1940,1940,1.0,1.0
kitti_mini,000008,tx,0.1,m,2,Car,vehicle,7.2,303.7,176.6,0.34,3,878,920,878,911,1.0,0.9902
kitti_mini,000008,tx,0.1,m,3,Car,vehicle,14.5,123.3,85.0,0.0,1,668,668,668,668,1.0,1.0
kitti_mini,000008,tx,0.1,m,4,Car,vehicle,34.0,51.1,39.6,0.0,0,53,53,53,53,1.0,1.0
kitti_mini,000008,tx,0.1,m,5,Car,vehicle,21.7,71.9,61.9,0.0,0,164,164,164,164,1.0,1.0
kitti_mini,000008,tx,0.2,m,0,Car,vehicle,4.6,402.3,181.6,0.88,3,1424,1696,1424,1679,1.0,0.99
kitti_mini,000008,tx,0.2,m,1,Car,vehicle,7.9,289.6,193.1,0.0,1,1940,1940,1940,1940,1.0,1.0
kitti_mini,000008,tx,0.2,m,2,Car,vehicle,7.2,303.7,176.6,0.34,3,878,951,878,941,1.0,0.9895
kitti_mini,000008,tx,0.2,m,3,Car,vehicle,14.5,123.3,85.0,0.0,1,668,668,668,668,1.0,1.0
kitti_mini,000008,tx,0.2,m,4,Car,vehicle,34.0,51.1,39.6,0.0,0,53,53,53,53,1.0,1.0
kitti_mini,000008,tx,0.2,m,5,Car,vehicle,21.7,71.9,61.9,0.0,0,164,164,164,164,1.0,1.0
kitti_mini,000008,ty,0.0,m,0,Car,vehicle,4.6,402.3,181.6,0.88,3,1424,1424,1412,1412,0.9916,0.9916
kitti_mini,000008,ty,0.0,m,1,Car,vehicle,7.9,289.6,193.1,0.0,1,1940,1940,1940,1940,1.0,1.0
kitti_mini,000008,ty,0.0,m,2,Car,vehicle,7.2,303.7,176.6,0.34,3,878,878,871,871,0.992,0.992
kitti_mini,000008,ty,0.0,m,3,Car,vehicle,14.5,123.3,85.0,0.0,1,668,668,668,668,1.0,1.0
kitti_mini,000008,ty,0.0,m,4,Car,vehicle,34.0,51.1,39.6,0.0,0,53,53,53,53,1.0,1.0
kitti_mini,000008,ty,0.0,m,5,Car,vehicle,21.7,71.9,61.9,0.0,0,164,164,164,164,1.0,1.0
kitti_mini,000008,ty,0.02,m,0,Car,vehicle,4.6,402.3,181.6,0.88,3,1424,1412,1400,1400,0.9831,0.9915
kitti_mini,000008,ty,0.02,m,1,Car,vehicle,7.9,289.6,193.1,0.0,1,1940,1940,1940,1940,1.0,1.0
kitti_mini,000008,ty,0.02,m,2,Car,vehicle,7.2,303.7,176.6,0.34,3,878,882,874,877,0.9954,0.9943
kitti_mini,000008,ty,0.02,m,3,Car,vehicle,14.5,123.3,85.0,0.0,1,668,668,668,668,1.0,1.0
kitti_mini,000008,ty,0.02,m,4,Car,vehicle,34.0,51.1,39.6,0.0,0,53,53,53,53,1.0,1.0
kitti_mini,000008,ty,0.02,m,5,Car,vehicle,21.7,71.9,61.9,0.0,0,164,164,164,164,1.0,1.0
kitti_mini,000008,ty,0.05,m,0,Car,vehicle,4.6,402.3,181.6,0.88,3,1424,1393,1381,1381,0.9698,0.9914
kitti_mini,000008,ty,0.05,m,1,Car,vehicle,7.9,289.6,193.1,0.0,1,1940,1940,1940,1940,1.0,1.0
kitti_mini,000008,ty,0.05,m,2,Car,vehicle,7.2,303.7,176.6,0.34,3,878,888,874,884,0.9954,0.9955
kitti_mini,000008,ty,0.05,m,3,Car,vehicle,14.5,123.3,85.0,0.0,1,668,668,668,668,1.0,1.0
kitti_mini,000008,ty,0.05,m,4,Car,vehicle,34.0,51.1,39.6,0.0,0,53,53,53,53,1.0,1.0
kitti_mini,000008,ty,0.05,m,5,Car,vehicle,21.7,71.9,61.9,0.0,0,164,164,164,164,1.0,1.0
kitti_mini,000008,ty,0.1,m,0,Car,vehicle,4.6,402.3,181.6,0.88,3,1424,1352,1342,1342,0.9424,0.9926
kitti_mini,000008,ty,0.1,m,1,Car,vehicle,7.9,289.6,193.1,0.0,1,1940,1940,1940,1940,1.0,1.0
kitti_mini,000008,ty,0.1,m,2,Car,vehicle,7.2,303.7,176.6,0.34,3,878,893,874,889,0.9954,0.9955
kitti_mini,000008,ty,0.1,m,3,Car,vehicle,14.5,123.3,85.0,0.0,1,668,668,668,668,1.0,1.0
kitti_mini,000008,ty,0.1,m,4,Car,vehicle,34.0,51.1,39.6,0.0,0,53,53,53,53,1.0,1.0
kitti_mini,000008,ty,0.1,m,5,Car,vehicle,21.7,71.9,61.9,0.0,0,164,164,164,164,1.0,1.0
kitti_mini,000008,ty,0.2,m,0,Car,vehicle,4.6,402.3,181.6,0.88,3,1424,1283,1274,1274,0.8947,0.993
kitti_mini,000008,ty,0.2,m,1,Car,vehicle,7.9,289.6,193.1,0.0,1,1940,1940,1939,1939,0.9995,0.9995
kitti_mini,000008,ty,0.2,m,2,Car,vehicle,7.2,303.7,176.6,0.34,3,878,892,863,878,0.9829,0.9843
kitti_mini,000008,ty,0.2,m,3,Car,vehicle,14.5,123.3,85.0,0.0,1,668,668,663,663,0.9925,0.9925
kitti_mini,000008,ty,0.2,m,4,Car,vehicle,34.0,51.1,39.6,0.0,0,53,53,51,51,0.9623,0.9623
kitti_mini,000008,ty,0.2,m,5,Car,vehicle,21.7,71.9,61.9,0.0,0,164,164,163,163,0.9939,0.9939
kitti_mini,000008,tz,0.0,m,0,Car,vehicle,4.6,402.3,181.6,0.88,3,1424,1424,1412,1412,0.9916,0.9916
kitti_mini,000008,tz,0.0,m,1,Car,vehicle,7.9,289.6,193.1,0.0,1,1940,1940,1940,1940,1.0,1.0
kitti_mini,000008,tz,0.0,m,2,Car,vehicle,7.2,303.7,176.6,0.34,3,878,878,871,871,0.992,0.992
kitti_mini,000008,tz,0.0,m,3,Car,vehicle,14.5,123.3,85.0,0.0,1,668,668,668,668,1.0,1.0
kitti_mini,000008,tz,0.0,m,4,Car,vehicle,34.0,51.1,39.6,0.0,0,53,53,53,53,1.0,1.0
kitti_mini,000008,tz,0.0,m,5,Car,vehicle,21.7,71.9,61.9,0.0,0,164,164,164,164,1.0,1.0
kitti_mini,000008,tz,0.02,m,0,Car,vehicle,4.6,402.3,181.6,0.88,3,1424,1463,1424,1458,1.0,0.9966
kitti_mini,000008,tz,0.02,m,1,Car,vehicle,7.9,289.6,193.1,0.0,1,1940,1940,1940,1940,1.0,1.0
kitti_mini,000008,tz,0.02,m,2,Car,vehicle,7.2,303.7,176.6,0.34,3,878,898,875,889,0.9966,0.99
kitti_mini,000008,tz,0.02,m,3,Car,vehicle,14.5,123.3,85.0,0.0,1,668,668,668,668,1.0,1.0
kitti_mini,000008,tz,0.02,m,4,Car,vehicle,34.0,51.1,39.6,0.0,0,53,53,53,53,1.0,1.0
kitti_mini,000008,tz,0.02,m,5,Car,vehicle,21.7,71.9,61.9,0.0,0,164,164,164,164,1.0,1.0
kitti_mini,000008,tz,0.05,m,0,Car,vehicle,4.6,402.3,181.6,0.88,3,1424,1547,1424,1534,1.0,0.9916
kitti_mini,000008,tz,0.05,m,1,Car,vehicle,7.9,289.6,193.1,0.0,1,1940,1940,1907,1907,0.983,0.983
kitti_mini,000008,tz,0.05,m,2,Car,vehicle,7.2,303.7,176.6,0.34,3,878,926,875,916,0.9966,0.9892
kitti_mini,000008,tz,0.05,m,3,Car,vehicle,14.5,123.3,85.0,0.0,1,668,668,668,668,1.0,1.0
kitti_mini,000008,tz,0.05,m,4,Car,vehicle,34.0,51.1,39.6,0.0,0,53,53,53,53,1.0,1.0
kitti_mini,000008,tz,0.05,m,5,Car,vehicle,21.7,71.9,61.9,0.0,0,164,164,164,164,1.0,1.0
kitti_mini,000008,tz,0.1,m,0,Car,vehicle,4.6,402.3,181.6,0.88,3,1424,1650,1286,1501,0.9031,0.9097
kitti_mini,000008,tz,0.1,m,1,Car,vehicle,7.9,289.6,193.1,0.0,1,1940,1940,1853,1853,0.9552,0.9552
kitti_mini,000008,tz,0.1,m,2,Car,vehicle,7.2,303.7,176.6,0.34,3,878,963,875,955,0.9966,0.9917
kitti_mini,000008,tz,0.1,m,3,Car,vehicle,14.5,123.3,85.0,0.0,1,668,668,649,649,0.9716,0.9716
kitti_mini,000008,tz,0.1,m,4,Car,vehicle,34.0,51.1,39.6,0.0,0,53,53,52,52,0.9811,0.9811
kitti_mini,000008,tz,0.1,m,5,Car,vehicle,21.7,71.9,61.9,0.0,0,164,164,164,164,1.0,1.0
kitti_mini,000008,tz,0.2,m,0,Car,vehicle,4.6,402.3,181.6,0.88,3,1424,1839,1103,1500,0.7746,0.8157
kitti_mini,000008,tz,0.2,m,1,Car,vehicle,7.9,289.6,193.1,0.0,1,1940,1940,1803,1803,0.9294,0.9294
kitti_mini,000008,tz,0.2,m,2,Car,vehicle,7.2,303.7,176.6,0.34,3,878,1006,822,949,0.9362,0.9433
kitti_mini,000008,tz,0.2,m,3,Car,vehicle,14.5,123.3,85.0,0.0,1,668,668,616,616,0.9222,0.9222
kitti_mini,000008,tz,0.2,m,4,Car,vehicle,34.0,51.1,39.6,0.0,0,53,53,52,52,0.9811,0.9811
kitti_mini,000008,tz,0.2,m,5,Car,vehicle,21.7,71.9,61.9,0.0,0,164,164,155,155,0.9451,0.9451
kitti_mini,000009,roll,0.0,deg,0,Car,vehicle,23.9,57.2,52.5,0.0,0,219,219,219,219,1.0,1.0
kitti_mini,000009,roll,0.0,deg,1,Car,vehicle,66.4,24.5,16.2,0.0,2,4,4,4,4,1.0,1.0
kitti_mini,000009,roll,0.0,deg,2,Car,vehicle,68.3,23.5,15.4,0.0,0,1,1,1,1,1.0,1.0
kitti_mini,000009,roll,0.5,deg,0,Car,vehicle,23.9,57.2,52.5,0.0,0,219,219,219,219,1.0,1.0
kitti_mini,000009,roll,0.5,deg,1,Car,vehicle,66.4,24.5,16.2,0.0,2,4,4,4,4,1.0,1.0
kitti_mini,000009,roll,0.5,deg,2,Car,vehicle,68.3,23.5,15.4,0.0,0,1,1,1,1,1.0,1.0
kitti_mini,000009,roll,1.0,deg,0,Car,vehicle,23.9,57.2,52.5,0.0,0,219,219,219,219,1.0,1.0
kitti_mini,000009,roll,1.0,deg,1,Car,vehicle,66.4,24.5,16.2,0.0,2,4,4,4,4,1.0,1.0
kitti_mini,000009,roll,1.0,deg,2,Car,vehicle,68.3,23.5,15.4,0.0,0,1,1,1,1,1.0,1.0
kitti_mini,000009,roll,2.0,deg,0,Car,vehicle,23.9,57.2,52.5,0.0,0,219,219,219,219,1.0,1.0
kitti_mini,000009,roll,2.0,deg,1,Car,vehicle,66.4,24.5,16.2,0.0,2,4,4,4,4,1.0,1.0
kitti_mini,000009,roll,2.0,deg,2,Car,vehicle,68.3,23.5,15.4,0.0,0,1,1,1,1,1.0,1.0
kitti_mini,000009,roll,3.0,deg,0,Car,vehicle,23.9,57.2,52.5,0.0,0,219,219,219,219,1.0,1.0
kitti_mini,000009,roll,3.0,deg,1,Car,vehicle,66.4,24.5,16.2,0.0,2,4,4,4,4,1.0,1.0
kitti_mini,000009,roll,3.0,deg,2,Car,vehicle,68.3,23.5,15.4,0.0,0,1,1,1,1,1.0,1.0
kitti_mini,000009,pitch,0.0,deg,0,Car,vehicle,23.9,57.2,52.5,0.0,0,219,219,219,219,1.0,1.0
kitti_mini,000009,pitch,0.0,deg,1,Car,vehicle,66.4,24.5,16.2,0.0,2,4,4,4,4,1.0,1.0
kitti_mini,000009,pitch,0.0,deg,2,Car,vehicle,68.3,23.5,15.4,0.0,0,1,1,1,1,1.0,1.0
kitti_mini,000009,pitch,0.5,deg,0,Car,vehicle,23.9,57.2,52.5,0.0,0,219,219,194,194,0.8858,0.8858
kitti_mini,000009,pitch,0.5,deg,1,Car,vehicle,66.4,24.5,16.2,0.0,2,4,4,1,1,0.25,0.25
kitti_mini,000009,pitch,0.5,deg,2,Car,vehicle,68.3,23.5,15.4,0.0,0,1,1,0,0,0.0,0.0
kitti_mini,000009,pitch,1.0,deg,0,Car,vehicle,23.9,57.2,52.5,0.0,0,219,219,163,163,0.7443,0.7443
kitti_mini,000009,pitch,1.0,deg,1,Car,vehicle,66.4,24.5,16.2,0.0,2,4,4,0,0,0.0,0.0
kitti_mini,000009,pitch,1.0,deg,2,Car,vehicle,68.3,23.5,15.4,0.0,0,1,1,0,0,0.0,0.0
kitti_mini,000009,pitch,2.0,deg,0,Car,vehicle,23.9,57.2,52.5,0.0,0,219,219,91,91,0.4155,0.4155
kitti_mini,000009,pitch,2.0,deg,1,Car,vehicle,66.4,24.5,16.2,0.0,2,4,4,0,0,0.0,0.0
kitti_mini,000009,pitch,2.0,deg,2,Car,vehicle,68.3,23.5,15.4,0.0,0,1,1,0,0,0.0,0.0
kitti_mini,000009,pitch,3.0,deg,0,Car,vehicle,23.9,57.2,52.5,0.0,0,219,219,27,27,0.1233,0.1233
kitti_mini,000009,pitch,3.0,deg,1,Car,vehicle,66.4,24.5,16.2,0.0,2,4,4,0,0,0.0,0.0
kitti_mini,000009,pitch,3.0,deg,2,Car,vehicle,68.3,23.5,15.4,0.0,0,1,1,0,0,0.0,0.0
kitti_mini,000009,yaw,0.0,deg,0,Car,vehicle,23.9,57.2,52.5,0.0,0,219,219,219,219,1.0,1.0
kitti_mini,000009,yaw,0.0,deg,1,Car,vehicle,66.4,24.5,16.2,0.0,2,4,4,4,4,1.0,1.0
kitti_mini,000009,yaw,0.0,deg,2,Car,vehicle,68.3,23.5,15.4,0.0,0,1,1,1,1,1.0,1.0
kitti_mini,000009,yaw,0.5,deg,0,Car,vehicle,23.9,57.2,52.5,0.0,0,219,219,203,203,0.9269,0.9269
kitti_mini,000009,yaw,0.5,deg,1,Car,vehicle,66.4,24.5,16.2,0.0,2,4,4,3,3,0.75,0.75
kitti_mini,000009,yaw,0.5,deg,2,Car,vehicle,68.3,23.5,15.4,0.0,0,1,1,1,1,1.0,1.0
kitti_mini,000009,yaw,1.0,deg,0,Car,vehicle,23.9,57.2,52.5,0.0,0,219,219,180,180,0.8219,0.8219
kitti_mini,000009,yaw,1.0,deg,1,Car,vehicle,66.4,24.5,16.2,0.0,2,4,4,1,1,0.25,0.25
kitti_mini,000009,yaw,1.0,deg,2,Car,vehicle,68.3,23.5,15.4,0.0,0,1,1,0,0,0.0,0.0
kitti_mini,000009,yaw,2.0,deg,0,Car,vehicle,23.9,57.2,52.5,0.0,0,219,219,120,120,0.5479,0.5479
kitti_mini,000009,yaw,2.0,deg,1,Car,vehicle,66.4,24.5,16.2,0.0,2,4,4,0,0,0.0,0.0
kitti_mini,000009,yaw,2.0,deg,2,Car,vehicle,68.3,23.5,15.4,0.0,0,1,1,0,0,0.0,0.0
kitti_mini,000009,yaw,3.0,deg,0,Car,vehicle,23.9,57.2,52.5,0.0,0,219,219,66,66,0.3014,0.3014
kitti_mini,000009,yaw,3.0,deg,1,Car,vehicle,66.4,24.5,16.2,0.0,2,4,4,0,0,0.0,0.0
kitti_mini,000009,yaw,3.0,deg,2,Car,vehicle,68.3,23.5,15.4,0.0,0,1,1,0,0,0.0,0.0
kitti_mini,000009,tx,0.0,m,0,Car,vehicle,23.9,57.2,52.5,0.0,0,219,219,219,219,1.0,1.0
kitti_mini,000009,tx,0.0,m,1,Car,vehicle,66.4,24.5,16.2,0.0,2,4,4,4,4,1.0,1.0
kitti_mini,000009,tx,0.0,m,2,Car,vehicle,68.3,23.5,15.4,0.0,0,1,1,1,1,1.0,1.0
kitti_mini,000009,tx,0.02,m,0,Car,vehicle,23.9,57.2,52.5,0.0,0,219,219,219,219,1.0,1.0
kitti_mini,000009,tx,0.02,m,1,Car,vehicle,66.4,24.5,16.2,0.0,2,4,4,4,4,1.0,1.0
kitti_mini,000009,tx,0.02,m,2,Car,vehicle,68.3,23.5,15.4,0.0,0,1,1,1,1,1.0,1.0
kitti_mini,000009,tx,0.05,m,0,Car,vehicle,23.9,57.2,52.5,0.0,0,219,219,219,219,1.0,1.0
kitti_mini,000009,tx,0.05,m,1,Car,vehicle,66.4,24.5,16.2,0.0,2,4,4,4,4,1.0,1.0
kitti_mini,000009,tx,0.05,m,2,Car,vehicle,68.3,23.5,15.4,0.0,0,1,1,1,1,1.0,1.0
kitti_mini,000009,tx,0.1,m,0,Car,vehicle,23.9,57.2,52.5,0.0,0,219,219,219,219,1.0,1.0
kitti_mini,000009,tx,0.1,m,1,Car,vehicle,66.4,24.5,16.2,0.0,2,4,4,4,4,1.0,1.0
kitti_mini,000009,tx,0.1,m,2,Car,vehicle,68.3,23.5,15.4,0.0,0,1,1,1,1,1.0,1.0
kitti_mini,000009,tx,0.2,m,0,Car,vehicle,23.9,57.2,52.5,0.0,0,219,219,219,219,1.0,1.0
kitti_mini,000009,tx,0.2,m,1,Car,vehicle,66.4,24.5,16.2,0.0,2,4,4,4,4,1.0,1.0
kitti_mini,000009,tx,0.2,m,2,Car,vehicle,68.3,23.5,15.4,0.0,0,1,1,1,1,1.0,1.0
kitti_mini,000009,ty,0.0,m,0,Car,vehicle,23.9,57.2,52.5,0.0,0,219,219,219,219,1.0,1.0
kitti_mini,000009,ty,0.0,m,1,Car,vehicle,66.4,24.5,16.2,0.0,2,4,4,4,4,1.0,1.0
kitti_mini,000009,ty,0.0,m,2,Car,vehicle,68.3,23.5,15.4,0.0,0,1,1,1,1,1.0,1.0
kitti_mini,000009,ty,0.02,m,0,Car,vehicle,23.9,57.2,52.5,0.0,0,219,219,219,219,1.0,1.0
kitti_mini,000009,ty,0.02,m,1,Car,vehicle,66.4,24.5,16.2,0.0,2,4,4,4,4,1.0,1.0
kitti_mini,000009,ty,0.02,m,2,Car,vehicle,68.3,23.5,15.4,0.0,0,1,1,1,1,1.0,1.0
kitti_mini,000009,ty,0.05,m,0,Car,vehicle,23.9,57.2,52.5,0.0,0,219,219,219,219,1.0,1.0
kitti_mini,000009,ty,0.05,m,1,Car,vehicle,66.4,24.5,16.2,0.0,2,4,4,4,4,1.0,1.0
kitti_mini,000009,ty,0.05,m,2,Car,vehicle,68.3,23.5,15.4,0.0,0,1,1,1,1,1.0,1.0
kitti_mini,000009,ty,0.1,m,0,Car,vehicle,23.9,57.2,52.5,0.0,0,219,219,217,217,0.9909,0.9909
kitti_mini,000009,ty,0.1,m,1,Car,vehicle,66.4,24.5,16.2,0.0,2,4,4,4,4,1.0,1.0
kitti_mini,000009,ty,0.1,m,2,Car,vehicle,68.3,23.5,15.4,0.0,0,1,1,1,1,1.0,1.0
kitti_mini,000009,ty,0.2,m,0,Car,vehicle,23.9,57.2,52.5,0.0,0,219,219,203,203,0.9269,0.9269
kitti_mini,000009,ty,0.2,m,1,Car,vehicle,66.4,24.5,16.2,0.0,2,4,4,4,4,1.0,1.0
kitti_mini,000009,ty,0.2,m,2,Car,vehicle,68.3,23.5,15.4,0.0,0,1,1,1,1,1.0,1.0
kitti_mini,000009,tz,0.0,m,0,Car,vehicle,23.9,57.2,52.5,0.0,0,219,219,219,219,1.0,1.0
kitti_mini,000009,tz,0.0,m,1,Car,vehicle,66.4,24.5,16.2,0.0,2,4,4,4,4,1.0,1.0
kitti_mini,000009,tz,0.0,m,2,Car,vehicle,68.3,23.5,15.4,0.0,0,1,1,1,1,1.0,1.0
kitti_mini,000009,tz,0.02,m,0,Car,vehicle,23.9,57.2,52.5,0.0,0,219,219,219,219,1.0,1.0
kitti_mini,000009,tz,0.02,m,1,Car,vehicle,66.4,24.5,16.2,0.0,2,4,4,4,4,1.0,1.0
kitti_mini,000009,tz,0.02,m,2,Car,vehicle,68.3,23.5,15.4,0.0,0,1,1,1,1,1.0,1.0
kitti_mini,000009,tz,0.05,m,0,Car,vehicle,23.9,57.2,52.5,0.0,0,219,219,219,219,1.0,1.0
kitti_mini,000009,tz,0.05,m,1,Car,vehicle,66.4,24.5,16.2,0.0,2,4,4,4,4,1.0,1.0
kitti_mini,000009,tz,0.05,m,2,Car,vehicle,68.3,23.5,15.4,0.0,0,1,1,1,1,1.0,1.0
kitti_mini,000009,tz,0.1,m,0,Car,vehicle,23.9,57.2,52.5,0.0,0,219,219,219,219,1.0,1.0
kitti_mini,000009,tz,0.1,m,1,Car,vehicle,66.4,24.5,16.2,0.0,2,4,4,4,4,1.0,1.0
kitti_mini,000009,tz,0.1,m,2,Car,vehicle,68.3,23.5,15.4,0.0,0,1,1,1,1,1.0,1.0
kitti_mini,000009,tz,0.2,m,0,Car,vehicle,23.9,57.2,52.5,0.0,0,219,219,202,202,0.9224,0.9224
kitti_mini,000009,tz,0.2,m,1,Car,vehicle,66.4,24.5,16.2,0.0,2,4,4,4,4,1.0,1.0
kitti_mini,000009,tz,0.2,m,2,Car,vehicle,68.3,23.5,15.4,0.0,0,1,1,1,1,1.0,1.0
kitti_mini,000010,roll,0.0,deg,0,Car,vehicle,6.8,227.6,191.5,0.8,0,283,283,277,277,0.9788,0.9788
kitti_mini,000010,roll,0.0,deg,1,Car,vehicle,12.0,195.1,109.0,0.0,0,1016,1016,1016,1016,1.0,1.0
kitti_mini,000010,roll,0.0,deg,2,Pedestrian,pedestrian,24.9,20.1,61.6,0.0,2,23,23,23,23,1.0,1.0
kitti_mini,000010,roll,0.0,deg,3,Car,vehicle,17.5,107.2,73.4,0.0,0,340,340,340,340,1.0,1.0
kitti_mini,000010,roll,0.0,deg,4,Car,vehicle,23.1,78.2,52.5,0.0,2,48,48,48,48,1.0,1.0
kitti_mini,000010,roll,0.0,deg,5,Car,vehicle,23.6,76.5,51.6,0.0,0,246,246,246,246,1.0,1.0
kitti_mini,000010,roll,0.0,deg,6,Car,vehicle,29.1,54.0,39.5,0.0,2,55,55,55,55,1.0,1.0
kitti_mini,000010,roll,0.0,deg,7,Car,vehicle,29.6,55.4,42.1,0.0,1,33,33,33,33,1.0,1.0
kitti_mini,000010,roll,0.0,deg,8,Car,vehicle,43.1,43.5,28.8,0.0,1,20,20,20,20,1.0,1.0
kitti_mini,000010,roll,0.5,deg,0,Car,vehicle,6.8,227.6,191.5,0.8,0,283,268,265,265,0.9364,0.9888
kitti_mini,000010,roll,0.5,deg,1,Car,vehicle,12.0,195.1,109.0,0.0,0,1016,1016,1016,1016,1.0,1.0
kitti_mini,000010,roll,0.5,deg,2,Pedestrian,pedestrian,24.9,20.1,61.6,0.0,2,23,23,23,23,1.0,1.0
kitti_mini,000010,roll,0.5,deg,3,Car,vehicle,17.5,107.2,73.4,0.0,0,340,340,340,340,1.0,1.0
kitti_mini,000010,roll,0.5,deg,4,Car,vehicle,23.1,78.2,52.5,0.0,2,48,48,48,48,1.0,1.0
kitti_mini,000010,roll,0.5,deg,5,Car,vehicle,23.6,76.5,51.6,0.0,0,246,246,246,246,1.0,1.0
kitti_mini,000010,roll,0.5,deg,6,Car,vehicle,29.1,54.0,39.5,0.0,2,55,55,51,51,0.9273,0.9273
kitti_mini,000010,roll,0.5,deg,7,Car,vehicle,29.6,55.4,42.1,0.0,1,33,33,33,33,1.0,1.0
kitti_mini,000010,roll,0.5,deg,8,Car,vehicle,43.1,43.5,28.8,0.0,1,20,20,20,20,1.0,1.0
kitti_mini,000010,roll,1.0,deg,0,Car,vehicle,6.8,227.6,191.5,0.8,0,283,251,243,244,0.8587,0.9721
kitti_mini,000010,roll,1.0,deg,1,Car,vehicle,12.0,195.1,109.0,0.0,0,1016,1016,1016,1016,1.0,1.0
kitti_mini,000010,roll,1.0,deg,2,Pedestrian,pedestrian,24.9,20.1,61.6,0.0,2,23,23,23,23,1.0,1.0
kitti_mini,000010,roll,1.0,deg,3,Car,vehicle,17.5,107.2,73.4,0.0,0,340,340,333,333,0.9794,0.9794
kitti_mini,000010,roll,1.0,deg,4,Car,vehicle,23.1,78.2,52.5,0.0,2,48,48,48,48,1.0,1.0
kitti_mini,000010,roll,1.0,deg,5,Car,vehicle,23.6,76.5,51.6,0.0,0,246,246,246,246,1.0,1.0
kitti_mini,000010,roll,1.0,deg,6,Car,vehicle,29.1,54.0,39.5,0.0,2,55,55,51,51,0.9273,0.9273
kitti_mini,000010,roll,1.0,deg,7,Car,vehicle,29.6,55.4,42.1,0.0,1,33,33,28,28,0.8485,0.8485
kitti_mini,000010,roll,1.0,deg,8,Car,vehicle,43.1,43.5,28.8,0.0,1,20,20,15,15,0.75,0.75
kitti_mini,000010,roll,2.0,deg,0,Car,vehicle,6.8,227.6,191.5,0.8,0,283,229,216,219,0.7633,0.9563
kitti_mini,000010,roll,2.0,deg,1,Car,vehicle,12.0,195.1,109.0,0.0,0,1016,1016,1005,1005,0.9892,0.9892
kitti_mini,000010,roll,2.0,deg,2,Pedestrian,pedestrian,24.9,20.1,61.6,0.0,2,23,23,23,23,1.0,1.0
kitti_mini,000010,roll,2.0,deg,3,Car,vehicle,17.5,107.2,73.4,0.0,0,340,340,318,318,0.9353,0.9353
kitti_mini,000010,roll,2.0,deg,4,Car,vehicle,23.1,78.2,52.5,0.0,2,48,48,43,43,0.8958,0.8958
kitti_mini,000010,roll,2.0,deg,5,Car,vehicle,23.6,76.5,51.6,0.0,0,246,246,246,246,1.0,1.0
kitti_mini,000010,roll,2.0,deg,6,Car,vehicle,29.1,54.0,39.5,0.0,2,55,55,51,51,0.9273,0.9273
kitti_mini,000010,roll,2.0,deg,7,Car,vehicle,29.6,55.4,42.1,0.0,1,33,33,20,20,0.6061,0.6061
kitti_mini,000010,roll,2.0,deg,8,Car,vehicle,43.1,43.5,28.8,0.0,1,20,20,15,15,0.75,0.75
kitti_mini,000010,roll,3.0,deg,0,Car,vehicle,6.8,227.6,191.5,0.8,0,283,167,158,162,0.5583,0.9701
kitti_mini,000010,roll,3.0,deg,1,Car,vehicle,12.0,195.1,109.0,0.0,0,1016,1016,1004,1004,0.9882,0.9882
kitti_mini,000010,roll,3.0,deg,2,Pedestrian,pedestrian,24.9,20.1,61.6,0.0,2,23,23,23,23,1.0,1.0
kitti_mini,000010,roll,3.0,deg,3,Car,vehicle,17.5,107.2,73.4,0.0,0,340,340,299,299,0.8794,0.8794
kitti_mini,000010,roll,3.0,deg,4,Car,vehicle,23.1,78.2,52.5,0.0,2,48,48,37,37,0.7708,0.7708
kitti_mini,000010,roll,3.0,deg,5,Car,vehicle,23.6,76.5,51.6,0.0,0,246,246,246,246,1.0,1.0
kitti_mini,000010,roll,3.0,deg,6,Car,vehicle,29.1,54.0,39.5,0.0,2,55,55,51,51,0.9273,0.9273
kitti_mini,000010,roll,3.0,deg,7,Car,vehicle,29.6,55.4,42.1,0.0,1,33,33,19,19,0.5758,0.5758
kitti_mini,000010,roll,3.0,deg,8,Car,vehicle,43.1,43.5,28.8,0.0,1,20,20,15,15,0.75,0.75
kitti_mini,000010,pitch,0.0,deg,0,Car,vehicle,6.8,227.6,191.5,0.8,0,283,283,277,277,0.9788,0.9788
kitti_mini,000010,pitch,0.0,deg,1,Car,vehicle,12.0,195.1,109.0,0.0,0,1016,1016,1016,1016,1.0,1.0
kitti_mini,000010,pitch,0.0,deg,2,Pedestrian,pedestrian,24.9,20.1,61.6,0.0,2,23,23,23,23,1.0,1.0
kitti_mini,000010,pitch,0.0,deg,3,Car,vehicle,17.5,107.2,73.4,0.0,0,340,340,340,340,1.0,1.0
kitti_mini,000010,pitch,0.0,deg,4,Car,vehicle,23.1,78.2,52.5,0.0,2,48,48,48,48,1.0,1.0
kitti_mini,000010,pitch,0.0,deg,5,Car,vehicle,23.6,76.5,51.6,0.0,0,246,246,246,246,1.0,1.0
kitti_mini,000010,pitch,0.0,deg,6,Car,vehicle,29.1,54.0,39.5,0.0,2,55,55,55,55,1.0,1.0
kitti_mini,000010,pitch,0.0,deg,7,Car,vehicle,29.6,55.4,42.1,0.0,1,33,33,33,33,1.0,1.0
kitti_mini,000010,pitch,0.0,deg,8,Car,vehicle,43.1,43.5,28.8,0.0,1,20,20,20,20,1.0,1.0
kitti_mini,000010,pitch,0.5,deg,0,Car,vehicle,6.8,227.6,191.5,0.8,0,283,256,251,251,0.8869,0.9805
kitti_mini,000010,pitch,0.5,deg,1,Car,vehicle,12.0,195.1,109.0,0.0,0,1016,1016,1014,1014,0.998,0.998
kitti_mini,000010,pitch,0.5,deg,2,Pedestrian,pedestrian,24.9,20.1,61.6,0.0,2,23,23,23,23,1.0,1.0
kitti_mini,000010,pitch,0.5,deg,3,Car,vehicle,17.5,107.2,73.4,0.0,0,340,340,329,329,0.9676,0.9676
kitti_mini,000010,pitch,0.5,deg,4,Car,vehicle,23.1,78.2,52.5,0.0,2,48,48,43,43,0.8958,0.8958
kitti_mini,000010,pitch,0.5,deg,5,Car,vehicle,23.6,76.5,51.6,0.0,0,246,246,209,209,0.8496,0.8496
kitti_mini,000010,pitch,0.5,deg,6,Car,vehicle,29.1,54.0,39.5,0.0,2,55,55,43,43,0.7818,0.7818
kitti_mini,000010,pitch,0.5,deg,7,Car,vehicle,29.6,55.4,42.1,0.0,1,33,33,21,21,0.6364,0.6364
kitti_mini,000010,pitch,0.5,deg,8,Car,vehicle,43.1,43.5,28.8,0.0,1,20,20,12,12,0.6,0.6
kitti_mini,000010,pitch,1.0,deg,0,Car,vehicle,6.8,227.6,191.5,0.8,0,283,235,235,235,0.8304,1.0
kitti_mini,000010,pitch,1.0,deg,1,Car,vehicle,12.0,195.1,109.0,0.0,0,1016,1016,998,998,0.9823,0.9823
kitti_mini,000010,pitch,1.0,deg,2,Pedestrian,pedestrian,24.9,20.1,61.6,0.0,2,23,23,23,23,1.0,1.0
kitti_mini,000010,pitch,1.0,deg,3,Car,vehicle,17.5,107.2,73.4,0.0,0,340,340,299,299,0.8794,0.8794
kitti_mini,000010,pitch,1.0,deg,4,Car,vehicle,23.1,78.2,52.5,0.0,2,48,48,37,37,0.7708,0.7708
kitti_mini,000010,pitch,1.0,deg,5,Car,vehicle,23.6,76.5,51.6,0.0,0,246,246,177,177,0.7195,0.7195
kitti_mini,000010,pitch,1.0,deg,6,Car,vehicle,29.1,54.0,39.5,0.0,2,55,55,34,34,0.6182,0.6182
kitti_mini,000010,pitch,1.0,deg,7,Car,vehicle,29.6,55.4,42.1,0.0,1,33,33,14,14,0.4242,0.4242
kitti_mini,000010,pitch,1.0,deg,8,Car,vehicle,43.1,43.5,28.8,0.0,1,20,20,6,6,0.3,0.3
kitti_mini,000010,pitch,2.0,deg,0,Car,vehicle,6.8,227.6,191.5,0.8,0,283,140,131,131,0.4629,0.9357
kitti_mini,000010,pitch,2.0,deg,1,Car,vehicle,12.0,195.1,109.0,0.0,0,1016,1016,844,844,0.8307,0.8307
kitti_mini,000010,pitch,2.0,deg,2,Pedestrian,pedestrian,24.9,20.1,61.6,0.0,2,23,23,23,23,1.0,1.0
kitti_mini,000010,pitch,2.0,deg,3,Car,vehicle,17.5,107.2,73.4,0.0,0,340,340,204,204,0.6,0.6
kitti_mini,000010,pitch,2.0,deg,4,Car,vehicle,23.1,78.2,52.5,0.0,2,48,48,30,30,0.625,0.625
kitti_mini,000010,pitch,2.0,deg,5,Car,vehicle,23.6,76.5,51.6,0.0,0,246,246,96,96,0.3902,0.3902
kitti_mini,000010,pitch,2.0,deg,6,Car,vehicle,29.1,54.0,39.5,0.0,2,55,55,15,15,0.2727,0.2727
kitti_mini,000010,pitch,2.0,deg,7,Car,vehicle,29.6,55.4,42.1,0.0,1,33,33,5,5,0.1515,0.1515
kitti_mini,000010,pitch,2.0,deg,8,Car,vehicle,43.1,43.5,28.8,0.0,1,20,20,0,0,0.0,0.0
kitti_mini,000010,pitch,3.0,deg,0,Car,vehicle,6.8,227.6,191.5,0.8,0,283,88,82,82,0.2898,0.9318
kitti_mini,000010,pitch,3.0,deg,1,Car,vehicle,12.0,195.1,109.0,0.0,0,1016,1016,640,640,0.6299,0.6299
kitti_mini,000010,pitch,3.0,deg,2,Pedestrian,pedestrian,24.9,20.1,61.6,0.0,2,23,23,17,17,0.7391,0.7391
kitti_mini,000010,pitch,3.0,deg,3,Car,vehicle,17.5,107.2,73.4,0.0,0,340,340,140,140,0.4118,0.4118
kitti_mini,000010,pitch,3.0,deg,4,Car,vehicle,23.1,78.2,52.5,0.0,2,48,48,16,16,0.3333,0.3333
kitti_mini,000010,pitch,3.0,deg,5,Car,vehicle,23.6,76.5,51.6,0.0,0,246,246,27,27,0.1098,0.1098
kitti_mini,000010,pitch,3.0,deg,6,Car,vehicle,29.1,54.0,39.5,0.0,2,55,55,7,7,0.1273,0.1273
kitti_mini,000010,pitch,3.0,deg,7,Car,vehicle,29.6,55.4,42.1,0.0,1,33,33,5,5,0.1515,0.1515
kitti_mini,000010,pitch,3.0,deg,8,Car,vehicle,43.1,43.5,28.8,0.0,1,20,20,0,0,0.0,0.0
kitti_mini,000010,yaw,0.0,deg,0,Car,vehicle,6.8,227.6,191.5,0.8,0,283,283,277,277,0.9788,0.9788
kitti_mini,000010,yaw,0.0,deg,1,Car,vehicle,12.0,195.1,109.0,0.0,0,1016,1016,1016,1016,1.0,1.0
kitti_mini,000010,yaw,0.0,deg,2,Pedestrian,pedestrian,24.9,20.1,61.6,0.0,2,23,23,23,23,1.0,1.0
kitti_mini,000010,yaw,0.0,deg,3,Car,vehicle,17.5,107.2,73.4,0.0,0,340,340,340,340,1.0,1.0
kitti_mini,000010,yaw,0.0,deg,4,Car,vehicle,23.1,78.2,52.5,0.0,2,48,48,48,48,1.0,1.0
kitti_mini,000010,yaw,0.0,deg,5,Car,vehicle,23.6,76.5,51.6,0.0,0,246,246,246,246,1.0,1.0
kitti_mini,000010,yaw,0.0,deg,6,Car,vehicle,29.1,54.0,39.5,0.0,2,55,55,55,55,1.0,1.0
kitti_mini,000010,yaw,0.0,deg,7,Car,vehicle,29.6,55.4,42.1,0.0,1,33,33,33,33,1.0,1.0
kitti_mini,000010,yaw,0.0,deg,8,Car,vehicle,43.1,43.5,28.8,0.0,1,20,20,20,20,1.0,1.0
kitti_mini,000010,yaw,0.5,deg,0,Car,vehicle,6.8,227.6,191.5,0.8,0,283,304,282,299,0.9965,0.9836
kitti_mini,000010,yaw,0.5,deg,1,Car,vehicle,12.0,195.1,109.0,0.0,0,1016,1016,1016,1016,1.0,1.0
kitti_mini,000010,yaw,0.5,deg,2,Pedestrian,pedestrian,24.9,20.1,61.6,0.0,2,23,23,19,19,0.8261,0.8261
kitti_mini,000010,yaw,0.5,deg,3,Car,vehicle,17.5,107.2,73.4,0.0,0,340,340,339,339,0.9971,0.9971
kitti_mini,000010,yaw,0.5,deg,4,Car,vehicle,23.1,78.2,52.5,0.0,2,48,48,47,47,0.9792,0.9792
kitti_mini,000010,yaw,0.5,deg,5,Car,vehicle,23.6,76.5,51.6,0.0,0,246,246,246,246,1.0,1.0
kitti_mini,000010,yaw,0.5,deg,6,Car,vehicle,29.1,54.0,39.5,0.0,2,55,55,55,55,1.0,1.0
kitti_mini,000010,yaw,0.5,deg,7,Car,vehicle,29.6,55.4,42.1,0.0,1,33,33,27,27,0.8182,0.8182
kitti_mini,000010,yaw,0.5,deg,8,Car,vehicle,43.1,43.5,28.8,0.0,1,20,20,20,20,1.0,1.0
kitti_mini,000010,yaw,1.0,deg,0,Car,vehicle,6.8,227.6,191.5,0.8,0,283,325,275,311,0.9717,0.9569
kitti_mini,000010,yaw,1.0,deg,1,Car,vehicle,12.0,195.1,109.0,0.0,0,1016,1016,1016,1016,1.0,1.0
kitti_mini,000010,yaw,1.0,deg,2,Pedestrian,pedestrian,24.9,20.1,61.6,0.0,2,23,23,7,7,0.3043,0.3043
kitti_mini,000010,yaw,1.0,deg,3,Car,vehicle,17.5,107.2,73.4,0.0,0,340,340,326,326,0.9588,0.9588
kitti_mini,000010,yaw,1.0,deg,4,Car,vehicle,23.1,78.2,52.5,0.0,2,48,48,30,30,0.625,0.625
kitti_mini,000010,yaw,1.0,deg,5,Car,vehicle,23.6,76.5,51.6,0.0,0,246,246,232,232,0.9431,0.9431
kitti_mini,000010,yaw,1.0,deg,6,Car,vehicle,29.1,54.0,39.5,0.0,2,55,55,53,53,0.9636,0.9636
kitti_mini,000010,yaw,1.0,deg,7,Car,vehicle,29.6,55.4,42.1,0.0,1,33,33,19,19,0.5758,0.5758
kitti_mini,000010,yaw,1.0,deg,8,Car,vehicle,43.1,43.5,28.8,0.0,1,20,20,17,17,0.85,0.85
kitti_mini,000010,yaw,2.0,deg,0,Car,vehicle,6.8,227.6,191.5,0.8,0,283,392,237,338,0.8375,0.8622
kitti_mini,000010,yaw,2.0,deg,1,Car,vehicle,12.0,195.1,109.0,0.0,0,1016,1016,984,984,0.9685,0.9685
kitti_mini,000010,yaw,2.0,deg,2,Pedestrian,pedestrian,24.9,20.1,61.6,0.0,2,23,23,0,0,0.0,0.0
kitti_mini,000010,yaw,2.0,deg,3,Car,vehicle,17.5,107.2,73.4,0.0,0,340,340,297,297,0.8735,0.8735
kitti_mini,000010,yaw,2.0,deg,4,Car,vehicle,23.1,78.2,52.5,0.0,2,48,48,12,12,0.25,0.25
kitti_mini,000010,yaw,2.0,deg,5,Car,vehicle,23.6,76.5,51.6,0.0,0,246,246,187,187,0.7602,0.7602
kitti_mini,000010,yaw,2.0,deg,6,Car,vehicle,29.1,54.0,39.5,0.0,2,55,55,49,49,0.8909,0.8909
kitti_mini,000010,yaw,2.0,deg,7,Car,vehicle,29.6,55.4,42.1,0.0,1,33,33,4,4,0.1212,0.1212
kitti_mini,000010,yaw,2.0,deg,8,Car,vehicle,43.1,43.5,28.8,0.0,1,20,20,5,5,0.25,0.25
kitti_mini,000010,yaw,3.0,deg,0,Car,vehicle,6.8,227.6,191.5,0.8,0,283,480,206,395,0.7279,0.8229
kitti_mini,000010,yaw,3.0,deg,1,Car,vehicle,12.0,195.1,109.0,0.0,0,1016,1016,923,923,0.9085,0.9085
kitti_mini,000010,yaw,3.0,deg,2,Pedestrian,pedestrian,24.9,20.1,61.6,0.0,2,23,23,0,0,0.0,0.0
kitti_mini,000010,yaw,3.0,deg,3,Car,vehicle,17.5,107.2,73.4,0.0,0,340,340,237,237,0.6971,0.6971
kitti_mini,000010,yaw,3.0,deg,4,Car,vehicle,23.1,78.2,52.5,0.0,2,48,48,6,6,0.125,0.125
kitti_mini,000010,yaw,3.0,deg,5,Car,vehicle,23.6,76.5,51.6,0.0,0,246,246,129,129,0.5244,0.5244
kitti_mini,000010,yaw,3.0,deg,6,Car,vehicle,29.1,54.0,39.5,0.0,2,55,55,33,33,0.6,0.6
kitti_mini,000010,yaw,3.0,deg,7,Car,vehicle,29.6,55.4,42.1,0.0,1,33,33,0,0,0.0,0.0
kitti_mini,000010,yaw,3.0,deg,8,Car,vehicle,43.1,43.5,28.8,0.0,1,20,20,2,2,0.1,0.1
kitti_mini,000010,tx,0.0,m,0,Car,vehicle,6.8,227.6,191.5,0.8,0,283,283,277,277,0.9788,0.9788
kitti_mini,000010,tx,0.0,m,1,Car,vehicle,12.0,195.1,109.0,0.0,0,1016,1016,1016,1016,1.0,1.0
kitti_mini,000010,tx,0.0,m,2,Pedestrian,pedestrian,24.9,20.1,61.6,0.0,2,23,23,23,23,1.0,1.0
kitti_mini,000010,tx,0.0,m,3,Car,vehicle,17.5,107.2,73.4,0.0,0,340,340,340,340,1.0,1.0
kitti_mini,000010,tx,0.0,m,4,Car,vehicle,23.1,78.2,52.5,0.0,2,48,48,48,48,1.0,1.0
kitti_mini,000010,tx,0.0,m,5,Car,vehicle,23.6,76.5,51.6,0.0,0,246,246,246,246,1.0,1.0
kitti_mini,000010,tx,0.0,m,6,Car,vehicle,29.1,54.0,39.5,0.0,2,55,55,55,55,1.0,1.0
kitti_mini,000010,tx,0.0,m,7,Car,vehicle,29.6,55.4,42.1,0.0,1,33,33,33,33,1.0,1.0
kitti_mini,000010,tx,0.0,m,8,Car,vehicle,43.1,43.5,28.8,0.0,1,20,20,20,20,1.0,1.0
kitti_mini,000010,tx,0.02,m,0,Car,vehicle,6.8,227.6,191.5,0.8,0,283,288,283,285,1.0,0.9896
kitti_mini,000010,tx,0.02,m,1,Car,vehicle,12.0,195.1,109.0,0.0,0,1016,1016,1016,1016,1.0,1.0
kitti_mini,000010,tx,0.02,m,2,Pedestrian,pedestrian,24.9,20.1,61.6,0.0,2,23,23,23,23,1.0,1.0
kitti_mini,000010,tx,0.02,m,3,Car,vehicle,17.5,107.2,73.4,0.0,0,340,340,340,340,1.0,1.0
kitti_mini,000010,tx,0.02,m,4,Car,vehicle,23.1,78.2,52.5,0.0,2,48,48,48,48,1.0,1.0
kitti_mini,000010,tx,0.02,m,5,Car,vehicle,23.6,76.5,51.6,0.0,0,246,246,246,246,1.0,1.0
kitti_mini,000010,tx,0.02,m,6,Car,vehicle,29.1,54.0,39.5,0.0,2,55,55,55,55,1.0,1.0
kitti_mini,000010,tx,0.02,m,7,Car,vehicle,29.6,55.4,42.1,0.0,1,33,33,33,33,1.0,1.0
kitti_mini,000010,tx,0.02,m,8,Car,vehicle,43.1,43.5,28.8,0.0,1,20,20,20,20,1.0,1.0
kitti_mini,000010,tx,0.05,m,0,Car,vehicle,6.8,227.6,191.5,0.8,0,283,298,283,295,1.0,0.9899
kitti_mini,000010,tx,0.05,m,1,Car,vehicle,12.0,195.1,109.0,0.0,0,1016,1016,1016,1016,1.0,1.0
kitti_mini,000010,tx,0.05,m,2,Pedestrian,pedestrian,24.9,20.1,61.6,0.0,2,23,23,23,23,1.0,1.0
kitti_mini,000010,tx,0.05,m,3,Car,vehicle,17.5,107.2,73.4,0.0,0,340,340,340,340,1.0,1.0
kitti_mini,000010,tx,0.05,m,4,Car,vehicle,23.1,78.2,52.5,0.0,2,48,48,48,48,1.0,1.0
kitti_mini,000010,tx,0.05,m,5,Car,vehicle,23.6,76.5,51.6,0.0,0,246,246,246,246,1.0,1.0
kitti_mini,000010,tx,0.05,m,6,Car,vehicle,29.1,54.0,39.5,0.0,2,55,55,55,55,1.0,1.0
kitti_mini,000010,tx,0.05,m,7,Car,vehicle,29.6,55.4,42.1,0.0,1,33,33,33,33,1.0,1.0
kitti_mini,000010,tx,0.05,m,8,Car,vehicle,43.1,43.5,28.8,0.0,1,20,20,20,20,1.0,1.0
kitti_mini,000010,tx,0.1,m,0,Car,vehicle,6.8,227.6,191.5,0.8,0,283,312,283,312,1.0,1.0
kitti_mini,000010,tx,0.1,m,1,Car,vehicle,12.0,195.1,109.0,0.0,0,1016,1016,1016,1016,1.0,1.0
kitti_mini,000010,tx,0.1,m,2,Pedestrian,pedestrian,24.9,20.1,61.6,0.0,2,23,23,23,23,1.0,1.0
kitti_mini,000010,tx,0.1,m,3,Car,vehicle,17.5,107.2,73.4,0.0,0,340,340,340,340,1.0,1.0
kitti_mini,000010,tx,0.1,m,4,Car,vehicle,23.1,78.2,52.5,0.0,2,48,48,48,48,1.0,1.0
kitti_mini,000010,tx,0.1,m,5,Car,vehicle,23.6,76.5,51.6,0.0,0,246,246,246,246,1.0,1.0
kitti_mini,000010,tx,0.1,m,6,Car,vehicle,29.1,54.0,39.5,0.0,2,55,55,55,55,1.0,1.0
kitti_mini,000010,tx,0.1,m,7,Car,vehicle,29.6,55.4,42.1,0.0,1,33,33,33,33,1.0,1.0
kitti_mini,000010,tx,0.1,m,8,Car,vehicle,43.1,43.5,28.8,0.0,1,20,20,20,20,1.0,1.0
kitti_mini,000010,tx,0.2,m,0,Car,vehicle,6.8,227.6,191.5,0.8,0,283,351,281,346,0.9929,0.9858
kitti_mini,000010,tx,0.2,m,1,Car,vehicle,12.0,195.1,109.0,0.0,0,1016,1016,1016,1016,1.0,1.0
kitti_mini,000010,tx,0.2,m,2,Pedestrian,pedestrian,24.9,20.1,61.6,0.0,2,23,23,23,23,1.0,1.0
kitti_mini,000010,tx,0.2,m,3,Car,vehicle,17.5,107.2,73.4,0.0,0,340,340,340,340,1.0,1.0
kitti_mini,000010,tx,0.2,m,4,Car,vehicle,23.1,78.2,52.5,0.0,2,48,48,48,48,1.0,1.0
kitti_mini,000010,tx,0.2,m,5,Car,vehicle,23.6,76.5,51.6,0.0,0,246,246,246,246,1.0,1.0
kitti_mini,000010,tx,0.2,m,6,Car,vehicle,29.1,54.0,39.5,0.0,2,55,55,55,55,1.0,1.0
kitti_mini,000010,tx,0.2,m,7,Car,vehicle,29.6,55.4,42.1,0.0,1,33,33,33,33,1.0,1.0
kitti_mini,000010,tx,0.2,m,8,Car,vehicle,43.1,43.5,28.8,0.0,1,20,20,20,20,1.0,1.0
kitti_mini,000010,ty,0.0,m,0,Car,vehicle,6.8,227.6,191.5,0.8,0,283,283,277,277,0.9788,0.9788
kitti_mini,000010,ty,0.0,m,1,Car,vehicle,12.0,195.1,109.0,0.0,0,1016,1016,1016,1016,1.0,1.0
kitti_mini,000010,ty,0.0,m,2,Pedestrian,pedestrian,24.9,20.1,61.6,0.0,2,23,23,23,23,1.0,1.0
kitti_mini,000010,ty,0.0,m,3,Car,vehicle,17.5,107.2,73.4,0.0,0,340,340,340,340,1.0,1.0
kitti_mini,000010,ty,0.0,m,4,Car,vehicle,23.1,78.2,52.5,0.0,2,48,48,48,48,1.0,1.0
kitti_mini,000010,ty,0.0,m,5,Car,vehicle,23.6,76.5,51.6,0.0,0,246,246,246,246,1.0,1.0
kitti_mini,000010,ty,0.0,m,6,Car,vehicle,29.1,54.0,39.5,0.0,2,55,55,55,55,1.0,1.0
kitti_mini,000010,ty,0.0,m,7,Car,vehicle,29.6,55.4,42.1,0.0,1,33,33,33,33,1.0,1.0
kitti_mini,000010,ty,0.0,m,8,Car,vehicle,43.1,43.5,28.8,0.0,1,20,20,20,20,1.0,1.0
kitti_mini,000010,ty,0.02,m,0,Car,vehicle,6.8,227.6,191.5,0.8,0,283,287,280,282,0.9894,0.9826
kitti_mini,000010,ty,0.02,m,1,Car,vehicle,12.0,195.1,109.0,0.0,0,1016,1016,1016,1016,1.0,1.0
kitti_mini,000010,ty,0.02,m,2,Pedestrian,pedestrian,24.9,20.1,61.6,0.0,2,23,23,23,23,1.0,1.0
kitti_mini,000010,ty,0.02,m,3,Car,vehicle,17.5,107.2,73.4,0.0,0,340,340,340,340,1.0,1.0
kitti_mini,000010,ty,0.02,m,4,Car,vehicle,23.1,78.2,52.5,0.0,2,48,48,48,48,1.0,1.0
kitti_mini,000010,ty,0.02,m,5,Car,vehicle,23.6,76.5,51.6,0.0,0,246,246,246,246,1.0,1.0
kitti_mini,000010,ty,0.02,m,6,Car,vehicle,29.1,54.0,39.5,0.0,2,55,55,55,55,1.0,1.0
kitti_mini,000010,ty,0.02,m,7,Car,vehicle,29.6,55.4,42.1,0.0,1,33,33,33,33,1.0,1.0
kitti_mini,000010,ty,0.02,m,8,Car,vehicle,43.1,43.5,28.8,0.0,1,20,20,20,20,1.0,1.0
kitti_mini,000010,ty,0.05,m,0,Car,vehicle,6.8,227.6,191.5,0.8,0,283,295,280,290,0.9894,0.9831
kitti_mini,000010,ty,0.05,m,1,Car,vehicle,12.0,195.1,109.0,0.0,0,1016,1016,1016,1016,1.0,1.0
kitti_mini,000010,ty,0.05,m,2,Pedestrian,pedestrian,24.9,20.1,61.6,0.0,2,23,23,23,23,1.0,1.0
kitti_mini,000010,ty,0.05,m,3,Car,vehicle,17.5,107.2,73.4,0.0,0,340,340,340,340,1.0,1.0
kitti_mini,000010,ty,0.05,m,4,Car,vehicle,23.1,78.2,52.5,0.0,2,48,48,48,48,1.0,1.0
kitti_mini,000010,ty,0.05,m,5,Car,vehicle,23.6,76.5,51.6,0.0,0,246,246,246,246,1.0,1.0
kitti_mini,000010,ty,0.05,m,6,Car,vehicle,29.1,54.0,39.5,0.0,2,55,55,55,55,1.0,1.0
kitti_mini,000010,ty,0.05,m,7,Car,vehicle,29.6,55.4,42.1,0.0,1,33,33,33,33,1.0,1.0
kitti_mini,000010,ty,0.05,m,8,Car,vehicle,43.1,43.5,28.8,0.0,1,20,20,20,20,1.0,1.0
kitti_mini,000010,ty,0.1,m,0,Car,vehicle,6.8,227.6,191.5,0.8,0,283,308,279,303,0.9859,0.9838
kitti_mini,000010,ty,0.1,m,1,Car,vehicle,12.0,195.1,109.0,0.0,0,1016,1016,1016,1016,1.0,1.0
kitti_mini,000010,ty,0.1,m,2,Pedestrian,pedestrian,24.9,20.1,61.6,0.0,2,23,23,23,23,1.0,1.0
kitti_mini,000010,ty,0.1,m,3,Car,vehicle,17.5,107.2,73.4,0.0,0,340,340,340,340,1.0,1.0
kitti_mini,000010,ty,0.1,m,4,Car,vehicle,23.1,78.2,52.5,0.0,2,48,48,48,48,1.0,1.0
kitti_mini,000010,ty,0.1,m,5,Car,vehicle,23.6,76.5,51.6,0.0,0,246,246,246,246,1.0,1.0
kitti_mini,000010,ty,0.1,m,6,Car,vehicle,29.1,54.0,39.5,0.0,2,55,55,55,55,1.0,1.0
kitti_mini,000010,ty,0.1,m,7,Car,vehicle,29.6,55.4,42.1,0.0,1,33,33,33,33,1.0,1.0
kitti_mini,000010,ty,0.1,m,8,Car,vehicle,43.1,43.5,28.8,0.0,1,20,20,20,20,1.0,1.0
kitti_mini,000010,ty,0.2,m,0,Car,vehicle,6.8,227.6,191.5,0.8,0,283,340,260,317,0.9187,0.9324
kitti_mini,000010,ty,0.2,m,1,Car,vehicle,12.0,195.1,109.0,0.0,0,1016,1016,1016,1016,1.0,1.0
kitti_mini,000010,ty,0.2,m,2,Pedestrian,pedestrian,24.9,20.1,61.6,0.0,2,23,23,21,21,0.913,0.913
kitti_mini,000010,ty,0.2,m,3,Car,vehicle,17.5,107.2,73.4,0.0,0,340,340,337,337,0.9912,0.9912
kitti_mini,000010,ty,0.2,m,4,Car,vehicle,23.1,78.2,52.5,0.0,2,48,48,47,47,0.9792,0.9792
kitti_mini,000010,ty,0.2,m,5,Car,vehicle,23.6,76.5,51.6,0.0,0,246,246,246,246,1.0,1.0
kitti_mini,000010,ty,0.2,m,6,Car,vehicle,29.1,54.0,39.5,0.0,2,55,55,55,55,1.0,1.0
kitti_mini,000010,ty,0.2,m,7,Car,vehicle,29.6,55.4,42.1,0.0,1,33,33,30,30,0.9091,0.9091
kitti_mini,000010,ty,0.2,m,8,Car,vehicle,43.1,43.5,28.8,0.0,1,20,20,20,20,1.0,1.0
kitti_mini,000010,tz,0.0,m,0,Car,vehicle,6.8,227.6,191.5,0.8,0,283,283,277,277,0.9788,0.9788
kitti_mini,000010,tz,0.0,m,1,Car,vehicle,12.0,195.1,109.0,0.0,0,1016,1016,1016,1016,1.0,1.0
kitti_mini,000010,tz,0.0,m,2,Pedestrian,pedestrian,24.9,20.1,61.6,0.0,2,23,23,23,23,1.0,1.0
kitti_mini,000010,tz,0.0,m,3,Car,vehicle,17.5,107.2,73.4,0.0,0,340,340,340,340,1.0,1.0
kitti_mini,000010,tz,0.0,m,4,Car,vehicle,23.1,78.2,52.5,0.0,2,48,48,48,48,1.0,1.0
kitti_mini,000010,tz,0.0,m,5,Car,vehicle,23.6,76.5,51.6,0.0,0,246,246,246,246,1.0,1.0
kitti_mini,000010,tz,0.0,m,6,Car,vehicle,29.1,54.0,39.5,0.0,2,55,55,55,55,1.0,1.0
kitti_mini,000010,tz,0.0,m,7,Car,vehicle,29.6,55.4,42.1,0.0,1,33,33,33,33,1.0,1.0
kitti_mini,000010,tz,0.0,m,8,Car,vehicle,43.1,43.5,28.8,0.0,1,20,20,20,20,1.0,1.0
kitti_mini,000010,tz,0.02,m,0,Car,vehicle,6.8,227.6,191.5,0.8,0,283,286,281,284,0.9929,0.993
kitti_mini,000010,tz,0.02,m,1,Car,vehicle,12.0,195.1,109.0,0.0,0,1016,1016,1016,1016,1.0,1.0
kitti_mini,000010,tz,0.02,m,2,Pedestrian,pedestrian,24.9,20.1,61.6,0.0,2,23,23,23,23,1.0,1.0
kitti_mini,000010,tz,0.02,m,3,Car,vehicle,17.5,107.2,73.4,0.0,0,340,340,340,340,1.0,1.0
kitti_mini,000010,tz,0.02,m,4,Car,vehicle,23.1,78.2,52.5,0.0,2,48,48,48,48,1.0,1.0
kitti_mini,000010,tz,0.02,m,5,Car,vehicle,23.6,76.5,51.6,0.0,0,246,246,246,246,1.0,1.0
kitti_mini,000010,tz,0.02,m,6,Car,vehicle,29.1,54.0,39.5,0.0,2,55,55,51,51,0.9273,0.9273
kitti_mini,000010,tz,0.02,m,7,Car,vehicle,29.6,55.4,42.1,0.0,1,33,33,33,33,1.0,1.0
kitti_mini,000010,tz,0.02,m,8,Car,vehicle,43.1,43.5,28.8,0.0,1,20,20,20,20,1.0,1.0
kitti_mini,000010,tz,0.05,m,0,Car,vehicle,6.8,227.6,191.5,0.8,0,283,293,281,287,0.9929,0.9795
kitti_mini,000010,tz,0.05,m,1,Car,vehicle,12.0,195.1,109.0,0.0,0,1016,1016,1016,1016,1.0,1.0
kitti_mini,000010,tz,0.05,m,2,Pedestrian,pedestrian,24.9,20.1,61.6,0.0,2,23,23,23,23,1.0,1.0
kitti_mini,000010,tz,0.05,m,3,Car,vehicle,17.5,107.2,73.4,0.0,0,340,340,340,340,1.0,1.0
kitti_mini,000010,tz,0.05,m,4,Car,vehicle,23.1,78.2,52.5,0.0,2,48,48,48,48,1.0,1.0
kitti_mini,000010,tz,0.05,m,5,Car,vehicle,23.6,76.5,51.6,0.0,0,246,246,246,246,1.0,1.0
kitti_mini,000010,tz,0.05,m,6,Car,vehicle,29.1,54.0,39.5,0.0,2,55,55,48,48,0.8727,0.8727
kitti_mini,000010,tz,0.05,m,7,Car,vehicle,29.6,55.4,42.1,0.0,1,33,33,33,33,1.0,1.0
kitti_mini,000010,tz,0.05,m,8,Car,vehicle,43.1,43.5,28.8,0.0,1,20,20,20,20,1.0,1.0
kitti_mini,000010,tz,0.1,m,0,Car,vehicle,6.8,227.6,191.5,0.8,0,283,309,281,302,0.9929,0.9773
kitti_mini,000010,tz,0.1,m,1,Car,vehicle,12.0,195.1,109.0,0.0,0,1016,1016,1004,1004,0.9882,0.9882
kitti_mini,000010,tz,0.1,m,2,Pedestrian,pedestrian,24.9,20.1,61.6,0.0,2,23,23,23,23,1.0,1.0
kitti_mini,000010,tz,0.1,m,3,Car,vehicle,17.5,107.2,73.4,0.0,0,340,340,340,340,1.0,1.0
kitti_mini,000010,tz,0.1,m,4,Car,vehicle,23.1,78.2,52.5,0.0,2,48,48,48,48,1.0,1.0
kitti_mini,000010,tz,0.1,m,5,Car,vehicle,23.6,76.5,51.6,0.0,0,246,246,246,246,1.0,1.0
kitti_mini,000010,tz,0.1,m,6,Car,vehicle,29.1,54.0,39.5,0.0,2,55,55,48,48,0.8727,0.8727
kitti_mini,000010,tz,0.1,m,7,Car,vehicle,29.6,55.4,42.1,0.0,1,33,33,33,33,1.0,1.0
kitti_mini,000010,tz,0.1,m,8,Car,vehicle,43.1,43.5,28.8,0.0,1,20,20,20,20,1.0,1.0
kitti_mini,000010,tz,0.2,m,0,Car,vehicle,6.8,227.6,191.5,0.8,0,283,343,280,339,0.9894,0.9883
kitti_mini,000010,tz,0.2,m,1,Car,vehicle,12.0,195.1,109.0,0.0,0,1016,1016,966,966,0.9508,0.9508
kitti_mini,000010,tz,0.2,m,2,Pedestrian,pedestrian,24.9,20.1,61.6,0.0,2,23,23,23,23,1.0,1.0
kitti_mini,000010,tz,0.2,m,3,Car,vehicle,17.5,107.2,73.4,0.0,0,340,340,332,332,0.9765,0.9765
kitti_mini,000010,tz,0.2,m,4,Car,vehicle,23.1,78.2,52.5,0.0,2,48,48,36,36,0.75,0.75
kitti_mini,000010,tz,0.2,m,5,Car,vehicle,23.6,76.5,51.6,0.0,0,246,246,227,227,0.9228,0.9228
kitti_mini,000010,tz,0.2,m,6,Car,vehicle,29.1,54.0,39.5,0.0,2,55,55,46,46,0.8364,0.8364
kitti_mini,000010,tz,0.2,m,7,Car,vehicle,29.6,55.4,42.1,0.0,1,33,33,28,28,0.8485,0.8485
kitti_mini,000010,tz,0.2,m,8,Car,vehicle,43.1,43.5,28.8,0.0,1,20,20,20,20,1.0,1.0
kitti_mini,000011,roll,0.0,deg,0,Pedestrian,pedestrian,13.4,53.7,114.9,0.0,1,151,151,150,150,0.9934,0.9934
kitti_mini,000011,roll,0.0,deg,1,Pedestrian,pedestrian,14.5,59.7,104.0,0.0,2,35,35,35,35,1.0,1.0
kitti_mini,000011,roll,0.0,deg,2,Car,vehicle,27.1,60.7,54.8,0.0,0,208,208,208,208,1.0,1.0
kitti_mini,000011,roll,0.0,deg,3,Pedestrian,pedestrian,34.2,15.3,38.3,0.0,0,40,40,40,40,1.0,1.0
kitti_mini,000011,roll,0.0,deg,4,Car,vehicle,6.6,85.9,156.9,0.98,0,210,210,207,207,0.9857,0.9857
kitti_mini,000011,roll,0.0,deg,5,Pedestrian,pedestrian,17.8,27.7,71.3,0.0,0,81,81,81,81,1.0,1.0
kitti_mini,000011,roll,0.5,deg,0,Pedestrian,pedestrian,13.4,53.7,114.9,0.0,1,151,151,151,151,1.0,1.0
kitti_mini,000011,roll,0.5,deg,1,Pedestrian,pedestrian,14.5,59.7,104.0,0.0,2,35,35,35,35,1.0,1.0
kitti_mini,000011,roll,0.5,deg,2,Car,vehicle,27.1,60.7,54.8,0.0,0,208,208,208,208,1.0,1.0
kitti_mini,000011,roll,0.5,deg,3,Pedestrian,pedestrian,34.2,15.3,38.3,0.0,0,40,40,40,40,1.0,1.0
kitti_mini,000011,roll,0.5,deg,4,Car,vehicle,6.6,85.9,156.9,0.98,0,210,216,209,216,0.9952,1.0
kitti_mini,000011,roll,0.5,deg,5,Pedestrian,pedestrian,17.8,27.7,71.3,0.0,0,81,81,79,79,0.9753,0.9753
kitti_mini,000011,roll,1.0,deg,0,Pedestrian,pedestrian,13.4,53.7,114.9,0.0,1,151,151,145,145,0.9603,0.9603
kitti_mini,000011,roll,1.0,deg,1,Pedestrian,pedestrian,14.5,59.7,104.0,0.0,2,35,35,34,34,0.9714,0.9714
kitti_mini,000011,roll,1.0,deg,2,Car,vehicle,27.1,60.7,54.8,0.0,0,208,208,208,208,1.0,1.0
kitti_mini,000011,roll,1.0,deg,3,Pedestrian,pedestrian,34.2,15.3,38.3,0.0,0,40,40,40,40,1.0,1.0
kitti_mini,000011,roll,1.0,deg,4,Car,vehicle,6.6,85.9,156.9,0.98,0,210,225,206,223,0.981,0.9911
kitti_mini,000011,roll,1.0,deg,5,Pedestrian,pedestrian,17.8,27.7,71.3,0.0,0,81,81,79,79,0.9753,0.9753
kitti_mini,000011,roll,2.0,deg,0,Pedestrian,pedestrian,13.4,53.7,114.9,0.0,1,151,151,138,138,0.9139,0.9139
kitti_mini,000011,roll,2.0,deg,1,Pedestrian,pedestrian,14.5,59.7,104.0,0.0,2,35,35,23,23,0.6571,0.6571
kitti_mini,000011,roll,2.0,deg,2,Car,vehicle,27.1,60.7,54.8,0.0,0,208,208,195,195,0.9375,0.9375
kitti_mini,000011,roll,2.0,deg,3,Pedestrian,pedestrian,34.2,15.3,38.3,0.0,0,40,40,40,40,1.0,1.0
kitti_mini,000011,roll,2.0,deg,4,Car,vehicle,6.6,85.9,156.9,0.98,0,210,231,198,231,0.9429,1.0
kitti_mini,000011,roll,2.0,deg,5,Pedestrian,pedestrian,17.8,27.7,71.3,0.0,0,81,81,74,74,0.9136,0.9136
kitti_mini,000011,roll,3.0,deg,0,Pedestrian,pedestrian,13.4,53.7,114.9,0.0,1,151,151,131,131,0.8675,0.8675
kitti_mini,000011,roll,3.0,deg,1,Pedestrian,pedestrian,14.5,59.7,104.0,0.0,2,35,35,19,19,0.5429,0.5429
kitti_mini,000011,roll,3.0,deg,2,Car,vehicle,27.1,60.7,54.8,0.0,0,208,208,191,191,0.9183,0.9183
kitti_mini,000011,roll,3.0,deg,3,Pedestrian,pedestrian,34.2,15.3,38.3,0.0,0,40,40,40,40,1.0,1.0
kitti_mini,000011,roll,3.0,deg,4,Car,vehicle,6.6,85.9,156.9,0.98,0,210,244,195,244,0.9286,1.0
kitti_mini,000011,roll,3.0,deg,5,Pedestrian,pedestrian,17.8,27.7,71.3,0.0,0,81,81,63,63,0.7778,0.7778
kitti_mini,000011,pitch,0.0,deg,0,Pedestrian,pedestrian,13.4,53.7,114.9,0.0,1,151,151,150,150,0.9934,0.9934
kitti_mini,000011,pitch,0.0,deg,1,Pedestrian,pedestrian,14.5,59.7,104.0,0.0,2,35,35,35,35,1.0,1.0
kitti_mini,000011,pitch,0.0,deg,2,Car,vehicle,27.1,60.7,54.8,0.0,0,208,208,208,208,1.0,1.0
kitti_mini,000011,pitch,0.0,deg,3,Pedestrian,pedestrian,34.2,15.3,38.3,0.0,0,40,40,40,40,1.0,1.0
kitti_mini,000011,pitch,0.0,deg,4,Car,vehicle,6.6,85.9,156.9,0.98,0,210,210,207,207,0.9857,0.9857
kitti_mini,000011,pitch,0.0,deg,5,Pedestrian,pedestrian,17.8,27.7,71.3,0.0,0,81,81,81,81,1.0,1.0
kitti_mini,000011,pitch,0.5,deg,0,Pedestrian,pedestrian,13.4,53.7,114.9,0.0,1,151,151,144,144,0.9536,0.9536
kitti_mini,000011,pitch,0.5,deg,1,Pedestrian,pedestrian,14.5,59.7,104.0,0.0,2,35,35,23,23,0.6571,0.6571
kitti_mini,000011,pitch,0.5,deg,2,Car,vehicle,27.1,60.7,54.8,0.0,0,208,208,166,166,0.7981,0.7981
kitti_mini,000011,pitch,0.5,deg,3,Pedestrian,pedestrian,34.2,15.3,38.3,0.0,0,40,40,36,36,0.9,0.9
kitti_mini,000011,pitch,0.5,deg,4,Car,vehicle,6.6,85.9,156.9,0.98,0,210,196,194,194,0.9238,0.9898
kitti_mini,000011,pitch,0.5,deg,5,Pedestrian,pedestrian,17.8,27.7,71.3,0.0,0,81,81,74,74,0.9136,0.9136
kitti_mini,000011,pitch,1.0,deg,0,Pedestrian,pedestrian,13.4,53.7,114.9,0.0,1,151,151,138,138,0.9139,0.9139
kitti_mini,000011,pitch,1.0,deg,1,Pedestrian,pedestrian,14.5,59.7,104.0,0.0,2,35,35,19,19,0.5429,0.5429
kitti_mini,000011,pitch,1.0,deg,2,Car,vehicle,27.1,60.7,54.8,0.0,0,208,208,146,146,0.7019,0.7019
kitti_mini,000011,pitch,1.0,deg,3,Pedestrian,pedestrian,34.2,15.3,38.3,0.0,0,40,40,32,32,0.8,0.8
kitti_mini,000011,pitch,1.0,deg,4,Car,vehicle,6.6,85.9,156.9,0.98,0,210,181,181,181,0.8619,1.0
kitti_mini,000011,pitch,1.0,deg,5,Pedestrian,pedestrian,17.8,27.7,71.3,0.0,0,81,81,72,72,0.8889,0.8889
kitti_mini,000011,pitch,2.0,deg,0,Pedestrian,pedestrian,13.4,53.7,114.9,0.0,1,151,151,114,114,0.755,0.755
kitti_mini,000011,pitch,2.0,deg,1,Pedestrian,pedestrian,14.5,59.7,104.0,0.0,2,35,35,11,11,0.3143,0.3143
kitti_mini,000011,pitch,2.0,deg,2,Car,vehicle,27.1,60.7,54.8,0.0,0,208,208,78,78,0.375,0.375
kitti_mini,000011,pitch,2.0,deg,3,Pedestrian,pedestrian,34.2,15.3,38.3,0.0,0,40,40,15,15,0.375,0.375
kitti_mini,000011,pitch,2.0,deg,4,Car,vehicle,6.6,85.9,156.9,0.98,0,210,163,160,160,0.7619,0.9816
kitti_mini,000011,pitch,2.0,deg,5,Pedestrian,pedestrian,17.8,27.7,71.3,0.0,0,81,81,54,54,0.6667,0.6667
kitti_mini,000011,pitch,3.0,deg,0,Pedestrian,pedestrian,13.4,53.7,114.9,0.0,1,151,151,100,100,0.6623,0.6623
kitti_mini,000011,pitch,3.0,deg,1,Pedestrian,pedestrian,14.5,59.7,104.0,0.0,2,35,35,8,8,0.2286,0.2286
kitti_mini,000011,pitch,3.0,deg,2,Car,vehicle,27.1,60.7,54.8,0.0,0,208,208,45,45,0.2163,0.2163
kitti_mini,000011,pitch,3.0,deg,3,Pedestrian,pedestrian,34.2,15.3,38.3,0.0,0,40,40,0,0,0.0,0.0
kitti_mini,000011,pitch,3.0,deg,4,Car,vehicle,6.6,85.9,156.9,0.98,0,210,134,132,132,0.6286,0.9851
kitti_mini,000011,pitch,3.0,deg,5,Pedestrian,pedestrian,17.8,27.7,71.3,0.0,0,81,81,39,39,0.4815,0.4815
kitti_mini,000011,yaw,0.0,deg,0,Pedestrian,pedestrian,13.4,53.7,114.9,0.0,1,151,151,150,150,0.9934,0.9934
kitti_mini,000011,yaw,0.0,deg,1,Pedestrian,pedestrian,14.5,59.7,104.0,0.0,2,35,35,35,35,1.0,1.0
kitti_mini,000011,yaw,0.0,deg,2,Car,vehicle,27.1,60.7,54.8,0.0,0,208,208,208,208,1.0,1.0
kitti_mini,000011,yaw,0.0,deg,3,Pedestrian,pedestrian,34.2,15.3,38.3,0.0,0,40,40,40,40,1.0,1.0
kitti_mini,000011,yaw,0.0,deg,4,Car,vehicle,6.6,85.9,156.9,0.98,0,210,210,207,207,0.9857,0.9857
kitti_mini,000011,yaw,0.0,deg,5,Pedestrian,pedestrian,17.8,27.7,71.3,0.0,0,81,81,81,81,1.0,1.0
kitti_mini,000011,yaw,0.5,deg,0,Pedestrian,pedestrian,13.4,53.7,114.9,0.0,1,151,151,141,141,0.9338,0.9338
kitti_mini,000011,yaw,0.5,deg,1,Pedestrian,pedestrian,14.5,59.7,104.0,0.0,2,35,35,35,35,1.0,1.0
kitti_mini,000011,yaw,0.5,deg,2,Car,vehicle,27.1,60.7,54.8,0.0,0,208,208,199,199,0.9567,0.9567
kitti_mini,000011,yaw,0.5,deg,3,Pedestrian,pedestrian,34.2,15.3,38.3,0.0,0,40,40,21,21,0.525,0.525
kitti_mini,000011,yaw,0.5,deg,4,Car,vehicle,6.6,85.9,156.9,0.98,0,210,175,172,172,0.819,0.9829
kitti_mini,000011,yaw,0.5,deg,5,Pedestrian,pedestrian,17.8,27.7,71.3,0.0,0,81,81,66,66,0.8148,0.8148
kitti_mini,000011,yaw,1.0,deg,0,Pedestrian,pedestrian,13.4,53.7,114.9,0.0,1,151,151,124,124,0.8212,0.8212
kitti_mini,000011,yaw,1.0,deg,1,Pedestrian,pedestrian,14.5,59.7,104.0,0.0,2,35,35,35,35,1.0,1.0
kitti_mini,000011,yaw,1.0,deg,2,Car,vehicle,27.1,60.7,54.8,0.0,0,208,208,178,178,0.8558,0.8558
kitti_mini,000011,yaw,1.0,deg,3,Pedestrian,pedestrian,34.2,15.3,38.3,0.0,0,40,40,3,3,0.075,0.075
kitti_mini,000011,yaw,1.0,deg,4,Car,vehicle,6.6,85.9,156.9,0.98,0,210,141,140,140,0.6667,0.9929
kitti_mini,000011,yaw,1.0,deg,5,Pedestrian,pedestrian,17.8,27.7,71.3,0.0,0,81,81,28,28,0.3457,0.3457
kitti_mini,000011,yaw,2.0,deg,0,Pedestrian,pedestrian,13.4,53.7,114.9,0.0,1,151,151,44,44,0.2914,0.2914
kitti_mini,000011,yaw,2.0,deg,1,Pedestrian,pedestrian,14.5,59.7,104.0,0.0,2,35,35,21,21,0.6,0.6
kitti_mini,000011,yaw,2.0,deg,2,Car,vehicle,27.1,60.7,54.8,0.0,0,208,208,127,127,0.6106,0.6106
kitti_mini,000011,yaw,2.0,deg,3,Pedestrian,pedestrian,34.2,15.3,38.3,0.0,0,40,40,0,0,0.0,0.0
kitti_mini,000011,yaw,2.0,deg,4,Car,vehicle,6.6,85.9,156.9,0.98,0,210,77,77,77,0.3667,1.0
kitti_mini,000011,yaw,2.0,deg,5,Pedestrian,pedestrian,17.8,27.7,71.3,0.0,0,81,81,0,0,0.0,0.0
kitti_mini,000011,yaw,3.0,deg,0,Pedestrian,pedestrian,13.4,53.7,114.9,0.0,1,151,151,10,10,0.0662,0.0662
kitti_mini,000011,yaw,3.0,deg,1,Pedestrian,pedestrian,14.5,59.7,104.0,0.0,2,35,35,6,6,0.1714,0.1714
kitti_mini,000011,yaw,3.0,deg,2,Car,vehicle,27.1,60.7,54.8,0.0,0,208,208,76,76,0.3654,0.3654
kitti_mini,000011,yaw,3.0,deg,3,Pedestrian,pedestrian,34.2,15.3,38.3,0.0,0,40,40,0,0,0.0,0.0
kitti_mini,000011,yaw,3.0,deg,4,Car,vehicle,6.6,85.9,156.9,0.98,0,210,22,22,22,0.1048,1.0
kitti_mini,000011,yaw,3.0,deg,5,Pedestrian,pedestrian,17.8,27.7,71.3,0.0,0,81,81,0,0,0.0,0.0
kitti_mini,000011,tx,0.0,m,0,Pedestrian,pedestrian,13.4,53.7,114.9,0.0,1,151,151,150,150,0.9934,0.9934
kitti_mini,000011,tx,0.0,m,1,Pedestrian,pedestrian,14.5,59.7,104.0,0.0,2,35,35,35,35,1.0,1.0
kitti_mini,000011,tx,0.0,m,2,Car,vehicle,27.1,60.7,54.8,0.0,0,208,208,208,208,1.0,1.0
kitti_mini,000011,tx,0.0,m,3,Pedestrian,pedestrian,34.2,15.3,38.3,0.0,0,40,40,40,40,1.0,1.0
kitti_mini,000011,tx,0.0,m,4,Car,vehicle,6.6,85.9,156.9,0.98,0,210,210,207,207,0.9857,0.9857
kitti_mini,000011,tx,0.0,m,5,Pedestrian,pedestrian,17.8,27.7,71.3,0.0,0,81,81,81,81,1.0,1.0
kitti_mini,000011,tx,0.02,m,0,Pedestrian,pedestrian,13.4,53.7,114.9,0.0,1,151,151,151,151,1.0,1.0
kitti_mini,000011,tx,0.02,m,1,Pedestrian,pedestrian,14.5,59.7,104.0,0.0,2,35,35,35,35,1.0,1.0
kitti_mini,000011,tx,0.02,m,2,Car,vehicle,27.1,60.7,54.8,0.0,0,208,208,208,208,1.0,1.0
kitti_mini,000011,tx,0.02,m,3,Pedestrian,pedestrian,34.2,15.3,38.3,0.0,0,40,40,40,40,1.0,1.0
kitti_mini,000011,tx,0.02,m,4,Car,vehicle,6.6,85.9,156.9,0.98,0,210,220,209,217,0.9952,0.9864
kitti_mini,000011,tx,0.02,m,5,Pedestrian,pedestrian,17.8,27.7,71.3,0.0,0,81,81,81,81,1.0,1.0
kitti_mini,000011,tx,0.05,m,0,Pedestrian,pedestrian,13.4,53.7,114.9,0.0,1,151,151,151,151,1.0,1.0
kitti_mini,000011,tx,0.05,m,1,Pedestrian,pedestrian,14.5,59.7,104.0,0.0,2,35,35,35,35,1.0,1.0
kitti_mini,000011,tx,0.05,m,2,Car,vehicle,27.1,60.7,54.8,0.0,0,208,208,208,208,1.0,1.0
kitti_mini,000011,tx,0.05,m,3,Pedestrian,pedestrian,34.2,15.3,38.3,0.0,0,40,40,39,39,0.975,0.975
kitti_mini,000011,tx,0.05,m,4,Car,vehicle,6.6,85.9,156.9,0.98,0,210,235,210,233,1.0,0.9915
kitti_mini,000011,tx,0.05,m,5,Pedestrian,pedestrian,17.8,27.7,71.3,0.0,0,81,81,81,81,1.0,1.0
kitti_mini,000011,tx,0.1,m,0,Pedestrian,pedestrian,13.4,53.7,114.9,0.0,1,151,151,150,150,0.9934,0.9934
kitti_mini,000011,tx,0.1,m,1,Pedestrian,pedestrian,14.5,59.7,104.0,0.0,2,35,35,35,35,1.0,1.0
kitti_mini,000011,tx,0.1,m,2,Car,vehicle,27.1,60.7,54.8,0.0,0,208,208,208,208,1.0,1.0
kitti_mini,000011,tx,0.1,m,3,Pedestrian,pedestrian,34.2,15.3,38.3,0.0,0,40,40,39,39,0.975,0.975
kitti_mini,000011,tx,0.1,m,4,Car,vehicle,6.6,85.9,156.9,0.98,0,210,255,210,252,1.0,0.9882
kitti_mini,000011,tx,0.1,m,5,Pedestrian,pedestrian,17.8,27.7,71.3,0.0,0,81,81,80,80,0.9877,0.9877
kitti_mini,000011,tx,0.2,m,0,Pedestrian,pedestrian,13.4,53.7,114.9,0.0,1,151,151,146,146,0.9669,0.9669
kitti_mini,000011,tx,0.2,m,1,Pedestrian,pedestrian,14.5,59.7,104.0,0.0,2,35,35,35,35,1.0,1.0
kitti_mini,000011,tx,0.2,m,2,Car,vehicle,27.1,60.7,54.8,0.0,0,208,208,208,208,1.0,1.0
kitti_mini,000011,tx,0.2,m,3,Pedestrian,pedestrian,34.2,15.3,38.3,0.0,0,40,40,38,38,0.95,0.95
kitti_mini,000011,tx,0.2,m,4,Car,vehicle,6.6,85.9,156.9,0.98,0,210,298,202,288,0.9619,0.9664
kitti_mini,000011,tx,0.2,m,5,Pedestrian,pedestrian,17.8,27.7,71.3,0.0,0,81,81,76,76,0.9383,0.9383
kitti_mini,000011,ty,0.0,m,0,Pedestrian,pedestrian,13.4,53.7,114.9,0.0,1,151,151,150,150,0.9934,0.9934
kitti_mini,000011,ty,0.0,m,1,Pedestrian,pedestrian,14.5,59.7,104.0,0.0,2,35,35,35,35,1.0,1.0
kitti_mini,000011,ty,0.0,m,2,Car,vehicle,27.1,60.7,54.8,0.0,0,208,208,208,208,1.0,1.0
kitti_mini,000011,ty,0.0,m,3,Pedestrian,pedestrian,34.2,15.3,38.3,0.0,0,40,40,40,40,1.0,1.0
kitti_mini,000011,ty,0.0,m,4,Car,vehicle,6.6,85.9,156.9,0.98,0,210,210,207,207,0.9857,0.9857
kitti_mini,000011,ty,0.0,m,5,Pedestrian,pedestrian,17.8,27.7,71.3,0.0,0,81,81,81,81,1.0,1.0
kitti_mini,000011,ty,0.02,m,0,Pedestrian,pedestrian,13.4,53.7,114.9,0.0,1,151,151,151,151,1.0,1.0
kitti_mini,000011,ty,0.02,m,1,Pedestrian,pedestrian,14.5,59.7,104.0,0.0,2,35,35,35,35,1.0,1.0
kitti_mini,000011,ty,0.02,m,2,Car,vehicle,27.1,60.7,54.8,0.0,0,208,208,208,208,1.0,1.0
kitti_mini,000011,ty,0.02,m,3,Pedestrian,pedestrian,34.2,15.3,38.3,0.0,0,40,40,38,38,0.95,0.95
kitti_mini,000011,ty,0.02,m,4,Car,vehicle,6.6,85.9,156.9,0.98,0,210,204,201,201,0.9571,0.9853
kitti_mini,000011,ty,0.02,m,5,Pedestrian,pedestrian,17.8,27.7,71.3,0.0,0,81,81,81,81,1.0,1.0
kitti_mini,000011,ty,0.05,m,0,Pedestrian,pedestrian,13.4,53.7,114.9,0.0,1,151,151,149,149,0.9868,0.9868
kitti_mini,000011,ty,0.05,m,1,Pedestrian,pedestrian,14.5,59.7,104.0,0.0,2,35,35,35,35,1.0,1.0
kitti_mini,000011,ty,0.05,m,2,Car,vehicle,27.1,60.7,54.8,0.0,0,208,208,208,208,1.0,1.0
kitti_mini,000011,ty,0.05,m,3,Pedestrian,pedestrian,34.2,15.3,38.3,0.0,0,40,40,38,38,0.95,0.95
kitti_mini,000011,ty,0.05,m,4,Car,vehicle,6.6,85.9,156.9,0.98,0,210,191,188,188,0.8952,0.9843
kitti_mini,000011,ty,0.05,m,5,Pedestrian,pedestrian,17.8,27.7,71.3,0.0,0,81,81,81,81,1.0,1.0
kitti_mini,000011,ty,0.1,m,0,Pedestrian,pedestrian,13.4,53.7,114.9,0.0,1,151,151,145,145,0.9603,0.9603
kitti_mini,000011,ty,0.1,m,1,Pedestrian,pedestrian,14.5,59.7,104.0,0.0,2,35,35,35,35,1.0,1.0
kitti_mini,000011,ty,0.1,m,2,Car,vehicle,27.1,60.7,54.8,0.0,0,208,208,208,208,1.0,1.0
kitti_mini,000011,ty,0.1,m,3,Pedestrian,pedestrian,34.2,15.3,38.3,0.0,0,40,40,35,35,0.875,0.875
kitti_mini,000011,ty,0.1,m,4,Car,vehicle,6.6,85.9,156.9,0.98,0,210,170,168,168,0.8,0.9882
kitti_mini,000011,ty,0.1,m,5,Pedestrian,pedestrian,17.8,27.7,71.3,0.0,0,81,81,78,78,0.963,0.963
kitti_mini,000011,ty,0.2,m,0,Pedestrian,pedestrian,13.4,53.7,114.9,0.0,1,151,151,131,131,0.8675,0.8675
kitti_mini,000011,ty,0.2,m,1,Pedestrian,pedestrian,14.5,59.7,104.0,0.0,2,35,35,35,35,1.0,1.0
kitti_mini,000011,ty,0.2,m,2,Car,vehicle,27.1,60.7,54.8,0.0,0,208,208,204,204,0.9808,0.9808
kitti_mini,000011,ty,0.2,m,3,Pedestrian,pedestrian,34.2,15.3,38.3,0.0,0,40,40,28,28,0.7,0.7
kitti_mini,000011,ty,0.2,m,4,Car,vehicle,6.6,85.9,156.9,0.98,0,210,135,133,133,0.6333,0.9852
kitti_mini,000011,ty,0.2,m,5,Pedestrian,pedestrian,17.8,27.7,71.3,0.0,0,81,81,62,62,0.7654,0.7654
kitti_mini,000011,tz,0.0,m,0,Pedestrian,pedestrian,13.4,53.7,114.9,0.0,1,151,151,150,150,0.9934,0.9934
kitti_mini,000011,tz,0.0,m,1,Pedestrian,pedestrian,14.5,59.7,104.0,0.0,2,35,35,35,35,1.0,1.0
kitti_mini,000011,tz,0.0,m,2,Car,vehicle,27.1,60.7,54.8,0.0,0,208,208,208,208,1.0,1.0
kitti_mini,000011,tz,0.0,m,3,Pedestrian,pedestrian,34.2,15.3,38.3,0.0,0,40,40,40,40,1.0,1.0
kitti_mini,000011,tz,0.0,m,4,Car,vehicle,6.6,85.9,156.9,0.98,0,210,210,207,207,0.9857,0.9857
kitti_mini,000011,tz,0.0,m,5,Pedestrian,pedestrian,17.8,27.7,71.3,0.0,0,81,81,81,81,1.0,1.0
kitti_mini,000011,tz,0.02,m,0,Pedestrian,pedestrian,13.4,53.7,114.9,0.0,1,151,151,150,150,0.9934,0.9934
kitti_mini,000011,tz,0.02,m,1,Pedestrian,pedestrian,14.5,59.7,104.0,0.0,2,35,35,35,35,1.0,1.0
kitti_mini,000011,tz,0.02,m,2,Car,vehicle,27.1,60.7,54.8,0.0,0,208,208,208,208,1.0,1.0
kitti_mini,000011,tz,0.02,m,3,Pedestrian,pedestrian,34.2,15.3,38.3,0.0,0,40,40,40,40,1.0,1.0
kitti_mini,000011,tz,0.02,m,4,Car,vehicle,6.6,85.9,156.9,0.98,0,210,216,210,214,1.0,0.9907
kitti_mini,000011,tz,0.02,m,5,Pedestrian,pedestrian,17.8,27.7,71.3,0.0,0,81,81,81,81,1.0,1.0
kitti_mini,000011,tz,0.05,m,0,Pedestrian,pedestrian,13.4,53.7,114.9,0.0,1,151,151,150,150,0.9934,0.9934
kitti_mini,000011,tz,0.05,m,1,Pedestrian,pedestrian,14.5,59.7,104.0,0.0,2,35,35,35,35,1.0,1.0
kitti_mini,000011,tz,0.05,m,2,Car,vehicle,27.1,60.7,54.8,0.0,0,208,208,208,208,1.0,1.0
kitti_mini,000011,tz,0.05,m,3,Pedestrian,pedestrian,34.2,15.3,38.3,0.0,0,40,40,40,40,1.0,1.0
kitti_mini,000011,tz,0.05,m,4,Car,vehicle,6.6,85.9,156.9,0.98,0,210,221,210,218,1.0,0.9864
kitti_mini,000011,tz,0.05,m,5,Pedestrian,pedestrian,17.8,27.7,71.3,0.0,0,81,81,81,81,1.0,1.0
kitti_mini,000011,tz,0.1,m,0,Pedestrian,pedestrian,13.4,53.7,114.9,0.0,1,151,151,151,151,1.0,1.0
kitti_mini,000011,tz,0.1,m,1,Pedestrian,pedestrian,14.5,59.7,104.0,0.0,2,35,35,35,35,1.0,1.0
kitti_mini,000011,tz,0.1,m,2,Car,vehicle,27.1,60.7,54.8,0.0,0,208,208,208,208,1.0,1.0
kitti_mini,000011,tz,0.1,m,3,Pedestrian,pedestrian,34.2,15.3,38.3,0.0,0,40,40,40,40,1.0,1.0
kitti_mini,000011,tz,0.1,m,4,Car,vehicle,6.6,85.9,156.9,0.98,0,210,234,210,234,1.0,1.0
kitti_mini,000011,tz,0.1,m,5,Pedestrian,pedestrian,17.8,27.7,71.3,0.0,0,81,81,79,79,0.9753,0.9753
kitti_mini,000011,tz,0.2,m,0,Pedestrian,pedestrian,13.4,53.7,114.9,0.0,1,151,151,148,148,0.9801,0.9801
kitti_mini,000011,tz,0.2,m,1,Pedestrian,pedestrian,14.5,59.7,104.0,0.0,2,35,35,35,35,1.0,1.0
kitti_mini,000011,tz,0.2,m,2,Car,vehicle,27.1,60.7,54.8,0.0,0,208,208,191,191,0.9183,0.9183
kitti_mini,000011,tz,0.2,m,3,Pedestrian,pedestrian,34.2,15.3,38.3,0.0,0,40,40,37,37,0.925,0.925
kitti_mini,000011,tz,0.2,m,4,Car,vehicle,6.6,85.9,156.9,0.98,0,210,263,210,260,1.0,0.9886
kitti_mini,000011,tz,0.2,m,5,Pedestrian,pedestrian,17.8,27.7,71.3,0.0,0,81,81,75,75,0.9259,0.9259
kitti_mini,000012,roll,0.0,deg,0,Car,vehicle,59.1,28.0,19.2,0.0,0,13,13,13,13,1.0,1.0
kitti_mini,000012,roll,0.0,deg,1,Van,vehicle,66.3,33.5,29.3,0.0,0,39,39,39,39,1.0,1.0
kitti_mini,000012,roll,0.5,deg,0,Car,vehicle,59.1,28.0,19.2,0.0,0,13,13,13,13,1.0,1.0
kitti_mini,000012,roll,0.5,deg,1,Van,vehicle,66.3,33.5,29.3,0.0,0,39,39,39,39,1.0,1.0
kitti_mini,000012,roll,1.0,deg,0,Car,vehicle,59.1,28.0,19.2,0.0,0,13,13,13,13,1.0,1.0
kitti_mini,000012,roll,1.0,deg,1,Van,vehicle,66.3,33.5,29.3,0.0,0,39,39,39,39,1.0,1.0
kitti_mini,000012,roll,2.0,deg,0,Car,vehicle,59.1,28.0,19.2,0.0,0,13,13,13,13,1.0,1.0
kitti_mini,000012,roll,2.0,deg,1,Van,vehicle,66.3,33.5,29.3,0.0,0,39,39,28,28,0.7179,0.7179
kitti_mini,000012,roll,3.0,deg,0,Car,vehicle,59.1,28.0,19.2,0.0,0,13,13,13,13,1.0,1.0
kitti_mini,000012,roll,3.0,deg,1,Van,vehicle,66.3,33.5,29.3,0.0,0,39,39,28,28,0.7179,0.7179
kitti_mini,000012,pitch,0.0,deg,0,Car,vehicle,59.1,28.0,19.2,0.0,0,13,13,13,13,1.0,1.0
kitti_mini,000012,pitch,0.0,deg,1,Van,vehicle,66.3,33.5,29.3,0.0,0,39,39,39,39,1.0,1.0
kitti_mini,000012,pitch,0.5,deg,0,Car,vehicle,59.1,28.0,19.2,0.0,0,13,13,9,9,0.6923,0.6923
kitti_mini,000012,pitch,0.5,deg,1,Van,vehicle,66.3,33.5,29.3,0.0,0,39,39,39,39,1.0,1.0
kitti_mini,000012,pitch,1.0,deg,0,Car,vehicle,59.1,28.0,19.2,0.0,0,13,13,1,1,0.0769,0.0769
kitti_mini,000012,pitch,1.0,deg,1,Van,vehicle,66.3,33.5,29.3,0.0,0,39,39,18,18,0.4615,0.4615
kitti_mini,000012,pitch,2.0,deg,0,Car,vehicle,59.1,28.0,19.2,0.0,0,13,13,0,0,0.0,0.0
kitti_mini,000012,pitch,2.0,deg,1,Van,vehicle,66.3,33.5,29.3,0.0,0,39,39,11,11,0.2821,0.2821
kitti_mini,000012,pitch,3.0,deg,0,Car,vehicle,59.1,28.0,19.2,0.0,0,13,13,0,0,0.0,0.0
kitti_mini,000012,pitch,3.0,deg,1,Van,vehicle,66.3,33.5,29.3,0.0,0,39,39,0,0,0.0,0.0
kitti_mini,000012,yaw,0.0,deg,0,Car,vehicle,59.1,28.0,19.2,0.0,0,13,13,13,13,1.0,1.0
kitti_mini,000012,yaw,0.0,deg,1,Van,vehicle,66.3,33.5,29.3,0.0,0,39,39,39,39,1.0,1.0
kitti_mini,000012,yaw,0.5,deg,0,Car,vehicle,59.1,28.0,19.2,0.0,0,13,13,13,13,1.0,1.0
kitti_mini,000012,yaw,0.5,deg,1,Van,vehicle,66.3,33.5,29.3,0.0,0,39,39,35,35,0.8974,0.8974
kitti_mini,000012,yaw,1.0,deg,0,Car,vehicle,59.1,28.0,19.2,0.0,0,13,13,11,11,0.8462,0.8462
kitti_mini,000012,yaw,1.0,deg,1,Van,vehicle,66.3,33.5,29.3,0.0,0,39,39,23,23,0.5897,0.5897
kitti_mini,000012,yaw,2.0,deg,0,Car,vehicle,59.1,28.0,19.2,0.0,0,13,13,1,1,0.0769,0.0769
kitti_mini,000012,yaw,2.0,deg,1,Van,vehicle,66.3,33.5,29.3,0.0,0,39,39,4,4,0.1026,0.1026
kitti_mini,000012,yaw,3.0,deg,0,Car,vehicle,59.1,28.0,19.2,0.0,0,13,13,0,0,0.0,0.0
kitti_mini,000012,yaw,3.0,deg,1,Van,vehicle,66.3,33.5,29.3,0.0,0,39,39,0,0,0.0,0.0
kitti_mini,000012,tx,0.0,m,0,Car,vehicle,59.1,28.0,19.2,0.0,0,13,13,13,13,1.0,1.0
kitti_mini,000012,tx,0.0,m,1,Van,vehicle,66.3,33.5,29.3,0.0,0,39,39,39,39,1.0,1.0
kitti_mini,000012,tx,0.02,m,0,Car,vehicle,59.1,28.0,19.2,0.0,0,13,13,13,13,1.0,1.0
kitti_mini,000012,tx,0.02,m,1,Van,vehicle,66.3,33.5,29.3,0.0,0,39,39,39,39,1.0,1.0
kitti_mini,000012,tx,0.05,m,0,Car,vehicle,59.1,28.0,19.2,0.0,0,13,13,13,13,1.0,1.0
kitti_mini,000012,tx,0.05,m,1,Van,vehicle,66.3,33.5,29.3,0.0,0,39,39,39,39,1.0,1.0
kitti_mini,000012,tx,0.1,m,0,Car,vehicle,59.1,28.0,19.2,0.0,0,13,13,13,13,1.0,1.0
kitti_mini,000012,tx,0.1,m,1,Van,vehicle,66.3,33.5,29.3,0.0,0,39,39,39,39,1.0,1.0
kitti_mini,000012,tx,0.2,m,0,Car,vehicle,59.1,28.0,19.2,0.0,0,13,13,13,13,1.0,1.0
kitti_mini,000012,tx,0.2,m,1,Van,vehicle,66.3,33.5,29.3,0.0,0,39,39,39,39,1.0,1.0
kitti_mini,000012,ty,0.0,m,0,Car,vehicle,59.1,28.0,19.2,0.0,0,13,13,13,13,1.0,1.0
kitti_mini,000012,ty,0.0,m,1,Van,vehicle,66.3,33.5,29.3,0.0,0,39,39,39,39,1.0,1.0
kitti_mini,000012,ty,0.02,m,0,Car,vehicle,59.1,28.0,19.2,0.0,0,13,13,13,13,1.0,1.0
kitti_mini,000012,ty,0.02,m,1,Van,vehicle,66.3,33.5,29.3,0.0,0,39,39,39,39,1.0,1.0
kitti_mini,000012,ty,0.05,m,0,Car,vehicle,59.1,28.0,19.2,0.0,0,13,13,13,13,1.0,1.0
kitti_mini,000012,ty,0.05,m,1,Van,vehicle,66.3,33.5,29.3,0.0,0,39,39,39,39,1.0,1.0
kitti_mini,000012,ty,0.1,m,0,Car,vehicle,59.1,28.0,19.2,0.0,0,13,13,13,13,1.0,1.0
kitti_mini,000012,ty,0.1,m,1,Van,vehicle,66.3,33.5,29.3,0.0,0,39,39,39,39,1.0,1.0
kitti_mini,000012,ty,0.2,m,0,Car,vehicle,59.1,28.0,19.2,0.0,0,13,13,13,13,1.0,1.0
kitti_mini,000012,ty,0.2,m,1,Van,vehicle,66.3,33.5,29.3,0.0,0,39,39,39,39,1.0,1.0
kitti_mini,000012,tz,0.0,m,0,Car,vehicle,59.1,28.0,19.2,0.0,0,13,13,13,13,1.0,1.0
kitti_mini,000012,tz,0.0,m,1,Van,vehicle,66.3,33.5,29.3,0.0,0,39,39,39,39,1.0,1.0
kitti_mini,000012,tz,0.02,m,0,Car,vehicle,59.1,28.0,19.2,0.0,0,13,13,13,13,1.0,1.0
kitti_mini,000012,tz,0.02,m,1,Van,vehicle,66.3,33.5,29.3,0.0,0,39,39,39,39,1.0,1.0
kitti_mini,000012,tz,0.05,m,0,Car,vehicle,59.1,28.0,19.2,0.0,0,13,13,13,13,1.0,1.0
kitti_mini,000012,tz,0.05,m,1,Van,vehicle,66.3,33.5,29.3,0.0,0,39,39,39,39,1.0,1.0
kitti_mini,000012,tz,0.1,m,0,Car,vehicle,59.1,28.0,19.2,0.0,0,13,13,13,13,1.0,1.0
kitti_mini,000012,tz,0.1,m,1,Van,vehicle,66.3,33.5,29.3,0.0,0,39,39,39,39,1.0,1.0
kitti_mini,000012,tz,0.2,m,0,Car,vehicle,59.1,28.0,19.2,0.0,0,13,13,13,13,1.0,1.0
kitti_mini,000012,tz,0.2,m,1,Van,vehicle,66.3,33.5,29.3,0.0,0,39,39,39,39,1.0,1.0
kitti_mini,000015,roll,0.0,deg,0,Car,vehicle,4.9,414.7,178.3,0.89,0,1650,1650,1637,1637,0.9921,0.9921
kitti_mini,000015,roll,0.0,deg,1,Pedestrian,pedestrian,9.0,79.6,183.3,0.0,1,386,386,371,371,0.9611,0.9611
kitti_mini,000015,roll,0.0,deg,2,Pedestrian,pedestrian,24.3,17.9,52.6,0.0,0,55,55,49,49,0.8909,0.8909
kitti_mini,000015,roll,0.0,deg,3,Pedestrian,pedestrian,24.4,19.8,54.9,0.0,0,70,70,59,59,0.8429,0.8429
kitti_mini,000015,roll,0.0,deg,4,Pedestrian,pedestrian,23.4,23.1,56.3,0.0,0,66,66,66,66,1.0,1.0
kitti_mini,000015,roll,0.5,deg,0,Car,vehicle,4.9,414.7,178.3,0.89,0,1650,1699,1649,1688,0.9994,0.9935
kitti_mini,000015,roll,0.5,deg,1,Pedestrian,pedestrian,9.0,79.6,183.3,0.0,1,386,386,370,370,0.9585,0.9585
kitti_mini,000015,roll,0.5,deg,2,Pedestrian,pedestrian,24.3,17.9,52.6,0.0,0,55,55,49,49,0.8909,0.8909
kitti_mini,000015,roll,0.5,deg,3,Pedestrian,pedestrian,24.4,19.8,54.9,0.0,0,70,70,59,59,0.8429,0.8429
kitti_mini,000015,roll,0.5,deg,4,Pedestrian,pedestrian,23.4,23.1,56.3,0.0,0,66,66,66,66,1.0,1.0
kitti_mini,000015,roll,1.0,deg,0,Car,vehicle,4.9,414.7,178.3,0.89,0,1650,1745,1647,1730,0.9982,0.9914
kitti_mini,000015,roll,1.0,deg,1,Pedestrian,pedestrian,9.0,79.6,183.3,0.0,1,386,386,369,369,0.956,0.956
kitti_mini,000015,roll,1.0,deg,2,Pedestrian,pedestrian,24.3,17.9,52.6,0.0,0,55,55,49,49,0.8909,0.8909
kitti_mini,000015,roll,1.0,deg,3,Pedestrian,pedestrian,24.4,19.8,54.9,0.0,0,70,70,59,59,0.8429,0.8429
kitti_mini,000015,roll,1.0,deg,4,Pedestrian,pedestrian,23.4,23.1,56.3,0.0,0,66,66,66,66,1.0,1.0
kitti_mini,000015,roll,2.0,deg,0,Car,vehicle,4.9,414.7,178.3,0.89,0,1650,1859,1626,1825,0.9855,0.9817
kitti_mini,000015,roll,2.0,deg,1,Pedestrian,pedestrian,9.0,79.6,183.3,0.0,1,386,386,348,348,0.9016,0.9016
kitti_mini,000015,roll,2.0,deg,2,Pedestrian,pedestrian,24.3,17.9,52.6,0.0,0,55,55,47,47,0.8545,0.8545
kitti_mini,000015,roll,2.0,deg,3,Pedestrian,pedestrian,24.4,19.8,54.9,0.0,0,70,70,56,56,0.8,0.8
kitti_mini,000015,roll,2.0,deg,4,Pedestrian,pedestrian,23.4,23.1,56.3,0.0,0,66,66,66,66,1.0,1.0
kitti_mini,000015,roll,3.0,deg,0,Car,vehicle,4.9,414.7,178.3,0.89,0,1650,1953,1559,1838,0.9448,0.9411
kitti_mini,000015,roll,3.0,deg,1,Pedestrian,pedestrian,9.0,79.6,183.3,0.0,1,386,386,331,331,0.8575,0.8575
kitti_mini,000015,roll,3.0,deg,2,Pedestrian,pedestrian,24.3,17.9,52.6,0.0,0,55,55,41,41,0.7455,0.7455
kitti_mini,000015,roll,3.0,deg,3,Pedestrian,pedestrian,24.4,19.8,54.9,0.0,0,70,70,55,55,0.7857,0.7857
kitti_mini,000015,roll,3.0,deg,4,Pedestrian,pedestrian,23.4,23.1,56.3,0.0,0,66,66,66,66,1.0,1.0
kitti_mini,000015,pitch,0.0,deg,0,Car,vehicle,4.9,414.7,178.3,0.89,0,1650,1650,1637,1637,0.9921,0.9921
kitti_mini,000015,pitch,0.0,deg,1,Pedestrian,pedestrian,9.0,79.6,183.3,0.0,1,386,386,371,371,0.9611,0.9611
kitti_mini,000015,pitch,0.0,deg,2,Pedestrian,pedestrian,24.3,17.9,52.6,0.0,0,55,55,49,49,0.8909,0.8909
kitti_mini,000015,pitch,0.0,deg,3,Pedestrian,pedestrian,24.4,19.8,54.9,0.0,0,70,70,59,59,0.8429,0.8429
kitti_mini,000015,pitch,0.0,deg,4,Pedestrian,pedestrian,23.4,23.1,56.3,0.0,0,66,66,66,66,1.0,1.0
kitti_mini,000015,pitch,0.5,deg,0,Car,vehicle,4.9,414.7,178.3,0.89,0,1650,1549,1536,1536,0.9309,0.9916
kitti_mini,000015,pitch,0.5,deg,1,Pedestrian,pedestrian,9.0,79.6,183.3,0.0,1,386,386,372,372,0.9637,0.9637
kitti_mini,000015,pitch,0.5,deg,2,Pedestrian,pedestrian,24.3,17.9,52.6,0.0,0,55,55,45,45,0.8182,0.8182
kitti_mini,000015,pitch,0.5,deg,3,Pedestrian,pedestrian,24.4,19.8,54.9,0.0,0,70,70,58,58,0.8286,0.8286
kitti_mini,000015,pitch,0.5,deg,4,Pedestrian,pedestrian,23.4,23.1,56.3,0.0,0,66,66,63,63,0.9545,0.9545
kitti_mini,000015,pitch,1.0,deg,0,Car,vehicle,4.9,414.7,178.3,0.89,0,1650,1442,1428,1428,0.8655,0.9903
kitti_mini,000015,pitch,1.0,deg,1,Pedestrian,pedestrian,9.0,79.6,183.3,0.0,1,386,386,361,361,0.9352,0.9352
kitti_mini,000015,pitch,1.0,deg,2,Pedestrian,pedestrian,24.3,17.9,52.6,0.0,0,55,55,39,39,0.7091,0.7091
kitti_mini,000015,pitch,1.0,deg,3,Pedestrian,pedestrian,24.4,19.8,54.9,0.0,0,70,70,48,48,0.6857,0.6857
kitti_mini,000015,pitch,1.0,deg,4,Pedestrian,pedestrian,23.4,23.1,56.3,0.0,0,66,66,56,56,0.8485,0.8485
kitti_mini,000015,pitch,2.0,deg,0,Car,vehicle,4.9,414.7,178.3,0.89,0,1650,1234,1225,1225,0.7424,0.9927
kitti_mini,000015,pitch,2.0,deg,1,Pedestrian,pedestrian,9.0,79.6,183.3,0.0,1,386,386,335,335,0.8679,0.8679
kitti_mini,000015,pitch,2.0,deg,2,Pedestrian,pedestrian,24.3,17.9,52.6,0.0,0,55,55,28,28,0.5091,0.5091
kitti_mini,000015,pitch,2.0,deg,3,Pedestrian,pedestrian,24.4,19.8,54.9,0.0,0,70,70,31,31,0.4429,0.4429
kitti_mini,000015,pitch,2.0,deg,4,Pedestrian,pedestrian,23.4,23.1,56.3,0.0,0,66,66,37,37,0.5606,0.5606
kitti_mini,000015,pitch,3.0,deg,0,Car,vehicle,4.9,414.7,178.3,0.89,0,1650,1034,1024,1024,0.6206,0.9903
kitti_mini,000015,pitch,3.0,deg,1,Pedestrian,pedestrian,9.0,79.6,183.3,0.0,1,386,386,316,316,0.8187,0.8187
kitti_mini,000015,pitch,3.0,deg,2,Pedestrian,pedestrian,24.3,17.9,52.6,0.0,0,55,55,11,11,0.2,0.2
kitti_mini,000015,pitch,3.0,deg,3,Pedestrian,pedestrian,24.4,19.8,54.9,0.0,0,70,70,14,14,0.2,0.2
kitti_mini,000015,pitch,3.0,deg,4,Pedestrian,pedestrian,23.4,23.1,56.3,0.0,0,66,66,12,12,0.1818,0.1818
kitti_mini,000015,yaw,0.0,deg,0,Car,vehicle,4.9,414.7,178.3,0.89,0,1650,1650,1637,1637,0.9921,0.9921
kitti_mini,000015,yaw,0.0,deg,1,Pedestrian,pedestrian,9.0,79.6,183.3,0.0,1,386,386,371,371,0.9611,0.9611
kitti_mini,000015,yaw,0.0,deg,2,Pedestrian,pedestrian,24.3,17.9,52.6,0.0,0,55,55,49,49,0.8909,0.8909
kitti_mini,000015,yaw,0.0,deg,3,Pedestrian,pedestrian,24.4,19.8,54.9,0.0,0,70,70,59,59,0.8429,0.8429
kitti_mini,000015,yaw,0.0,deg,4,Pedestrian,pedestrian,23.4,23.1,56.3,0.0,0,66,66,66,66,1.0,1.0
kitti_mini,000015,yaw,0.5,deg,0,Car,vehicle,4.9,414.7,178.3,0.89,0,1650,1629,1612,1612,0.977,0.9896
kitti_mini,000015,yaw,0.5,deg,1,Pedestrian,pedestrian,9.0,79.6,183.3,0.0,1,386,386,330,330,0.8549,0.8549
kitti_mini,000015,yaw,0.5,deg,2,Pedestrian,pedestrian,24.3,17.9,52.6,0.0,0,55,55,19,19,0.3455,0.3455
kitti_mini,000015,yaw,0.5,deg,3,Pedestrian,pedestrian,24.4,19.8,54.9,0.0,0,70,70,31,31,0.4429,0.4429
kitti_mini,000015,yaw,0.5,deg,4,Pedestrian,pedestrian,23.4,23.1,56.3,0.0,0,66,66,50,50,0.7576,0.7576
kitti_mini,000015,yaw,1.0,deg,0,Car,vehicle,4.9,414.7,178.3,0.89,0,1650,1605,1589,1589,0.963,0.99
kitti_mini,000015,yaw,1.0,deg,1,Pedestrian,pedestrian,9.0,79.6,183.3,0.0,1,386,386,269,269,0.6969,0.6969
kitti_mini,000015,yaw,1.0,deg,2,Pedestrian,pedestrian,24.3,17.9,52.6,0.0,0,55,55,0,0,0.0,0.0
kitti_mini,000015,yaw,1.0,deg,3,Pedestrian,pedestrian,24.4,19.8,54.9,0.0,0,70,70,6,6,0.0857,0.0857
kitti_mini,000015,yaw,1.0,deg,4,Pedestrian,pedestrian,23.4,23.1,56.3,0.0,0,66,66,17,17,0.2576,0.2576
kitti_mini,000015,yaw,2.0,deg,0,Car,vehicle,4.9,414.7,178.3,0.89,0,1650,1558,1547,1547,0.9376,0.9929
kitti_mini,000015,yaw,2.0,deg,1,Pedestrian,pedestrian,9.0,79.6,183.3,0.0,1,386,386,126,126,0.3264,0.3264
kitti_mini,000015,yaw,2.0,deg,2,Pedestrian,pedestrian,24.3,17.9,52.6,0.0,0,55,55,0,0,0.0,0.0
kitti_mini,000015,yaw,2.0,deg,3,Pedestrian,pedestrian,24.4,19.8,54.9,0.0,0,70,70,0,0,0.0,0.0
kitti_mini,000015,yaw,2.0,deg,4,Pedestrian,pedestrian,23.4,23.1,56.3,0.0,0,66,66,0,0,0.0,0.0
kitti_mini,000015,yaw,3.0,deg,0,Car,vehicle,4.9,414.7,178.3,0.89,0,1650,1521,1512,1512,0.9164,0.9941
kitti_mini,000015,yaw,3.0,deg,1,Pedestrian,pedestrian,9.0,79.6,183.3,0.0,1,386,386,26,26,0.0674,0.0674
kitti_mini,000015,yaw,3.0,deg,2,Pedestrian,pedestrian,24.3,17.9,52.6,0.0,0,55,55,0,0,0.0,0.0
kitti_mini,000015,yaw,3.0,deg,3,Pedestrian,pedestrian,24.4,19.8,54.9,0.0,0,70,70,0,0,0.0,0.0
kitti_mini,000015,yaw,3.0,deg,4,Pedestrian,pedestrian,23.4,23.1,56.3,0.0,0,66,66,0,0,0.0,0.0
kitti_mini,000015,tx,0.0,m,0,Car,vehicle,4.9,414.7,178.3,0.89,0,1650,1650,1637,1637,0.9921,0.9921
kitti_mini,000015,tx,0.0,m,1,Pedestrian,pedestrian,9.0,79.6,183.3,0.0,1,386,386,371,371,0.9611,0.9611
kitti_mini,000015,tx,0.0,m,2,Pedestrian,pedestrian,24.3,17.9,52.6,0.0,0,55,55,49,49,0.8909,0.8909
kitti_mini,000015,tx,0.0,m,3,Pedestrian,pedestrian,24.4,19.8,54.9,0.0,0,70,70,59,59,0.8429,0.8429
kitti_mini,000015,tx,0.0,m,4,Pedestrian,pedestrian,23.4,23.1,56.3,0.0,0,66,66,66,66,1.0,1.0
kitti_mini,000015,tx,0.02,m,0,Car,vehicle,4.9,414.7,178.3,0.89,0,1650,1670,1649,1654,0.9994,0.9904
kitti_mini,000015,tx,0.02,m,1,Pedestrian,pedestrian,9.0,79.6,183.3,0.0,1,386,386,370,370,0.9585,0.9585
kitti_mini,000015,tx,0.02,m,2,Pedestrian,pedestrian,24.3,17.9,52.6,0.0,0,55,55,49,49,0.8909,0.8909
kitti_mini,000015,tx,0.02,m,3,Pedestrian,pedestrian,24.4,19.8,54.9,0.0,0,70,70,59,59,0.8429,0.8429
kitti_mini,000015,tx,0.02,m,4,Pedestrian,pedestrian,23.4,23.1,56.3,0.0,0,66,66,66,66,1.0,1.0
kitti_mini,000015,tx,0.05,m,0,Car,vehicle,4.9,414.7,178.3,0.89,0,1650,1699,1650,1683,1.0,0.9906
kitti_mini,000015,tx,0.05,m,1,Pedestrian,pedestrian,9.0,79.6,183.3,0.0,1,386,386,365,365,0.9456,0.9456
kitti_mini,000015,tx,0.05,m,2,Pedestrian,pedestrian,24.3,17.9,52.6,0.0,0,55,55,49,49,0.8909,0.8909
kitti_mini,000015,tx,0.05,m,3,Pedestrian,pedestrian,24.4,19.8,54.9,0.0,0,70,70,59,59,0.8429,0.8429
kitti_mini,000015,tx,0.05,m,4,Pedestrian,pedestrian,23.4,23.1,56.3,0.0,0,66,66,66,66,1.0,1.0
kitti_mini,000015,tx,0.1,m,0,Car,vehicle,4.9,414.7,178.3,0.89,0,1650,1748,1650,1733,1.0,0.9914
kitti_mini,000015,tx,0.1,m,1,Pedestrian,pedestrian,9.0,79.6,183.3,0.0,1,386,386,352,352,0.9119,0.9119
kitti_mini,000015,tx,0.1,m,2,Pedestrian,pedestrian,24.3,17.9,52.6,0.0,0,55,55,48,48,0.8727,0.8727
kitti_mini,000015,tx,0.1,m,3,Pedestrian,pedestrian,24.4,19.8,54.9,0.0,0,70,70,59,59,0.8429,0.8429
kitti_mini,000015,tx,0.1,m,4,Pedestrian,pedestrian,23.4,23.1,56.3,0.0,0,66,66,66,66,1.0,1.0
kitti_mini,000015,tx,0.2,m,0,Car,vehicle,4.9,414.7,178.3,0.89,0,1650,1867,1650,1844,1.0,0.9877
kitti_mini,000015,tx,0.2,m,1,Pedestrian,pedestrian,9.0,79.6,183.3,0.0,1,386,386,317,317,0.8212,0.8212
kitti_mini,000015,tx,0.2,m,2,Pedestrian,pedestrian,24.3,17.9,52.6,0.0,0,55,55,48,48,0.8727,0.8727
kitti_mini,000015,tx,0.2,m,3,Pedestrian,pedestrian,24.4,19.8,54.9,0.0,0,70,70,57,57,0.8143,0.8143
kitti_mini,000015,tx,0.2,m,4,Pedestrian,pedestrian,23.4,23.1,56.3,0.0,0,66,66,66,66,1.0,1.0
kitti_mini,000015,ty,0.0,m,0,Car,vehicle,4.9,414.7,178.3,0.89,0,1650,1650,1637,1637,0.9921,0.9921
kitti_mini,000015,ty,0.0,m,1,Pedestrian,pedestrian,9.0,79.6,183.3,0.0,1,386,386,371,371,0.9611,0.9611
kitti_mini,000015,ty,0.0,m,2,Pedestrian,pedestrian,24.3,17.9,52.6,0.0,0,55,55,49,49,0.8909,0.8909
kitti_mini,000015,ty,0.0,m,3,Pedestrian,pedestrian,24.4,19.8,54.9,0.0,0,70,70,59,59,0.8429,0.8429
kitti_mini,000015,ty,0.0,m,4,Pedestrian,pedestrian,23.4,23.1,56.3,0.0,0,66,66,66,66,1.0,1.0
kitti_mini,000015,ty,0.02,m,0,Car,vehicle,4.9,414.7,178.3,0.89,0,1650,1646,1631,1631,0.9885,0.9909
kitti_mini,000015,ty,0.02,m,1,Pedestrian,pedestrian,9.0,79.6,183.3,0.0,1,386,386,368,368,0.9534,0.9534
kitti_mini,000015,ty,0.02,m,2,Pedestrian,pedestrian,24.3,17.9,52.6,0.0,0,55,55,48,48,0.8727,0.8727
kitti_mini,000015,ty,0.02,m,3,Pedestrian,pedestrian,24.4,19.8,54.9,0.0,0,70,70,58,58,0.8286,0.8286
kitti_mini,000015,ty,0.02,m,4,Pedestrian,pedestrian,23.4,23.1,56.3,0.0,0,66,66,66,66,1.0,1.0
kitti_mini,000015,ty,0.05,m,0,Car,vehicle,4.9,414.7,178.3,0.89,0,1650,1642,1627,1627,0.9861,0.9909
kitti_mini,000015,ty,0.05,m,1,Pedestrian,pedestrian,9.0,79.6,183.3,0.0,1,386,386,356,356,0.9223,0.9223
kitti_mini,000015,ty,0.05,m,2,Pedestrian,pedestrian,24.3,17.9,52.6,0.0,0,55,55,45,45,0.8182,0.8182
kitti_mini,000015,ty,0.05,m,3,Pedestrian,pedestrian,24.4,19.8,54.9,0.0,0,70,70,54,54,0.7714,0.7714
kitti_mini,000015,ty,0.05,m,4,Pedestrian,pedestrian,23.4,23.1,56.3,0.0,0,66,66,63,63,0.9545,0.9545
kitti_mini,000015,ty,0.1,m,0,Car,vehicle,4.9,414.7,178.3,0.89,0,1650,1632,1618,1618,0.9806,0.9914
kitti_mini,000015,ty,0.1,m,1,Pedestrian,pedestrian,9.0,79.6,183.3,0.0,1,386,386,324,324,0.8394,0.8394
kitti_mini,000015,ty,0.1,m,2,Pedestrian,pedestrian,24.3,17.9,52.6,0.0,0,55,55,38,38,0.6909,0.6909
kitti_mini,000015,ty,0.1,m,3,Pedestrian,pedestrian,24.4,19.8,54.9,0.0,0,70,70,48,48,0.6857,0.6857
kitti_mini,000015,ty,0.1,m,4,Pedestrian,pedestrian,23.4,23.1,56.3,0.0,0,66,66,61,61,0.9242,0.9242
kitti_mini,000015,ty,0.2,m,0,Car,vehicle,4.9,414.7,178.3,0.89,0,1650,1612,1596,1596,0.9673,0.9901
kitti_mini,000015,ty,0.2,m,1,Pedestrian,pedestrian,9.0,79.6,183.3,0.0,1,386,386,254,254,0.658,0.658
kitti_mini,000015,ty,0.2,m,2,Pedestrian,pedestrian,24.3,17.9,52.6,0.0,0,55,55,25,25,0.4545,0.4545
kitti_mini,000015,ty,0.2,m,3,Pedestrian,pedestrian,24.4,19.8,54.9,0.0,0,70,70,33,33,0.4714,0.4714
kitti_mini,000015,ty,0.2,m,4,Pedestrian,pedestrian,23.4,23.1,56.3,0.0,0,66,66,50,50,0.7576,0.7576
kitti_mini,000015,tz,0.0,m,0,Car,vehicle,4.9,414.7,178.3,0.89,0,1650,1650,1637,1637,0.9921,0.9921
kitti_mini,000015,tz,0.0,m,1,Pedestrian,pedestrian,9.0,79.6,183.3,0.0,1,386,386,371,371,0.9611,0.9611
kitti_mini,000015,tz,0.0,m,2,Pedestrian,pedestrian,24.3,17.9,52.6,0.0,0,55,55,49,49,0.8909,0.8909
kitti_mini,000015,tz,0.0,m,3,Pedestrian,pedestrian,24.4,19.8,54.9,0.0,0,70,70,59,59,0.8429,0.8429
kitti_mini,000015,tz,0.0,m,4,Pedestrian,pedestrian,23.4,23.1,56.3,0.0,0,66,66,66,66,1.0,1.0
kitti_mini,000015,tz,0.02,m,0,Car,vehicle,4.9,414.7,178.3,0.89,0,1650,1706,1650,1692,1.0,0.9918
kitti_mini,000015,tz,0.02,m,1,Pedestrian,pedestrian,9.0,79.6,183.3,0.0,1,386,386,371,371,0.9611,0.9611
kitti_mini,000015,tz,0.02,m,2,Pedestrian,pedestrian,24.3,17.9,52.6,0.0,0,55,55,49,49,0.8909,0.8909
kitti_mini,000015,tz,0.02,m,3,Pedestrian,pedestrian,24.4,19.8,54.9,0.0,0,70,70,59,59,0.8429,0.8429
kitti_mini,000015,tz,0.02,m,4,Pedestrian,pedestrian,23.4,23.1,56.3,0.0,0,66,66,66,66,1.0,1.0
kitti_mini,000015,tz,0.05,m,0,Car,vehicle,4.9,414.7,178.3,0.89,0,1650,1800,1650,1781,1.0,0.9894
kitti_mini,000015,tz,0.05,m,1,Pedestrian,pedestrian,9.0,79.6,183.3,0.0,1,386,386,371,371,0.9611,0.9611
kitti_mini,000015,tz,0.05,m,2,Pedestrian,pedestrian,24.3,17.9,52.6,0.0,0,55,55,49,49,0.8909,0.8909
kitti_mini,000015,tz,0.05,m,3,Pedestrian,pedestrian,24.4,19.8,54.9,0.0,0,70,70,59,59,0.8429,0.8429
kitti_mini,000015,tz,0.05,m,4,Pedestrian,pedestrian,23.4,23.1,56.3,0.0,0,66,66,66,66,1.0,1.0
kitti_mini,000015,tz,0.1,m,0,Car,vehicle,4.9,414.7,178.3,0.89,0,1650,1939,1615,1881,0.9788,0.9701
kitti_mini,000015,tz,0.1,m,1,Pedestrian,pedestrian,9.0,79.6,183.3,0.0,1,386,386,371,371,0.9611,0.9611
kitti_mini,000015,tz,0.1,m,2,Pedestrian,pedestrian,24.3,17.9,52.6,0.0,0,55,55,49,49,0.8909,0.8909
kitti_mini,000015,tz,0.1,m,3,Pedestrian,pedestrian,24.4,19.8,54.9,0.0,0,70,70,59,59,0.8429,0.8429
kitti_mini,000015,tz,0.1,m,4,Pedestrian,pedestrian,23.4,23.1,56.3,0.0,0,66,66,66,66,1.0,1.0
kitti_mini,000015,tz,0.2,m,0,Car,vehicle,4.9,414.7,178.3,0.89,0,1650,2238,1465,2051,0.8879,0.9164
kitti_mini,000015,tz,0.2,m,1,Pedestrian,pedestrian,9.0,79.6,183.3,0.0,1,386,386,370,370,0.9585,0.9585
kitti_mini,000015,tz,0.2,m,2,Pedestrian,pedestrian,24.3,17.9,52.6,0.0,0,55,55,47,47,0.8545,0.8545
kitti_mini,000015,tz,0.2,m,3,Pedestrian,pedestrian,24.4,19.8,54.9,0.0,0,70,70,59,59,0.8429,0.8429
kitti_mini,000015,tz,0.2,m,4,Pedestrian,pedestrian,23.4,23.1,56.3,0.0,0,66,66,64,64,0.9697,0.9697
kitti_mini,000016,roll,0.0,deg,0,Car,vehicle,44.6,33.1,22.8,0.0,2,24,24,24,24,1.0,1.0
kitti_mini,000016,roll,0.0,deg,1,Truck,vehicle,28.1,348.9,161.6,0.0,2,1973,1973,1973,1973,1.0,1.0
kitti_mini,000016,roll,0.0,deg,2,Car,vehicle,33.4,49.4,33.1,0.0,0,51,51,51,51,1.0,1.0
kitti_mini,000016,roll,0.0,deg,3,Car,vehicle,7.1,386.2,180.4,0.5,0,1766,1766,1761,1761,0.9972,0.9972
kitti_mini,000016,roll,0.0,deg,4,Car,vehicle,47.2,33.0,23.4,0.0,0,10,10,10,10,1.0,1.0
kitti_mini,000016,roll,0.5,deg,0,Car,vehicle,44.6,33.1,22.8,0.0,2,24,24,24,24,1.0,1.0
kitti_mini,000016,roll,0.5,deg,1,Truck,vehicle,28.1,348.9,161.6,0.0,2,1973,1973,1973,1973,1.0,1.0
kitti_mini,000016,roll,0.5,deg,2,Car,vehicle,33.4,49.4,33.1,0.0,0,51,51,51,51,1.0,1.0
kitti_mini,000016,roll,0.5,deg,3,Car,vehicle,7.1,386.2,180.4,0.5,0,1766,1788,1764,1784,0.9989,0.9978
kitti_mini,000016,roll,0.5,deg,4,Car,vehicle,47.2,33.0,23.4,0.0,0,10,10,10,10,1.0,1.0
kitti_mini,000016,roll,1.0,deg,0,Car,vehicle,44.6,33.1,22.8,0.0,2,24,24,24,24,1.0,1.0
kitti_mini,000016,roll,1.0,deg,1,Truck,vehicle,28.1,348.9,161.6,0.0,2,1973,1973,1973,1973,1.0,1.0
kitti_mini,000016,roll,1.0,deg,2,Car,vehicle,33.4,49.4,33.1,0.0,0,51,51,51,51,1.0,1.0
kitti_mini,000016,roll,1.0,deg,3,Car,vehicle,7.1,386.2,180.4,0.5,0,1766,1807,1760,1802,0.9966,0.9972
kitti_mini,000016,roll,1.0,deg,4,Car,vehicle,47.2,33.0,23.4,0.0,0,10,10,10,10,1.0,1.0
kitti_mini,000016,roll,2.0,deg,0,Car,vehicle,44.6,33.1,22.8,0.0,2,24,24,24,24,1.0,1.0
kitti_mini,000016,roll,2.0,deg,1,Truck,vehicle,28.1,348.9,161.6,0.0,2,1973,1973,1973,1973,1.0,1.0
kitti_mini,000016,roll,2.0,deg,2,Car,vehicle,33.4,49.4,33.1,0.0,0,51,51,48,48,0.9412,0.9412
kitti_mini,000016,roll,2.0,deg,3,Car,vehicle,7.1,386.2,180.4,0.5,0,1766,1838,1740,1820,0.9853,0.9902
kitti_mini,000016,roll,2.0,deg,4,Car,vehicle,47.2,33.0,23.4,0.0,0,10,10,10,10,1.0,1.0
kitti_mini,000016,roll,3.0,deg,0,Car,vehicle,44.6,33.1,22.8,0.0,2,24,24,21,21,0.875,0.875
kitti_mini,000016,roll,3.0,deg,1,Truck,vehicle,28.1,348.9,161.6,0.0,2,1973,1973,1973,1973,1.0,1.0
kitti_mini,000016,roll,3.0,deg,2,Car,vehicle,33.4,49.4,33.1,0.0,0,51,51,42,42,0.8235,0.8235
kitti_mini,000016,roll,3.0,deg,3,Car,vehicle,7.1,386.2,180.4,0.5,0,1766,1858,1652,1760,0.9354,0.9473
kitti_mini,000016,roll,3.0,deg,4,Car,vehicle,47.2,33.0,23.4,0.0,0,10,10,10,10,1.0,1.0
kitti_mini,000016,pitch,0.0,deg,0,Car,vehicle,44.6,33.1,22.8,0.0,2,24,24,24,24,1.0,1.0
kitti_mini,000016,pitch,0.0,deg,1,Truck,vehicle,28.1,348.9,161.6,0.0,2,1973,1973,1973,1973,1.0,1.0
kitti_mini,000016,pitch,0.0,deg,2,Car,vehicle,33.4,49.4,33.1,0.0,0,51,51,51,51,1.0,1.0
kitti_mini,000016,pitch,0.0,deg,3,Car,vehicle,7.1,386.2,180.4,0.5,0,1766,1766,1761,1761,0.9972,0.9972
kitti_mini,000016,pitch,0.0,deg,4,Car,vehicle,47.2,33.0,23.4,0.0,0,10,10,10,10,1.0,1.0
kitti_mini,000016,pitch,0.5,deg,0,Car,vehicle,44.6,33.1,22.8,0.0,2,24,24,15,15,0.625,0.625
kitti_mini,000016,pitch,0.5,deg,1,Truck,vehicle,28.1,348.9,161.6,0.0,2,1973,1973,1973,1973,1.0,1.0
kitti_mini,000016,pitch,0.5,deg,2,Car,vehicle,33.4,49.4,33.1,0.0,0,51,51,42,42,0.8235,0.8235
kitti_mini,000016,pitch,0.5,deg,3,Car,vehicle,7.1,386.2,180.4,0.5,0,1766,1715,1705,1705,0.9655,0.9942
kitti_mini,000016,pitch,0.5,deg,4,Car,vehicle,47.2,33.0,23.4,0.0,0,10,10,4,4,0.4,0.4
kitti_mini,000016,pitch,1.0,deg,0,Car,vehicle,44.6,33.1,22.8,0.0,2,24,24,0,0,0.0,0.0
kitti_mini,000016,pitch,1.0,deg,1,Truck,vehicle,28.1,348.9,161.6,0.0,2,1973,1973,1973,1973,1.0,1.0
kitti_mini,000016,pitch,1.0,deg,2,Car,vehicle,33.4,49.4,33.1,0.0,0,51,51,38,38,0.7451,0.7451
kitti_mini,000016,pitch,1.0,deg,3,Car,vehicle,7.1,386.2,180.4,0.5,0,1766,1653,1643,1643,0.9304,0.994
kitti_mini,000016,pitch,1.0,deg,4,Car,vehicle,47.2,33.0,23.4,0.0,0,10,10,0,0,0.0,0.0
kitti_mini,000016,pitch,2.0,deg,0,Car,vehicle,44.6,33.1,22.8,0.0,2,24,24,0,0,0.0,0.0
kitti_mini,000016,pitch,2.0,deg,1,Truck,vehicle,28.1,348.9,161.6,0.0,2,1973,1973,1932,1932,0.9792,0.9792
kitti_mini,000016,pitch,2.0,deg,2,Car,vehicle,33.4,49.4,33.1,0.0,0,51,51,4,4,0.0784,0.0784
kitti_mini,000016,pitch,2.0,deg,3,Car,vehicle,7.1,386.2,180.4,0.5,0,1766,1504,1493,1493,0.8454,0.9927
kitti_mini,000016,pitch,2.0,deg,4,Car,vehicle,47.2,33.0,23.4,0.0,0,10,10,0,0,0.0,0.0
kitti_mini,000016,pitch,3.0,deg,0,Car,vehicle,44.6,33.1,22.8,0.0,2,24,24,0,0,0.0,0.0
kitti_mini,000016,pitch,3.0,deg,1,Truck,vehicle,28.1,348.9,161.6,0.0,2,1973,1973,1733,1733,0.8784,0.8784
kitti_mini,000016,pitch,3.0,deg,2,Car,vehicle,33.4,49.4,33.1,0.0,0,51,51,0,0,0.0,0.0
kitti_mini,000016,pitch,3.0,deg,3,Car,vehicle,7.1,386.2,180.4,0.5,0,1766,1313,1303,1303,0.7378,0.9924
kitti_mini,000016,pitch,3.0,deg,4,Car,vehicle,47.2,33.0,23.4,0.0,0,10,10,0,0,0.0,0.0
kitti_mini,000016,yaw,0.0,deg,0,Car,vehicle,44.6,33.1,22.8,0.0,2,24,24,24,24,1.0,1.0
kitti_mini,000016,yaw,0.0,deg,1,Truck,vehicle,28.1,348.9,161.6,0.0,2,1973,1973,1973,1973,1.0,1.0
kitti_mini,000016,yaw,0.0,deg,2,Car,vehicle,33.4,49.4,33.1,0.0,0,51,51,51,51,1.0,1.0
kitti_mini,000016,yaw,0.0,deg,3,Car,vehicle,7.1,386.2,180.4,0.5,0,1766,1766,1761,1761,0.9972,0.9972
kitti_mini,000016,yaw,0.0,deg,4,Car,vehicle,47.2,33.0,23.4,0.0,0,10,10,10,10,1.0,1.0
kitti_mini,000016,yaw,0.5,deg,0,Car,vehicle,44.6,33.1,22.8,0.0,2,24,24,18,18,0.75,0.75
kitti_mini,000016,yaw,0.5,deg,1,Truck,vehicle,28.1,348.9,161.6,0.0,2,1973,1973,1964,1964,0.9954,0.9954
kitti_mini,000016,yaw,0.5,deg,2,Car,vehicle,33.4,49.4,33.1,0.0,0,51,51,46,46,0.902,0.902
kitti_mini,000016,yaw,0.5,deg,3,Car,vehicle,7.1,386.2,180.4,0.5,0,1766,1713,1706,1706,0.966,0.9959
kitti_mini,000016,yaw,0.5,deg,4,Car,vehicle,47.2,33.0,23.4,0.0,0,10,10,8,8,0.8,0.8
kitti_mini,000016,yaw,1.0,deg,0,Car,vehicle,44.6,33.1,22.8,0.0,2,24,24,11,11,0.4583,0.4583
kitti_mini,000016,yaw,1.0,deg,1,Truck,vehicle,28.1,348.9,161.6,0.0,2,1973,1973,1932,1932,0.9792,0.9792
kitti_mini,000016,yaw,1.0,deg,2,Car,vehicle,33.4,49.4,33.1,0.0,0,51,51,38,38,0.7451,0.7451
kitti_mini,000016,yaw,1.0,deg,3,Car,vehicle,7.1,386.2,180.4,0.5,0,1766,1648,1642,1642,0.9298,0.9964
kitti_mini,000016,yaw,1.0,deg,4,Car,vehicle,47.2,33.0,23.4,0.0,0,10,10,7,7,0.7,0.7
kitti_mini,000016,yaw,2.0,deg,0,Car,vehicle,44.6,33.1,22.8,0.0,2,24,24,0,0,0.0,0.0
kitti_mini,000016,yaw,2.0,deg,1,Truck,vehicle,28.1,348.9,161.6,0.0,2,1973,1973,1872,1872,0.9488,0.9488
kitti_mini,000016,yaw,2.0,deg,2,Car,vehicle,33.4,49.4,33.1,0.0,0,51,51,22,22,0.4314,0.4314
kitti_mini,000016,yaw,2.0,deg,3,Car,vehicle,7.1,386.2,180.4,0.5,0,1766,1520,1516,1516,0.8584,0.9974
kitti_mini,000016,yaw,2.0,deg,4,Car,vehicle,47.2,33.0,23.4,0.0,0,10,10,1,1,0.1,0.1
kitti_mini,000016,yaw,3.0,deg,0,Car,vehicle,44.6,33.1,22.8,0.0,2,24,24,0,0,0.0,0.0
kitti_mini,000016,yaw,3.0,deg,1,Truck,vehicle,28.1,348.9,161.6,0.0,2,1973,1973,1802,1802,0.9133,0.9133
kitti_mini,000016,yaw,3.0,deg,2,Car,vehicle,33.4,49.4,33.1,0.0,0,51,51,1,1,0.0196,0.0196
kitti_mini,000016,yaw,3.0,deg,3,Car,vehicle,7.1,386.2,180.4,0.5,0,1766,1403,1397,1397,0.7911,0.9957
kitti_mini,000016,yaw,3.0,deg,4,Car,vehicle,47.2,33.0,23.4,0.0,0,10,10,0,0,0.0,0.0
kitti_mini,000016,tx,0.0,m,0,Car,vehicle,44.6,33.1,22.8,0.0,2,24,24,24,24,1.0,1.0
kitti_mini,000016,tx,0.0,m,1,Truck,vehicle,28.1,348.9,161.6,0.0,2,1973,1973,1973,1973,1.0,1.0
kitti_mini,000016,tx,0.0,m,2,Car,vehicle,33.4,49.4,33.1,0.0,0,51,51,51,51,1.0,1.0
kitti_mini,000016,tx,0.0,m,3,Car,vehicle,7.1,386.2,180.4,0.5,0,1766,1766,1761,1761,0.9972,0.9972
kitti_mini,000016,tx,0.0,m,4,Car,vehicle,47.2,33.0,23.4,0.0,0,10,10,10,10,1.0,1.0
kitti_mini,000016,tx,0.02,m,0,Car,vehicle,44.6,33.1,22.8,0.0,2,24,24,24,24,1.0,1.0
kitti_mini,000016,tx,0.02,m,1,Truck,vehicle,28.1,348.9,161.6,0.0,2,1973,1973,1973,1973,1.0,1.0
kitti_mini,000016,tx,0.02,m,2,Car,vehicle,33.4,49.4,33.1,0.0,0,51,51,51,51,1.0,1.0
kitti_mini,000016,tx,0.02,m,3,Car,vehicle,7.1,386.2,180.4,0.5,0,1766,1778,1765,1772,0.9994,0.9966
kitti_mini,000016,tx,0.02,m,4,Car,vehicle,47.2,33.0,23.4,0.0,0,10,10,10,10,1.0,1.0
kitti_mini,000016,tx,0.05,m,0,Car,vehicle,44.6,33.1,22.8,0.0,2,24,24,24,24,1.0,1.0
kitti_mini,000016,tx,0.05,m,1,Truck,vehicle,28.1,348.9,161.6,0.0,2,1973,1973,1973,1973,1.0,1.0
kitti_mini,000016,tx,0.05,m,2,Car,vehicle,33.4,49.4,33.1,0.0,0,51,51,51,51,1.0,1.0
kitti_mini,000016,tx,0.05,m,3,Car,vehicle,7.1,386.2,180.4,0.5,0,1766,1798,1766,1792,1.0,0.9967
kitti_mini,000016,tx,0.05,m,4,Car,vehicle,47.2,33.0,23.4,0.0,0,10,10,10,10,1.0,1.0
kitti_mini,000016,tx,0.1,m,0,Car,vehicle,44.6,33.1,22.8,0.0,2,24,24,24,24,1.0,1.0
kitti_mini,000016,tx,0.1,m,1,Truck,vehicle,28.1,348.9,161.6,0.0,2,1973,1973,1973,1973,1.0,1.0
kitti_mini,000016,tx,0.1,m,2,Car,vehicle,33.4,49.4,33.1,0.0,0,51,51,51,51,1.0,1.0
kitti_mini,000016,tx,0.1,m,3,Car,vehicle,7.1,386.2,180.4,0.5,0,1766,1826,1766,1820,1.0,0.9967
kitti_mini,000016,tx,0.1,m,4,Car,vehicle,47.2,33.0,23.4,0.0,0,10,10,10,10,1.0,1.0
kitti_mini,000016,tx,0.2,m,0,Car,vehicle,44.6,33.1,22.8,0.0,2,24,24,24,24,1.0,1.0
kitti_mini,000016,tx,0.2,m,1,Truck,vehicle,28.1,348.9,161.6,0.0,2,1973,1973,1973,1973,1.0,1.0
kitti_mini,000016,tx,0.2,m,2,Car,vehicle,33.4,49.4,33.1,0.0,0,51,51,51,51,1.0,1.0
kitti_mini,000016,tx,0.2,m,3,Car,vehicle,7.1,386.2,180.4,0.5,0,1766,1872,1766,1867,1.0,0.9973
kitti_mini,000016,tx,0.2,m,4,Car,vehicle,47.2,33.0,23.4,0.0,0,10,10,10,10,1.0,1.0
kitti_mini,000016,ty,0.0,m,0,Car,vehicle,44.6,33.1,22.8,0.0,2,24,24,24,24,1.0,1.0
kitti_mini,000016,ty,0.0,m,1,Truck,vehicle,28.1,348.9,161.6,0.0,2,1973,1973,1973,1973,1.0,1.0
kitti_mini,000016,ty,0.0,m,2,Car,vehicle,33.4,49.4,33.1,0.0,0,51,51,51,51,1.0,1.0
kitti_mini,000016,ty,0.0,m,3,Car,vehicle,7.1,386.2,180.4,0.5,0,1766,1766,1761,1761,0.9972,0.9972
kitti_mini,000016,ty,0.0,m,4,Car,vehicle,47.2,33.0,23.4,0.0,0,10,10,10,10,1.0,1.0
kitti_mini,000016,ty,0.02,m,0,Car,vehicle,44.6,33.1,22.8,0.0,2,24,24,24,24,1.0,1.0
kitti_mini,000016,ty,0.02,m,1,Truck,vehicle,28.1,348.9,161.6,0.0,2,1973,1973,1973,1973,1.0,1.0
kitti_mini,000016,ty,0.02,m,2,Car,vehicle,33.4,49.4,33.1,0.0,0,51,51,51,51,1.0,1.0
kitti_mini,000016,ty,0.02,m,3,Car,vehicle,7.1,386.2,180.4,0.5,0,1766,1754,1750,1750,0.9909,0.9977
kitti_mini,000016,ty,0.02,m,4,Car,vehicle,47.2,33.0,23.4,0.0,0,10,10,10,10,1.0,1.0
kitti_mini,000016,ty,0.05,m,0,Car,vehicle,44.6,33.1,22.8,0.0,2,24,24,24,24,1.0,1.0
kitti_mini,000016,ty,0.05,m,1,Truck,vehicle,28.1,348.9,161.6,0.0,2,1973,1973,1973,1973,1.0,1.0
kitti_mini,000016,ty,0.05,m,2,Car,vehicle,33.4,49.4,33.1,0.0,0,51,51,51,51,1.0,1.0
kitti_mini,000016,ty,0.05,m,3,Car,vehicle,7.1,386.2,180.4,0.5,0,1766,1730,1726,1726,0.9773,0.9977
kitti_mini,000016,ty,0.05,m,4,Car,vehicle,47.2,33.0,23.4,0.0,0,10,10,10,10,1.0,1.0
kitti_mini,000016,ty,0.1,m,0,Car,vehicle,44.6,33.1,22.8,0.0,2,24,24,24,24,1.0,1.0
kitti_mini,000016,ty,0.1,m,1,Truck,vehicle,28.1,348.9,161.6,0.0,2,1973,1973,1973,1973,1.0,1.0
kitti_mini,000016,ty,0.1,m,2,Car,vehicle,33.4,49.4,33.1,0.0,0,51,51,51,51,1.0,1.0
kitti_mini,000016,ty,0.1,m,3,Car,vehicle,7.1,386.2,180.4,0.5,0,1766,1689,1685,1685,0.9541,0.9976
kitti_mini,000016,ty,0.1,m,4,Car,vehicle,47.2,33.0,23.4,0.0,0,10,10,10,10,1.0,1.0
kitti_mini,000016,ty,0.2,m,0,Car,vehicle,44.6,33.1,22.8,0.0,2,24,24,22,22,0.9167,0.9167
kitti_mini,000016,ty,0.2,m,1,Truck,vehicle,28.1,348.9,161.6,0.0,2,1973,1973,1967,1967,0.997,0.997
kitti_mini,000016,ty,0.2,m,2,Car,vehicle,33.4,49.4,33.1,0.0,0,51,51,49,49,0.9608,0.9608
kitti_mini,000016,ty,0.2,m,3,Car,vehicle,7.1,386.2,180.4,0.5,0,1766,1606,1601,1601,0.9066,0.9969
kitti_mini,000016,ty,0.2,m,4,Car,vehicle,47.2,33.0,23.4,0.0,0,10,10,9,9,0.9,0.9
kitti_mini,000016,tz,0.0,m,0,Car,vehicle,44.6,33.1,22.8,0.0,2,24,24,24,24,1.0,1.0
kitti_mini,000016,tz,0.0,m,1,Truck,vehicle,28.1,348.9,161.6,0.0,2,1973,1973,1973,1973,1.0,1.0
kitti_mini,000016,tz,0.0,m,2,Car,vehicle,33.4,49.4,33.1,0.0,0,51,51,51,51,1.0,1.0
kitti_mini,000016,tz,0.0,m,3,Car,vehicle,7.1,386.2,180.4,0.5,0,1766,1766,1761,1761,0.9972,0.9972
kitti_mini,000016,tz,0.0,m,4,Car,vehicle,47.2,33.0,23.4,0.0,0,10,10,10,10,1.0,1.0
kitti_mini,000016,tz,0.02,m,0,Car,vehicle,44.6,33.1,22.8,0.0,2,24,24,24,24,1.0,1.0
kitti_mini,000016,tz,0.02,m,1,Truck,vehicle,28.1,348.9,161.6,0.0,2,1973,1973,1973,1973,1.0,1.0
kitti_mini,000016,tz,0.02,m,2,Car,vehicle,33.4,49.4,33.1,0.0,0,51,51,51,51,1.0,1.0
kitti_mini,000016,tz,0.02,m,3,Car,vehicle,7.1,386.2,180.4,0.5,0,1766,1781,1766,1777,1.0,0.9978
kitti_mini,000016,tz,0.02,m,4,Car,vehicle,47.2,33.0,23.4,0.0,0,10,10,10,10,1.0,1.0
kitti_mini,000016,tz,0.05,m,0,Car,vehicle,44.6,33.1,22.8,0.0,2,24,24,24,24,1.0,1.0
kitti_mini,000016,tz,0.05,m,1,Truck,vehicle,28.1,348.9,161.6,0.0,2,1973,1973,1973,1973,1.0,1.0
kitti_mini,000016,tz,0.05,m,2,Car,vehicle,33.4,49.4,33.1,0.0,0,51,51,51,51,1.0,1.0
kitti_mini,000016,tz,0.05,m,3,Car,vehicle,7.1,386.2,180.4,0.5,0,1766,1806,1766,1799,1.0,0.9961
kitti_mini,000016,tz,0.05,m,4,Car,vehicle,47.2,33.0,23.4,0.0,0,10,10,10,10,1.0,1.0
kitti_mini,000016,tz,0.1,m,0,Car,vehicle,44.6,33.1,22.8,0.0,2,24,24,24,24,1.0,1.0
kitti_mini,000016,tz,0.1,m,1,Truck,vehicle,28.1,348.9,161.6,0.0,2,1973,1973,1973,1973,1.0,1.0
kitti_mini,000016,tz,0.1,m,2,Car,vehicle,33.4,49.4,33.1,0.0,0,51,51,51,51,1.0,1.0
kitti_mini,000016,tz,0.1,m,3,Car,vehicle,7.1,386.2,180.4,0.5,0,1766,1842,1766,1840,1.0,0.9989
kitti_mini,000016,tz,0.1,m,4,Car,vehicle,47.2,33.0,23.4,0.0,0,10,10,10,10,1.0,1.0
kitti_mini,000016,tz,0.2,m,0,Car,vehicle,44.6,33.1,22.8,0.0,2,24,24,24,24,1.0,1.0
kitti_mini,000016,tz,0.2,m,1,Truck,vehicle,28.1,348.9,161.6,0.0,2,1973,1973,1973,1973,1.0,1.0
kitti_mini,000016,tz,0.2,m,2,Car,vehicle,33.4,49.4,33.1,0.0,0,51,51,51,51,1.0,1.0
kitti_mini,000016,tz,0.2,m,3,Car,vehicle,7.1,386.2,180.4,0.5,0,1766,1888,1670,1791,0.9456,0.9486
kitti_mini,000016,tz,0.2,m,4,Car,vehicle,47.2,33.0,23.4,0.0,0,10,10,10,10,1.0,1.0
kitti_mini,000019,roll,0.0,deg,0,Truck,vehicle,6.3,424.7,374.0,0.74,1,4867,4867,4862,4862,0.999,0.999
kitti_mini,000019,roll,0.0,deg,1,Car,vehicle,10.1,202.1,136.9,0.0,0,1236,1236,1236,1236,1.0,1.0
kitti_mini,000019,roll,0.0,deg,2,Van,vehicle,35.4,44.3,43.3,0.0,0,106,106,106,106,1.0,1.0
kitti_mini,000019,roll,0.0,deg,3,Car,vehicle,59.7,24.4,20.2,0.0,0,19,19,19,19,1.0,1.0
kitti_mini,000019,roll,0.5,deg,0,Truck,vehicle,6.3,424.7,374.0,0.74,1,4867,4899,4864,4897,0.9994,0.9996
kitti_mini,000019,roll,0.5,deg,1,Car,vehicle,10.1,202.1,136.9,0.0,0,1236,1236,1230,1230,0.9951,0.9951
kitti_mini,000019,roll,0.5,deg,2,Van,vehicle,35.4,44.3,43.3,0.0,0,106,106,106,106,1.0,1.0
kitti_mini,000019,roll,0.5,deg,3,Car,vehicle,59.7,24.4,20.2,0.0,0,19,19,19,19,1.0,1.0
kitti_mini,000019,roll,1.0,deg,0,Truck,vehicle,6.3,424.7,374.0,0.74,1,4867,4905,4857,4901,0.9979,0.9992
kitti_mini,000019,roll,1.0,deg,1,Car,vehicle,10.1,202.1,136.9,0.0,0,1236,1236,1230,1230,0.9951,0.9951
kitti_mini,000019,roll,1.0,deg,2,Van,vehicle,35.4,44.3,43.3,0.0,0,106,106,106,106,1.0,1.0
kitti_mini,000019,roll,1.0,deg,3,Car,vehicle,59.7,24.4,20.2,0.0,0,19,19,19,19,1.0,1.0
kitti_mini,000019,roll,2.0,deg,0,Truck,vehicle,6.3,424.7,374.0,0.74,1,4867,4957,4851,4953,0.9967,0.9992
kitti_mini,000019,roll,2.0,deg,1,Car,vehicle,10.1,202.1,136.9,0.0,0,1236,1236,1206,1206,0.9757,0.9757
kitti_mini,000019,roll,2.0,deg,2,Van,vehicle,35.4,44.3,43.3,0.0,0,106,106,106,106,1.0,1.0
kitti_mini,000019,roll,2.0,deg,3,Car,vehicle,59.7,24.4,20.2,0.0,0,19,19,19,19,1.0,1.0
kitti_mini,000019,roll,3.0,deg,0,Truck,vehicle,6.3,424.7,374.0,0.74,1,4867,5003,4844,4997,0.9953,0.9988
kitti_mini,000019,roll,3.0,deg,1,Car,vehicle,10.1,202.1,136.9,0.0,0,1236,1236,1175,1175,0.9506,0.9506
kitti_mini,000019,roll,3.0,deg,2,Van,vehicle,35.4,44.3,43.3,0.0,0,106,106,102,102,0.9623,0.9623
kitti_mini,000019,roll,3.0,deg,3,Car,vehicle,59.7,24.4,20.2,0.0,0,19,19,19,19,1.0,1.0
kitti_mini,000019,pitch,0.0,deg,0,Truck,vehicle,6.3,424.7,374.0,0.74,1,4867,4867,4862,4862,0.999,0.999
kitti_mini,000019,pitch,0.0,deg,1,Car,vehicle,10.1,202.1,136.9,0.0,0,1236,1236,1236,1236,1.0,1.0
kitti_mini,000019,pitch,0.0,deg,2,Van,vehicle,35.4,44.3,43.3,0.0,0,106,106,106,106,1.0,1.0
kitti_mini,000019,pitch,0.0,deg,3,Car,vehicle,59.7,24.4,20.2,0.0,0,19,19,19,19,1.0,1.0
kitti_mini,000019,pitch,0.5,deg,0,Truck,vehicle,6.3,424.7,374.0,0.74,1,4867,4826,4817,4819,0.9897,0.9985
kitti_mini,000019,pitch,0.5,deg,1,Car,vehicle,10.1,202.1,136.9,0.0,0,1236,1236,1223,1223,0.9895,0.9895
kitti_mini,000019,pitch,0.5,deg,2,Van,vehicle,35.4,44.3,43.3,0.0,0,106,106,97,97,0.9151,0.9151
kitti_mini,000019,pitch,0.5,deg,3,Car,vehicle,59.7,24.4,20.2,0.0,0,19,19,15,15,0.7895,0.7895
kitti_mini,000019,pitch,1.0,deg,0,Truck,vehicle,6.3,424.7,374.0,0.74,1,4867,4765,4750,4752,0.976,0.9973
kitti_mini,000019,pitch,1.0,deg,1,Car,vehicle,10.1,202.1,136.9,0.0,0,1236,1236,1181,1181,0.9555,0.9555
kitti_mini,000019,pitch,1.0,deg,2,Van,vehicle,35.4,44.3,43.3,0.0,0,106,106,65,65,0.6132,0.6132
kitti_mini,000019,pitch,1.0,deg,3,Car,vehicle,59.7,24.4,20.2,0.0,0,19,19,1,1,0.0526,0.0526
kitti_mini,000019,pitch,2.0,deg,0,Truck,vehicle,6.3,424.7,374.0,0.74,1,4867,4582,4572,4574,0.9394,0.9983
kitti_mini,000019,pitch,2.0,deg,1,Car,vehicle,10.1,202.1,136.9,0.0,0,1236,1236,1060,1060,0.8576,0.8576
kitti_mini,000019,pitch,2.0,deg,2,Van,vehicle,35.4,44.3,43.3,0.0,0,106,106,12,12,0.1132,0.1132
kitti_mini,000019,pitch,2.0,deg,3,Car,vehicle,59.7,24.4,20.2,0.0,0,19,19,0,0,0.0,0.0
kitti_mini,000019,pitch,3.0,deg,0,Truck,vehicle,6.3,424.7,374.0,0.74,1,4867,4403,4392,4395,0.9024,0.9982
kitti_mini,000019,pitch,3.0,deg,1,Car,vehicle,10.1,202.1,136.9,0.0,0,1236,1236,970,970,0.7848,0.7848
kitti_mini,000019,pitch,3.0,deg,2,Van,vehicle,35.4,44.3,43.3,0.0,0,106,106,0,0,0.0,0.0
kitti_mini,000019,pitch,3.0,deg,3,Car,vehicle,59.7,24.4,20.2,0.0,0,19,19,0,0,0.0,0.0
kitti_mini,000019,yaw,0.0,deg,0,Truck,vehicle,6.3,424.7,374.0,0.74,1,4867,4867,4862,4862,0.999,0.999
kitti_mini,000019,yaw,0.0,deg,1,Car,vehicle,10.1,202.1,136.9,0.0,0,1236,1236,1236,1236,1.0,1.0
kitti_mini,000019,yaw,0.0,deg,2,Van,vehicle,35.4,44.3,43.3,0.0,0,106,106,106,106,1.0,1.0
kitti_mini,000019,yaw,0.0,deg,3,Car,vehicle,59.7,24.4,20.2,0.0,0,19,19,19,19,1.0,1.0
kitti_mini,000019,yaw,0.5,deg,0,Truck,vehicle,6.3,424.7,374.0,0.74,1,4867,4774,4765,4765,0.979,0.9981
kitti_mini,000019,yaw,0.5,deg,1,Car,vehicle,10.1,202.1,136.9,0.0,0,1236,1236,1236,1236,1.0,1.0
kitti_mini,000019,yaw,0.5,deg,2,Van,vehicle,35.4,44.3,43.3,0.0,0,106,106,99,99,0.934,0.934
kitti_mini,000019,yaw,0.5,deg,3,Car,vehicle,59.7,24.4,20.2,0.0,0,19,19,13,13,0.6842,0.6842
kitti_mini,000019,yaw,1.0,deg,0,Truck,vehicle,6.3,424.7,374.0,0.74,1,4867,4689,4683,4683,0.9622,0.9987
kitti_mini,000019,yaw,1.0,deg,1,Car,vehicle,10.1,202.1,136.9,0.0,0,1236,1236,1226,1226,0.9919,0.9919
kitti_mini,000019,yaw,1.0,deg,2,Van,vehicle,35.4,44.3,43.3,0.0,0,106,106,78,78,0.7358,0.7358
kitti_mini,000019,yaw,1.0,deg,3,Car,vehicle,59.7,24.4,20.2,0.0,0,19,19,6,6,0.3158,0.3158
kitti_mini,000019,yaw,2.0,deg,0,Truck,vehicle,6.3,424.7,374.0,0.74,1,4867,4489,4487,4487,0.9219,0.9996
kitti_mini,000019,yaw,2.0,deg,1,Car,vehicle,10.1,202.1,136.9,0.0,0,1236,1236,1162,1162,0.9401,0.9401
kitti_mini,000019,yaw,2.0,deg,2,Van,vehicle,35.4,44.3,43.3,0.0,0,106,106,42,42,0.3962,0.3962
kitti_mini,000019,yaw,2.0,deg,3,Car,vehicle,59.7,24.4,20.2,0.0,0,19,19,0,0,0.0,0.0
kitti_mini,000019,yaw,3.0,deg,0,Truck,vehicle,6.3,424.7,374.0,0.74,1,4867,4290,4283,4283,0.88,0.9984
kitti_mini,000019,yaw,3.0,deg,1,Car,vehicle,10.1,202.1,136.9,0.0,0,1236,1236,1098,1098,0.8883,0.8883
kitti_mini,000019,yaw,3.0,deg,2,Van,vehicle,35.4,44.3,43.3,0.0,0,106,106,13,13,0.1226,0.1226
kitti_mini,000019,yaw,3.0,deg,3,Car,vehicle,59.7,24.4,20.2,0.0,0,19,19,0,0,0.0,0.0
kitti_mini,000019,tx,0.0,m,0,Truck,vehicle,6.3,424.7,374.0,0.74,1,4867,4867,4862,4862,0.999,0.999
kitti_mini,000019,tx,0.0,m,1,Car,vehicle,10.1,202.1,136.9,0.0,0,1236,1236,1236,1236,1.0,1.0
kitti_mini,000019,tx,0.0,m,2,Van,vehicle,35.4,44.3,43.3,0.0,0,106,106,106,106,1.0,1.0
kitti_mini,000019,tx,0.0,m,3,Car,vehicle,59.7,24.4,20.2,0.0,0,19,19,19,19,1.0,1.0
kitti_mini,000019,tx,0.02,m,0,Truck,vehicle,6.3,424.7,374.0,0.74,1,4867,4900,4867,4894,1.0,0.9988
kitti_mini,000019,tx,0.02,m,1,Car,vehicle,10.1,202.1,136.9,0.0,0,1236,1236,1236,1236,1.0,1.0
kitti_mini,000019,tx,0.02,m,2,Van,vehicle,35.4,44.3,43.3,0.0,0,106,106,106,106,1.0,1.0
kitti_mini,000019,tx,0.02,m,3,Car,vehicle,59.7,24.4,20.2,0.0,0,19,19,19,19,1.0,1.0
kitti_mini,000019,tx,0.05,m,0,Truck,vehicle,6.3,424.7,374.0,0.74,1,4867,4963,4867,4953,1.0,0.998
kitti_mini,000019,tx,0.05,m,1,Car,vehicle,10.1,202.1,136.9,0.0,0,1236,1236,1236,1236,1.0,1.0
kitti_mini,000019,tx,0.05,m,2,Van,vehicle,35.4,44.3,43.3,0.0,0,106,106,106,106,1.0,1.0
kitti_mini,000019,tx,0.05,m,3,Car,vehicle,59.7,24.4,20.2,0.0,0,19,19,19,19,1.0,1.0
kitti_mini,000019,tx,0.1,m,0,Truck,vehicle,6.3,424.7,374.0,0.74,1,4867,5031,4867,5027,1.0,0.9992
kitti_mini,000019,tx,0.1,m,1,Car,vehicle,10.1,202.1,136.9,0.0,0,1236,1236,1236,1236,1.0,1.0
kitti_mini,000019,tx,0.1,m,2,Van,vehicle,35.4,44.3,43.3,0.0,0,106,106,106,106,1.0,1.0
kitti_mini,000019,tx,0.1,m,3,Car,vehicle,59.7,24.4,20.2,0.0,0,19,19,19,19,1.0,1.0
kitti_mini,000019,tx,0.2,m,0,Truck,vehicle,6.3,424.7,374.0,0.74,1,4867,5185,4867,5175,1.0,0.9981
kitti_mini,000019,tx,0.2,m,1,Car,vehicle,10.1,202.1,136.9,0.0,0,1236,1236,1236,1236,1.0,1.0
kitti_mini,000019,tx,0.2,m,2,Van,vehicle,35.4,44.3,43.3,0.0,0,106,106,106,106,1.0,1.0
kitti_mini,000019,tx,0.2,m,3,Car,vehicle,59.7,24.4,20.2,0.0,0,19,19,19,19,1.0,1.0
kitti_mini,000019,ty,0.0,m,0,Truck,vehicle,6.3,424.7,374.0,0.74,1,4867,4867,4862,4862,0.999,0.999
kitti_mini,000019,ty,0.0,m,1,Car,vehicle,10.1,202.1,136.9,0.0,0,1236,1236,1236,1236,1.0,1.0
kitti_mini,000019,ty,0.0,m,2,Van,vehicle,35.4,44.3,43.3,0.0,0,106,106,106,106,1.0,1.0
kitti_mini,000019,ty,0.0,m,3,Car,vehicle,59.7,24.4,20.2,0.0,0,19,19,19,19,1.0,1.0
kitti_mini,000019,ty,0.02,m,0,Truck,vehicle,6.3,424.7,374.0,0.74,1,4867,4837,4832,4832,0.9928,0.999
kitti_mini,000019,ty,0.02,m,1,Car,vehicle,10.1,202.1,136.9,0.0,0,1236,1236,1236,1236,1.0,1.0
kitti_mini,000019,ty,0.02,m,2,Van,vehicle,35.4,44.3,43.3,0.0,0,106,106,106,106,1.0,1.0
kitti_mini,000019,ty,0.02,m,3,Car,vehicle,59.7,24.4,20.2,0.0,0,19,19,19,19,1.0,1.0
kitti_mini,000019,ty,0.05,m,0,Truck,vehicle,6.3,424.7,374.0,0.74,1,4867,4789,4784,4784,0.9829,0.999
kitti_mini,000019,ty,0.05,m,1,Car,vehicle,10.1,202.1,136.9,0.0,0,1236,1236,1236,1236,1.0,1.0
kitti_mini,000019,ty,0.05,m,2,Van,vehicle,35.4,44.3,43.3,0.0,0,106,106,106,106,1.0,1.0
kitti_mini,000019,ty,0.05,m,3,Car,vehicle,59.7,24.4,20.2,0.0,0,19,19,19,19,1.0,1.0
kitti_mini,000019,ty,0.1,m,0,Truck,vehicle,6.3,424.7,374.0,0.74,1,4867,4714,4708,4708,0.9673,0.9987
kitti_mini,000019,ty,0.1,m,1,Car,vehicle,10.1,202.1,136.9,0.0,0,1236,1236,1236,1236,1.0,1.0
kitti_mini,000019,ty,0.1,m,2,Van,vehicle,35.4,44.3,43.3,0.0,0,106,106,106,106,1.0,1.0
kitti_mini,000019,ty,0.1,m,3,Car,vehicle,59.7,24.4,20.2,0.0,0,19,19,19,19,1.0,1.0
kitti_mini,000019,ty,0.2,m,0,Truck,vehicle,6.3,424.7,374.0,0.74,1,4867,4524,4522,4522,0.9291,0.9996
kitti_mini,000019,ty,0.2,m,1,Car,vehicle,10.1,202.1,136.9,0.0,0,1236,1236,1227,1227,0.9927,0.9927
kitti_mini,000019,ty,0.2,m,2,Van,vehicle,35.4,44.3,43.3,0.0,0,106,106,106,106,1.0,1.0
kitti_mini,000019,ty,0.2,m,3,Car,vehicle,59.7,24.4,20.2,0.0,0,19,19,17,17,0.8947,0.8947
kitti_mini,000019,tz,0.0,m,0,Truck,vehicle,6.3,424.7,374.0,0.74,1,4867,4867,4862,4862,0.999,0.999
kitti_mini,000019,tz,0.0,m,1,Car,vehicle,10.1,202.1,136.9,0.0,0,1236,1236,1236,1236,1.0,1.0
kitti_mini,000019,tz,0.0,m,2,Van,vehicle,35.4,44.3,43.3,0.0,0,106,106,106,106,1.0,1.0
kitti_mini,000019,tz,0.0,m,3,Car,vehicle,59.7,24.4,20.2,0.0,0,19,19,19,19,1.0,1.0
kitti_mini,000019,tz,0.02,m,0,Truck,vehicle,6.3,424.7,374.0,0.74,1,4867,4899,4867,4897,1.0,0.9996
kitti_mini,000019,tz,0.02,m,1,Car,vehicle,10.1,202.1,136.9,0.0,0,1236,1236,1236,1236,1.0,1.0
kitti_mini,000019,tz,0.02,m,2,Van,vehicle,35.4,44.3,43.3,0.0,0,106,106,106,106,1.0,1.0
kitti_mini,000019,tz,0.02,m,3,Car,vehicle,59.7,24.4,20.2,0.0,0,19,19,19,19,1.0,1.0
kitti_mini,000019,tz,0.05,m,0,Truck,vehicle,6.3,424.7,374.0,0.74,1,4867,4929,4867,4918,1.0,0.9978
kitti_mini,000019,tz,0.05,m,1,Car,vehicle,10.1,202.1,136.9,0.0,0,1236,1236,1214,1214,0.9822,0.9822
kitti_mini,000019,tz,0.05,m,2,Van,vehicle,35.4,44.3,43.3,0.0,0,106,106,106,106,1.0,1.0
kitti_mini,000019,tz,0.05,m,3,Car,vehicle,59.7,24.4,20.2,0.0,0,19,19,19,19,1.0,1.0
kitti_mini,000019,tz,0.1,m,0,Truck,vehicle,6.3,424.7,374.0,0.74,1,4867,4993,4867,4985,1.0,0.9984
kitti_mini,000019,tz,0.1,m,1,Car,vehicle,10.1,202.1,136.9,0.0,0,1236,1236,1176,1176,0.9515,0.9515
kitti_mini,000019,tz,0.1,m,2,Van,vehicle,35.4,44.3,43.3,0.0,0,106,106,106,106,1.0,1.0
kitti_mini,000019,tz,0.1,m,3,Car,vehicle,59.7,24.4,20.2,0.0,0,19,19,19,19,1.0,1.0
kitti_mini,000019,tz,0.2,m,0,Truck,vehicle,6.3,424.7,374.0,0.74,1,4867,5123,4867,5119,1.0,0.9992
kitti_mini,000019,tz,0.2,m,1,Car,vehicle,10.1,202.1,136.9,0.0,0,1236,1236,1083,1083,0.8762,0.8762
kitti_mini,000019,tz,0.2,m,2,Van,vehicle,35.4,44.3,43.3,0.0,0,106,106,106,106,1.0,1.0
kitti_mini,000019,tz,0.2,m,3,Car,vehicle,59.7,24.4,20.2,0.0,0,19,19,19,19,1.0,1.0
kitti_mini,000021,roll,0.0,deg,0,Cyclist,cyclist,4.2,184.8,183.5,0.89,0,186,186,176,176,0.9462,0.9462
kitti_mini,000021,roll,0.0,deg,1,Car,vehicle,13.6,156.9,91.7,0.0,0,850,850,850,850,1.0,1.0
kitti_mini,000021,roll,0.0,deg,2,Car,vehicle,17.8,115.1,83.1,0.0,1,238,238,238,238,1.0,1.0
kitti_mini,000021,roll,0.0,deg,3,Van,vehicle,23.9,230.5,98.6,0.0,1,964,964,964,964,1.0,1.0
kitti_mini,000021,roll,0.0,deg,4,Car,vehicle,26.5,66.0,44.0,0.0,0,176,176,176,176,1.0,1.0
kitti_mini,000021,roll,0.0,deg,5,Car,vehicle,26.9,61.8,50.6,0.0,1,113,113,113,113,1.0,1.0
kitti_mini,000021,roll,0.0,deg,6,Car,vehicle,32.6,55.9,43.2,0.0,2,50,50,50,50,1.0,1.0
kitti_mini,000021,roll,0.0,deg,7,Car,vehicle,31.8,43.6,40.5,0.0,2,28,28,28,28,1.0,1.0
kitti_mini,000021,roll,0.5,deg,0,Cyclist,cyclist,4.2,184.8,183.5,0.89,0,186,178,170,171,0.914,0.9607
kitti_mini,000021,roll,0.5,deg,1,Car,vehicle,13.6,156.9,91.7,0.0,0,850,850,850,850,1.0,1.0
kitti_mini,000021,roll,0.5,deg,2,Car,vehicle,17.8,115.1,83.1,0.0,1,238,238,238,238,1.0,1.0
kitti_mini,000021,roll,0.5,deg,3,Van,vehicle,23.9,230.5,98.6,0.0,1,964,964,956,956,0.9917,0.9917
kitti_mini,000021,roll,0.5,deg,4,Car,vehicle,26.5,66.0,44.0,0.0,0,176,176,176,176,1.0,1.0
kitti_mini,000021,roll,0.5,deg,5,Car,vehicle,26.9,61.8,50.6,0.0,1,113,113,113,113,1.0,1.0
kitti_mini,000021,roll,0.5,deg,6,Car,vehicle,32.6,55.9,43.2,0.0,2,50,50,50,50,1.0,1.0
kitti_mini,000021,roll,0.5,deg,7,Car,vehicle,31.8,43.6,40.5,0.0,2,28,28,28,28,1.0,1.0
kitti_mini,000021,roll,1.0,deg,0,Cyclist,cyclist,4.2,184.8,183.5,0.89,0,186,165,156,158,0.8387,0.9576
kitti_mini,000021,roll,1.0,deg,1,Car,vehicle,13.6,156.9,91.7,0.0,0,850,850,850,850,1.0,1.0
kitti_mini,000021,roll,1.0,deg,2,Car,vehicle,17.8,115.1,83.1,0.0,1,238,238,238,238,1.0,1.0
kitti_mini,000021,roll,1.0,deg,3,Van,vehicle,23.9,230.5,98.6,0.0,1,964,964,930,930,0.9647,0.9647
kitti_mini,000021,roll,1.0,deg,4,Car,vehicle,26.5,66.0,44.0,0.0,0,176,176,155,155,0.8807,0.8807
kitti_mini,000021,roll,1.0,deg,5,Car,vehicle,26.9,61.8,50.6,0.0,1,113,113,113,113,1.0,1.0
kitti_mini,000021,roll,1.0,deg,6,Car,vehicle,32.6,55.9,43.2,0.0,2,50,50,50,50,1.0,1.0
kitti_mini,000021,roll,1.0,deg,7,Car,vehicle,31.8,43.6,40.5,0.0,2,28,28,28,28,1.0,1.0
kitti_mini,000021,roll,2.0,deg,0,Cyclist,cyclist,4.2,184.8,183.5,0.89,0,186,157,146,155,0.7849,0.9873
kitti_mini,000021,roll,2.0,deg,1,Car,vehicle,13.6,156.9,91.7,0.0,0,850,850,826,826,0.9718,0.9718
kitti_mini,000021,roll,2.0,deg,2,Car,vehicle,17.8,115.1,83.1,0.0,1,238,238,230,230,0.9664,0.9664
kitti_mini,000021,roll,2.0,deg,3,Van,vehicle,23.9,230.5,98.6,0.0,1,964,964,853,853,0.8849,0.8849
kitti_mini,000021,roll,2.0,deg,4,Car,vehicle,26.5,66.0,44.0,0.0,0,176,176,155,155,0.8807,0.8807
kitti_mini,000021,roll,2.0,deg,5,Car,vehicle,26.9,61.8,50.6,0.0,1,113,113,113,113,1.0,1.0
kitti_mini,000021,roll,2.0,deg,6,Car,vehicle,32.6,55.9,43.2,0.0,2,50,50,50,50,1.0,1.0
kitti_mini,000021,roll,2.0,deg,7,Car,vehicle,31.8,43.6,40.5,0.0,2,28,28,28,28,1.0,1.0
kitti_mini,000021,roll,3.0,deg,0,Cyclist,cyclist,4.2,184.8,183.5,0.89,0,186,157,143,155,0.7688,0.9873
kitti_mini,000021,roll,3.0,deg,1,Car,vehicle,13.6,156.9,91.7,0.0,0,850,850,802,802,0.9435,0.9435
kitti_mini,000021,roll,3.0,deg,2,Car,vehicle,17.8,115.1,83.1,0.0,1,238,238,216,216,0.9076,0.9076
kitti_mini,000021,roll,3.0,deg,3,Van,vehicle,23.9,230.5,98.6,0.0,1,964,964,778,778,0.8071,0.8071
kitti_mini,000021,roll,3.0,deg,4,Car,vehicle,26.5,66.0,44.0,0.0,0,176,176,138,138,0.7841,0.7841
kitti_mini,000021,roll,3.0,deg,5,Car,vehicle,26.9,61.8,50.6,0.0,1,113,113,113,113,1.0,1.0
kitti_mini,000021,roll,3.0,deg,6,Car,vehicle,32.6,55.9,43.2,0.0,2,50,50,42,42,0.84,0.84
kitti_mini,000021,roll,3.0,deg,7,Car,vehicle,31.8,43.6,40.5,0.0,2,28,28,28,28,1.0,1.0
kitti_mini,000021,pitch,0.0,deg,0,Cyclist,cyclist,4.2,184.8,183.5,0.89,0,186,186,176,176,0.9462,0.9462
kitti_mini,000021,pitch,0.0,deg,1,Car,vehicle,13.6,156.9,91.7,0.0,0,850,850,850,850,1.0,1.0
kitti_mini,000021,pitch,0.0,deg,2,Car,vehicle,17.8,115.1,83.1,0.0,1,238,238,238,238,1.0,1.0
kitti_mini,000021,pitch,0.0,deg,3,Van,vehicle,23.9,230.5,98.6,0.0,1,964,964,964,964,1.0,1.0
kitti_mini,000021,pitch,0.0,deg,4,Car,vehicle,26.5,66.0,44.0,0.0,0,176,176,176,176,1.0,1.0
kitti_mini,000021,pitch,0.0,deg,5,Car,vehicle,26.9,61.8,50.6,0.0,1,113,113,113,113,1.0,1.0
kitti_mini,000021,pitch,0.0,deg,6,Car,vehicle,32.6,55.9,43.2,0.0,2,50,50,50,50,1.0,1.0
kitti_mini,000021,pitch,0.0,deg,7,Car,vehicle,31.8,43.6,40.5,0.0,2,28,28,28,28,1.0,1.0
kitti_mini,000021,pitch,0.5,deg,0,Cyclist,cyclist,4.2,184.8,183.5,0.89,0,186,163,154,154,0.828,0.9448
kitti_mini,000021,pitch,0.5,deg,1,Car,vehicle,13.6,156.9,91.7,0.0,0,850,850,809,809,0.9518,0.9518
kitti_mini,000021,pitch,0.5,deg,2,Car,vehicle,17.8,115.1,83.1,0.0,1,238,238,217,217,0.9118,0.9118
kitti_mini,000021,pitch,0.5,deg,3,Van,vehicle,23.9,230.5,98.6,0.0,1,964,964,918,918,0.9523,0.9523
kitti_mini,000021,pitch,0.5,deg,4,Car,vehicle,26.5,66.0,44.0,0.0,0,176,176,148,148,0.8409,0.8409
kitti_mini,000021,pitch,0.5,deg,5,Car,vehicle,26.9,61.8,50.6,0.0,1,113,113,110,110,0.9735,0.9735
kitti_mini,000021,pitch,0.5,deg,6,Car,vehicle,32.6,55.9,43.2,0.0,2,50,50,42,42,0.84,0.84
kitti_mini,000021,pitch,0.5,deg,7,Car,vehicle,31.8,43.6,40.5,0.0,2,28,28,24,24,0.8571,0.8571
kitti_mini,000021,pitch,1.0,deg,0,Cyclist,cyclist,4.2,184.8,183.5,0.89,0,186,148,141,141,0.7581,0.9527
kitti_mini,000021,pitch,1.0,deg,1,Car,vehicle,13.6,156.9,91.7,0.0,0,850,850,740,740,0.8706,0.8706
kitti_mini,000021,pitch,1.0,deg,2,Car,vehicle,17.8,115.1,83.1,0.0,1,238,238,207,207,0.8697,0.8697
kitti_mini,000021,pitch,1.0,deg,3,Van,vehicle,23.9,230.5,98.6,0.0,1,964,964,858,858,0.89,0.89
kitti_mini,000021,pitch,1.0,deg,4,Car,vehicle,26.5,66.0,44.0,0.0,0,176,176,110,110,0.625,0.625
kitti_mini,000021,pitch,1.0,deg,5,Car,vehicle,26.9,61.8,50.6,0.0,1,113,113,72,72,0.6372,0.6372
kitti_mini,000021,pitch,1.0,deg,6,Car,vehicle,32.6,55.9,43.2,0.0,2,50,50,36,36,0.72,0.72
kitti_mini,000021,pitch,1.0,deg,7,Car,vehicle,31.8,43.6,40.5,0.0,2,28,28,22,22,0.7857,0.7857
kitti_mini,000021,pitch,2.0,deg,0,Cyclist,cyclist,4.2,184.8,183.5,0.89,0,186,127,125,125,0.672,0.9843
kitti_mini,000021,pitch,2.0,deg,1,Car,vehicle,13.6,156.9,91.7,0.0,0,850,850,623,623,0.7329,0.7329
kitti_mini,000021,pitch,2.0,deg,2,Car,vehicle,17.8,115.1,83.1,0.0,1,238,238,172,172,0.7227,0.7227
kitti_mini,000021,pitch,2.0,deg,3,Van,vehicle,23.9,230.5,98.6,0.0,1,964,964,710,710,0.7365,0.7365
kitti_mini,000021,pitch,2.0,deg,4,Car,vehicle,26.5,66.0,44.0,0.0,0,176,176,41,41,0.233,0.233
kitti_mini,000021,pitch,2.0,deg,5,Car,vehicle,26.9,61.8,50.6,0.0,1,113,113,23,23,0.2035,0.2035
kitti_mini,000021,pitch,2.0,deg,6,Car,vehicle,32.6,55.9,43.2,0.0,2,50,50,22,22,0.44,0.44
kitti_mini,000021,pitch,2.0,deg,7,Car,vehicle,31.8,43.6,40.5,0.0,2,28,28,13,13,0.4643,0.4643
kitti_mini,000021,pitch,3.0,deg,0,Cyclist,cyclist,4.2,184.8,183.5,0.89,0,186,115,112,112,0.6022,0.9739
kitti_mini,000021,pitch,3.0,deg,1,Car,vehicle,13.6,156.9,91.7,0.0,0,850,850,482,482,0.5671,0.5671
kitti_mini,000021,pitch,3.0,deg,2,Car,vehicle,17.8,115.1,83.1,0.0,1,238,238,137,137,0.5756,0.5756
kitti_mini,000021,pitch,3.0,deg,3,Van,vehicle,23.9,230.5,98.6,0.0,1,964,964,505,505,0.5239,0.5239
kitti_mini,000021,pitch,3.0,deg,4,Car,vehicle,26.5,66.0,44.0,0.0,0,176,176,14,14,0.0795,0.0795
kitti_mini,000021,pitch,3.0,deg,5,Car,vehicle,26.9,61.8,50.6,0.0,1,113,113,12,12,0.1062,0.1062
kitti_mini,000021,pitch,3.0,deg,6,Car,vehicle,32.6,55.9,43.2,0.0,2,50,50,14,14,0.28,0.28
kitti_mini,000021,pitch,3.0,deg,7,Car,vehicle,31.8,43.6,40.5,0.0,2,28,28,0,0,0.0,0.0
kitti_mini,000021,yaw,0.0,deg,0,Cyclist,cyclist,4.2,184.8,183.5,0.89,0,186,186,176,176,0.9462,0.9462
kitti_mini,000021,yaw,0.0,deg,1,Car,vehicle,13.6,156.9,91.7,0.0,0,850,850,850,850,1.0,1.0
kitti_mini,000021,yaw,0.0,deg,2,Car,vehicle,17.8,115.1,83.1,0.0,1,238,238,238,238,1.0,1.0
kitti_mini,000021,yaw,0.0,deg,3,Van,vehicle,23.9,230.5,98.6,0.0,1,964,964,964,964,1.0,1.0
kitti_mini,000021,yaw,0.0,deg,4,Car,vehicle,26.5,66.0,44.0,0.0,0,176,176,176,176,1.0,1.0
kitti_mini,000021,yaw,0.0,deg,5,Car,vehicle,26.9,61.8,50.6,0.0,1,113,113,113,113,1.0,1.0
kitti_mini,000021,yaw,0.0,deg,6,Car,vehicle,32.6,55.9,43.2,0.0,2,50,50,50,50,1.0,1.0
kitti_mini,000021,yaw,0.0,deg,7,Car,vehicle,31.8,43.6,40.5,0.0,2,28,28,28,28,1.0,1.0
kitti_mini,000021,yaw,0.5,deg,0,Cyclist,cyclist,4.2,184.8,183.5,0.89,0,186,230,186,229,1.0,0.9957
kitti_mini,000021,yaw,0.5,deg,1,Car,vehicle,13.6,156.9,91.7,0.0,0,850,850,850,850,1.0,1.0
kitti_mini,000021,yaw,0.5,deg,2,Car,vehicle,17.8,115.1,83.1,0.0,1,238,238,238,238,1.0,1.0
kitti_mini,000021,yaw,0.5,deg,3,Van,vehicle,23.9,230.5,98.6,0.0,1,964,964,963,963,0.999,0.999
kitti_mini,000021,yaw,0.5,deg,4,Car,vehicle,26.5,66.0,44.0,0.0,0,176,176,175,175,0.9943,0.9943
kitti_mini,000021,yaw,0.5,deg,5,Car,vehicle,26.9,61.8,50.6,0.0,1,113,113,113,113,1.0,1.0
kitti_mini,000021,yaw,0.5,deg,6,Car,vehicle,32.6,55.9,43.2,0.0,2,50,50,47,47,0.94,0.94
kitti_mini,000021,yaw,0.5,deg,7,Car,vehicle,31.8,43.6,40.5,0.0,2,28,28,28,28,1.0,1.0
kitti_mini,000021,yaw,1.0,deg,0,Cyclist,cyclist,4.2,184.8,183.5,0.89,0,186,286,186,274,1.0,0.958
kitti_mini,000021,yaw,1.0,deg,1,Car,vehicle,13.6,156.9,91.7,0.0,0,850,850,845,845,0.9941,0.9941
kitti_mini,000021,yaw,1.0,deg,2,Car,vehicle,17.8,115.1,83.1,0.0,1,238,238,238,238,1.0,1.0
kitti_mini,000021,yaw,1.0,deg,3,Van,vehicle,23.9,230.5,98.6,0.0,1,964,964,923,923,0.9575,0.9575
kitti_mini,000021,yaw,1.0,deg,4,Car,vehicle,26.5,66.0,44.0,0.0,0,176,176,161,161,0.9148,0.9148
kitti_mini,000021,yaw,1.0,deg,5,Car,vehicle,26.9,61.8,50.6,0.0,1,113,113,113,113,1.0,1.0
kitti_mini,000021,yaw,1.0,deg,6,Car,vehicle,32.6,55.9,43.2,0.0,2,50,50,40,40,0.8,0.8
kitti_mini,000021,yaw,1.0,deg,7,Car,vehicle,31.8,43.6,40.5,0.0,2,28,28,28,28,1.0,1.0
kitti_mini,000021,yaw,2.0,deg,0,Cyclist,cyclist,4.2,184.8,183.5,0.89,0,186,383,186,380,1.0,0.9922
kitti_mini,000021,yaw,2.0,deg,1,Car,vehicle,13.6,156.9,91.7,0.0,0,850,850,789,789,0.9282,0.9282
kitti_mini,000021,yaw,2.0,deg,2,Car,vehicle,17.8,115.1,83.1,0.0,1,238,238,236,236,0.9916,0.9916
kitti_mini,000021,yaw,2.0,deg,3,Van,vehicle,23.9,230.5,98.6,0.0,1,964,964,904,904,0.9378,0.9378
kitti_mini,000021,yaw,2.0,deg,4,Car,vehicle,26.5,66.0,44.0,0.0,0,176,176,122,122,0.6932,0.6932
kitti_mini,000021,yaw,2.0,deg,5,Car,vehicle,26.9,61.8,50.6,0.0,1,113,113,88,88,0.7788,0.7788
kitti_mini,000021,yaw,2.0,deg,6,Car,vehicle,32.6,55.9,43.2,0.0,2,50,50,14,14,0.28,0.28
kitti_mini,000021,yaw,2.0,deg,7,Car,vehicle,31.8,43.6,40.5,0.0,2,28,28,28,28,1.0,1.0
kitti_mini,000021,yaw,3.0,deg,0,Cyclist,cyclist,4.2,184.8,183.5,0.89,0,186,480,186,473,1.0,0.9854
kitti_mini,000021,yaw,3.0,deg,1,Car,vehicle,13.6,156.9,91.7,0.0,0,850,850,717,717,0.8435,0.8435
kitti_mini,000021,yaw,3.0,deg,2,Car,vehicle,17.8,115.1,83.1,0.0,1,238,238,227,227,0.9538,0.9538
kitti_mini,000021,yaw,3.0,deg,3,Van,vehicle,23.9,230.5,98.6,0.0,1,964,964,829,829,0.86,0.86
kitti_mini,000021,yaw,3.0,deg,4,Car,vehicle,26.5,66.0,44.0,0.0,0,176,176,77,77,0.4375,0.4375
kitti_mini,000021,yaw,3.0,deg,5,Car,vehicle,26.9,61.8,50.6,0.0,1,113,113,51,51,0.4513,0.4513
kitti_mini,000021,yaw,3.0,deg,6,Car,vehicle,32.6,55.9,43.2,0.0,2,50,50,7,7,0.14,0.14
kitti_mini,000021,yaw,3.0,deg,7,Car,vehicle,31.8,43.6,40.5,0.0,2,28,28,3,3,0.1071,0.1071
kitti_mini,000021,tx,0.0,m,0,Cyclist,cyclist,4.2,184.8,183.5,0.89,0,186,186,176,176,0.9462,0.9462
kitti_mini,000021,tx,0.0,m,1,Car,vehicle,13.6,156.9,91.7,0.0,0,850,850,850,850,1.0,1.0
kitti_mini,000021,tx,0.0,m,2,Car,vehicle,17.8,115.1,83.1,0.0,1,238,238,238,238,1.0,1.0
kitti_mini,000021,tx,0.0,m,3,Van,vehicle,23.9,230.5,98.6,0.0,1,964,964,964,964,1.0,1.0
kitti_mini,000021,tx,0.0,m,4,Car,vehicle,26.5,66.0,44.0,0.0,0,176,176,176,176,1.0,1.0
kitti_mini,000021,tx,0.0,m,5,Car,vehicle,26.9,61.8,50.6,0.0,1,113,113,113,113,1.0,1.0
kitti_mini,000021,tx,0.0,m,6,Car,vehicle,32.6,55.9,43.2,0.0,2,50,50,50,50,1.0,1.0
kitti_mini,000021,tx,0.0,m,7,Car,vehicle,31.8,43.6,40.5,0.0,2,28,28,28,28,1.0,1.0
kitti_mini,000021,tx,0.02,m,0,Cyclist,cyclist,4.2,184.8,183.5,0.89,0,186,203,186,196,1.0,0.9655
kitti_mini,000021,tx,0.02,m,1,Car,vehicle,13.6,156.9,91.7,0.0,0,850,850,850,850,1.0,1.0
kitti_mini,000021,tx,0.02,m,2,Car,vehicle,17.8,115.1,83.1,0.0,1,238,238,238,238,1.0,1.0
kitti_mini,000021,tx,0.02,m,3,Van,vehicle,23.9,230.5,98.6,0.0,1,964,964,964,964,1.0,1.0
kitti_mini,000021,tx,0.02,m,4,Car,vehicle,26.5,66.0,44.0,0.0,0,176,176,176,176,1.0,1.0
kitti_mini,000021,tx,0.02,m,5,Car,vehicle,26.9,61.8,50.6,0.0,1,113,113,113,113,1.0,1.0
kitti_mini,000021,tx,0.02,m,6,Car,vehicle,32.6,55.9,43.2,0.0,2,50,50,50,50,1.0,1.0
kitti_mini,000021,tx,0.02,m,7,Car,vehicle,31.8,43.6,40.5,0.0,2,28,28,28,28,1.0,1.0
kitti_mini,000021,tx,0.05,m,0,Cyclist,cyclist,4.2,184.8,183.5,0.89,0,186,236,186,224,1.0,0.9492
kitti_mini,000021,tx,0.05,m,1,Car,vehicle,13.6,156.9,91.7,0.0,0,850,850,850,850,1.0,1.0
kitti_mini,000021,tx,0.05,m,2,Car,vehicle,17.8,115.1,83.1,0.0,1,238,238,238,238,1.0,1.0
kitti_mini,000021,tx,0.05,m,3,Van,vehicle,23.9,230.5,98.6,0.0,1,964,964,964,964,1.0,1.0
kitti_mini,000021,tx,0.05,m,4,Car,vehicle,26.5,66.0,44.0,0.0,0,176,176,176,176,1.0,1.0
kitti_mini,000021,tx,0.05,m,5,Car,vehicle,26.9,61.8,50.6,0.0,1,113,113,113,113,1.0,1.0
kitti_mini,000021,tx,0.05,m,6,Car,vehicle,32.6,55.9,43.2,0.0,2,50,50,50,50,1.0,1.0
kitti_mini,000021,tx,0.05,m,7,Car,vehicle,31.8,43.6,40.5,0.0,2,28,28,28,28,1.0,1.0
kitti_mini,000021,tx,0.1,m,0,Cyclist,cyclist,4.2,184.8,183.5,0.89,0,186,280,186,276,1.0,0.9857
kitti_mini,000021,tx,0.1,m,1,Car,vehicle,13.6,156.9,91.7,0.0,0,850,850,850,850,1.0,1.0
kitti_mini,000021,tx,0.1,m,2,Car,vehicle,17.8,115.1,83.1,0.0,1,238,238,238,238,1.0,1.0
kitti_mini,000021,tx,0.1,m,3,Van,vehicle,23.9,230.5,98.6,0.0,1,964,964,964,964,1.0,1.0
kitti_mini,000021,tx,0.1,m,4,Car,vehicle,26.5,66.0,44.0,0.0,0,176,176,176,176,1.0,1.0
kitti_mini,000021,tx,0.1,m,5,Car,vehicle,26.9,61.8,50.6,0.0,1,113,113,113,113,1.0,1.0
kitti_mini,000021,tx,0.1,m,6,Car,vehicle,32.6,55.9,43.2,0.0,2,50,50,50,50,1.0,1.0
kitti_mini,000021,tx,0.1,m,7,Car,vehicle,31.8,43.6,40.5,0.0,2,28,28,28,28,1.0,1.0
kitti_mini,000021,tx,0.2,m,0,Cyclist,cyclist,4.2,184.8,183.5,0.89,0,186,383,186,374,1.0,0.9765
kitti_mini,000021,tx,0.2,m,1,Car,vehicle,13.6,156.9,91.7,0.0,0,850,850,850,850,1.0,1.0
kitti_mini,000021,tx,0.2,m,2,Car,vehicle,17.8,115.1,83.1,0.0,1,238,238,238,238,1.0,1.0
kitti_mini,000021,tx,0.2,m,3,Van,vehicle,23.9,230.5,98.6,0.0,1,964,964,964,964,1.0,1.0
kitti_mini,000021,tx,0.2,m,4,Car,vehicle,26.5,66.0,44.0,0.0,0,176,176,176,176,1.0,1.0
kitti_mini,000021,tx,0.2,m,5,Car,vehicle,26.9,61.8,50.6,0.0,1,113,113,113,113,1.0,1.0
kitti_mini,000021,tx,0.2,m,6,Car,vehicle,32.6,55.9,43.2,0.0,2,50,50,50,50,1.0,1.0
kitti_mini,000021,tx,0.2,m,7,Car,vehicle,31.8,43.6,40.5,0.0,2,28,28,28,28,1.0,1.0
kitti_mini,000021,ty,0.0,m,0,Cyclist,cyclist,4.2,184.8,183.5,0.89,0,186,186,176,176,0.9462,0.9462
kitti_mini,000021,ty,0.0,m,1,Car,vehicle,13.6,156.9,91.7,0.0,0,850,850,850,850,1.0,1.0
kitti_mini,000021,ty,0.0,m,2,Car,vehicle,17.8,115.1,83.1,0.0,1,238,238,238,238,1.0,1.0
kitti_mini,000021,ty,0.0,m,3,Van,vehicle,23.9,230.5,98.6,0.0,1,964,964,964,964,1.0,1.0
kitti_mini,000021,ty,0.0,m,4,Car,vehicle,26.5,66.0,44.0,0.0,0,176,176,176,176,1.0,1.0
kitti_mini,000021,ty,0.0,m,5,Car,vehicle,26.9,61.8,50.6,0.0,1,113,113,113,113,1.0,1.0
kitti_mini,000021,ty,0.0,m,6,Car,vehicle,32.6,55.9,43.2,0.0,2,50,50,50,50,1.0,1.0
kitti_mini,000021,ty,0.0,m,7,Car,vehicle,31.8,43.6,40.5,0.0,2,28,28,28,28,1.0,1.0
kitti_mini,000021,ty,0.02,m,0,Cyclist,cyclist,4.2,184.8,183.5,0.89,0,186,207,184,199,0.9892,0.9614
kitti_mini,000021,ty,0.02,m,1,Car,vehicle,13.6,156.9,91.7,0.0,0,850,850,850,850,1.0,1.0
kitti_mini,000021,ty,0.02,m,2,Car,vehicle,17.8,115.1,83.1,0.0,1,238,238,238,238,1.0,1.0
kitti_mini,000021,ty,0.02,m,3,Van,vehicle,23.9,230.5,98.6,0.0,1,964,964,964,964,1.0,1.0
kitti_mini,000021,ty,0.02,m,4,Car,vehicle,26.5,66.0,44.0,0.0,0,176,176,176,176,1.0,1.0
kitti_mini,000021,ty,0.02,m,5,Car,vehicle,26.9,61.8,50.6,0.0,1,113,113,113,113,1.0,1.0
kitti_mini,000021,ty,0.02,m,6,Car,vehicle,32.6,55.9,43.2,0.0,2,50,50,50,50,1.0,1.0
kitti_mini,000021,ty,0.02,m,7,Car,vehicle,31.8,43.6,40.5,0.0,2,28,28,28,28,1.0,1.0
kitti_mini,000021,ty,0.05,m,0,Cyclist,cyclist,4.2,184.8,183.5,0.89,0,186,231,184,227,0.9892,0.9827
kitti_mini,000021,ty,0.05,m,1,Car,vehicle,13.6,156.9,91.7,0.0,0,850,850,850,850,1.0,1.0
kitti_mini,000021,ty,0.05,m,2,Car,vehicle,17.8,115.1,83.1,0.0,1,238,238,238,238,1.0,1.0
kitti_mini,000021,ty,0.05,m,3,Van,vehicle,23.9,230.5,98.6,0.0,1,964,964,964,964,1.0,1.0
kitti_mini,000021,ty,0.05,m,4,Car,vehicle,26.5,66.0,44.0,0.0,0,176,176,176,176,1.0,1.0
kitti_mini,000021,ty,0.05,m,5,Car,vehicle,26.9,61.8,50.6,0.0,1,113,113,113,113,1.0,1.0
kitti_mini,000021,ty,0.05,m,6,Car,vehicle,32.6,55.9,43.2,0.0,2,50,50,50,50,1.0,1.0
kitti_mini,000021,ty,0.05,m,7,Car,vehicle,31.8,43.6,40.5,0.0,2,28,28,28,28,1.0,1.0
kitti_mini,000021,ty,0.1,m,0,Cyclist,cyclist,4.2,184.8,183.5,0.89,0,186,280,183,272,0.9839,0.9714
kitti_mini,000021,ty,0.1,m,1,Car,vehicle,13.6,156.9,91.7,0.0,0,850,850,850,850,1.0,1.0
kitti_mini,000021,ty,0.1,m,2,Car,vehicle,17.8,115.1,83.1,0.0,1,238,238,238,238,1.0,1.0
kitti_mini,000021,ty,0.1,m,3,Van,vehicle,23.9,230.5,98.6,0.0,1,964,964,964,964,1.0,1.0
kitti_mini,000021,ty,0.1,m,4,Car,vehicle,26.5,66.0,44.0,0.0,0,176,176,176,176,1.0,1.0
kitti_mini,000021,ty,0.1,m,5,Car,vehicle,26.9,61.8,50.6,0.0,1,113,113,113,113,1.0,1.0
kitti_mini,000021,ty,0.1,m,6,Car,vehicle,32.6,55.9,43.2,0.0,2,50,50,50,50,1.0,1.0
kitti_mini,000021,ty,0.1,m,7,Car,vehicle,31.8,43.6,40.5,0.0,2,28,28,28,28,1.0,1.0
kitti_mini,000021,ty,0.2,m,0,Cyclist,cyclist,4.2,184.8,183.5,0.89,0,186,375,183,369,0.9839,0.984
kitti_mini,000021,ty,0.2,m,1,Car,vehicle,13.6,156.9,91.7,0.0,0,850,850,848,848,0.9976,0.9976
kitti_mini,000021,ty,0.2,m,2,Car,vehicle,17.8,115.1,83.1,0.0,1,238,238,238,238,1.0,1.0
kitti_mini,000021,ty,0.2,m,3,Van,vehicle,23.9,230.5,98.6,0.0,1,964,964,963,963,0.999,0.999
kitti_mini,000021,ty,0.2,m,4,Car,vehicle,26.5,66.0,44.0,0.0,0,176,176,176,176,1.0,1.0
kitti_mini,000021,ty,0.2,m,5,Car,vehicle,26.9,61.8,50.6,0.0,1,113,113,113,113,1.0,1.0
kitti_mini,000021,ty,0.2,m,6,Car,vehicle,32.6,55.9,43.2,0.0,2,50,50,49,49,0.98,0.98
kitti_mini,000021,ty,0.2,m,7,Car,vehicle,31.8,43.6,40.5,0.0,2,28,28,28,28,1.0,1.0
kitti_mini,000021,tz,0.0,m,0,Cyclist,cyclist,4.2,184.8,183.5,0.89,0,186,186,176,176,0.9462,0.9462
kitti_mini,000021,tz,0.0,m,1,Car,vehicle,13.6,156.9,91.7,0.0,0,850,850,850,850,1.0,1.0
kitti_mini,000021,tz,0.0,m,2,Car,vehicle,17.8,115.1,83.1,0.0,1,238,238,238,238,1.0,1.0
kitti_mini,000021,tz,0.0,m,3,Van,vehicle,23.9,230.5,98.6,0.0,1,964,964,964,964,1.0,1.0
kitti_mini,000021,tz,0.0,m,4,Car,vehicle,26.5,66.0,44.0,0.0,0,176,176,176,176,1.0,1.0
kitti_mini,000021,tz,0.0,m,5,Car,vehicle,26.9,61.8,50.6,0.0,1,113,113,113,113,1.0,1.0
kitti_mini,000021,tz,0.0,m,6,Car,vehicle,32.6,55.9,43.2,0.0,2,50,50,50,50,1.0,1.0
kitti_mini,000021,tz,0.0,m,7,Car,vehicle,31.8,43.6,40.5,0.0,2,28,28,28,28,1.0,1.0
kitti_mini,000021,tz,0.02,m,0,Cyclist,cyclist,4.2,184.8,183.5,0.89,0,186,195,179,188,0.9624,0.9641
kitti_mini,000021,tz,0.02,m,1,Car,vehicle,13.6,156.9,91.7,0.0,0,850,850,850,850,1.0,1.0
kitti_mini,000021,tz,0.02,m,2,Car,vehicle,17.8,115.1,83.1,0.0,1,238,238,238,238,1.0,1.0
kitti_mini,000021,tz,0.02,m,3,Van,vehicle,23.9,230.5,98.6,0.0,1,964,964,964,964,1.0,1.0
kitti_mini,000021,tz,0.02,m,4,Car,vehicle,26.5,66.0,44.0,0.0,0,176,176,176,176,1.0,1.0
kitti_mini,000021,tz,0.02,m,5,Car,vehicle,26.9,61.8,50.6,0.0,1,113,113,113,113,1.0,1.0
kitti_mini,000021,tz,0.02,m,6,Car,vehicle,32.6,55.9,43.2,0.0,2,50,50,50,50,1.0,1.0
kitti_mini,000021,tz,0.02,m,7,Car,vehicle,31.8,43.6,40.5,0.0,2,28,28,28,28,1.0,1.0
kitti_mini,000021,tz,0.05,m,0,Cyclist,cyclist,4.2,184.8,183.5,0.89,0,186,203,177,190,0.9516,0.936
kitti_mini,000021,tz,0.05,m,1,Car,vehicle,13.6,156.9,91.7,0.0,0,850,850,850,850,1.0,1.0
kitti_mini,000021,tz,0.05,m,2,Car,vehicle,17.8,115.1,83.1,0.0,1,238,238,238,238,1.0,1.0
kitti_mini,000021,tz,0.05,m,3,Van,vehicle,23.9,230.5,98.6,0.0,1,964,964,964,964,1.0,1.0
kitti_mini,000021,tz,0.05,m,4,Car,vehicle,26.5,66.0,44.0,0.0,0,176,176,174,174,0.9886,0.9886
kitti_mini,000021,tz,0.05,m,5,Car,vehicle,26.9,61.8,50.6,0.0,1,113,113,113,113,1.0,1.0
kitti_mini,000021,tz,0.05,m,6,Car,vehicle,32.6,55.9,43.2,0.0,2,50,50,50,50,1.0,1.0
kitti_mini,000021,tz,0.05,m,7,Car,vehicle,31.8,43.6,40.5,0.0,2,28,28,28,28,1.0,1.0
kitti_mini,000021,tz,0.1,m,0,Cyclist,cyclist,4.2,184.8,183.5,0.89,0,186,223,168,198,0.9032,0.8879
kitti_mini,000021,tz,0.1,m,1,Car,vehicle,13.6,156.9,91.7,0.0,0,850,850,826,826,0.9718,0.9718
kitti_mini,000021,tz,0.1,m,2,Car,vehicle,17.8,115.1,83.1,0.0,1,238,238,218,218,0.916,0.916
kitti_mini,000021,tz,0.1,m,3,Van,vehicle,23.9,230.5,98.6,0.0,1,964,964,964,964,1.0,1.0
kitti_mini,000021,tz,0.1,m,4,Car,vehicle,26.5,66.0,44.0,0.0,0,176,176,174,174,0.9886,0.9886
kitti_mini,000021,tz,0.1,m,5,Car,vehicle,26.9,61.8,50.6,0.0,1,113,113,113,113,1.0,1.0
kitti_mini,000021,tz,0.1,m,6,Car,vehicle,32.6,55.9,43.2,0.0,2,50,50,42,42,0.84,0.84
kitti_mini,000021,tz,0.1,m,7,Car,vehicle,31.8,43.6,40.5,0.0,2,28,28,28,28,1.0,1.0
kitti_mini,000021,tz,0.2,m,0,Cyclist,cyclist,4.2,184.8,183.5,0.89,0,186,263,136,202,0.7312,0.7681
kitti_mini,000021,tz,0.2,m,1,Car,vehicle,13.6,156.9,91.7,0.0,0,850,850,792,792,0.9318,0.9318
kitti_mini,000021,tz,0.2,m,2,Car,vehicle,17.8,115.1,83.1,0.0,1,238,238,191,191,0.8025,0.8025
kitti_mini,000021,tz,0.2,m,3,Van,vehicle,23.9,230.5,98.6,0.0,1,964,964,964,964,1.0,1.0
kitti_mini,000021,tz,0.2,m,4,Car,vehicle,26.5,66.0,44.0,0.0,0,176,176,162,162,0.9205,0.9205
kitti_mini,000021,tz,0.2,m,5,Car,vehicle,26.9,61.8,50.6,0.0,1,113,113,101,101,0.8938,0.8938
kitti_mini,000021,tz,0.2,m,6,Car,vehicle,32.6,55.9,43.2,0.0,2,50,50,36,36,0.72,0.72
kitti_mini,000021,tz,0.2,m,7,Car,vehicle,31.8,43.6,40.5,0.0,2,28,28,28,28,1.0,1.0
kitti_mini,000023,roll,0.0,deg,0,Truck,vehicle,69.3,30.4,32.9,0.0,0,74,74,74,74,1.0,1.0
kitti_mini,000023,roll,0.0,deg,1,Car,vehicle,57.5,39.3,23.0,0.0,0,13,13,13,13,1.0,1.0
kitti_mini,000023,roll,0.0,deg,2,Cyclist,cyclist,45.0,12.9,30.7,0.0,3,20,20,20,20,1.0,1.0
kitti_mini,000023,roll,0.5,deg,0,Truck,vehicle,69.3,30.4,32.9,0.0,0,74,74,74,74,1.0,1.0
kitti_mini,000023,roll,0.5,deg,1,Car,vehicle,57.5,39.3,23.0,0.0,0,13,13,13,13,1.0,1.0
kitti_mini,000023,roll,0.5,deg,2,Cyclist,cyclist,45.0,12.9,30.7,0.0,3,20,20,20,20,1.0,1.0
kitti_mini,000023,roll,1.0,deg,0,Truck,vehicle,69.3,30.4,32.9,0.0,0,74,74,74,74,1.0,1.0
kitti_mini,000023,roll,1.0,deg,1,Car,vehicle,57.5,39.3,23.0,0.0,0,13,13,13,13,1.0,1.0
kitti_mini,000023,roll,1.0,deg,2,Cyclist,cyclist,45.0,12.9,30.7,0.0,3,20,20,18,18,0.9,0.9
kitti_mini,000023,roll,2.0,deg,0,Truck,vehicle,69.3,30.4,32.9,0.0,0,74,74,74,74,1.0,1.0
kitti_mini,000023,roll,2.0,deg,1,Car,vehicle,57.5,39.3,23.0,0.0,0,13,13,13,13,1.0,1.0
kitti_mini,000023,roll,2.0,deg,2,Cyclist,cyclist,45.0,12.9,30.7,0.0,3,20,20,18,18,0.9,0.9
kitti_mini,000023,roll,3.0,deg,0,Truck,vehicle,69.3,30.4,32.9,0.0,0,74,74,74,74,1.0,1.0
kitti_mini,000023,roll,3.0,deg,1,Car,vehicle,57.5,39.3,23.0,0.0,0,13,13,13,13,1.0,1.0
kitti_mini,000023,roll,3.0,deg,2,Cyclist,cyclist,45.0,12.9,30.7,0.0,3,20,20,18,18,0.9,0.9
kitti_mini,000023,pitch,0.0,deg,0,Truck,vehicle,69.3,30.4,32.9,0.0,0,74,74,74,74,1.0,1.0
kitti_mini,000023,pitch,0.0,deg,1,Car,vehicle,57.5,39.3,23.0,0.0,0,13,13,13,13,1.0,1.0
kitti_mini,000023,pitch,0.0,deg,2,Cyclist,cyclist,45.0,12.9,30.7,0.0,3,20,20,20,20,1.0,1.0
kitti_mini,000023,pitch,0.5,deg,0,Truck,vehicle,69.3,30.4,32.9,0.0,0,74,74,69,69,0.9324,0.9324
kitti_mini,000023,pitch,0.5,deg,1,Car,vehicle,57.5,39.3,23.0,0.0,0,13,13,13,13,1.0,1.0
kitti_mini,000023,pitch,0.5,deg,2,Cyclist,cyclist,45.0,12.9,30.7,0.0,3,20,20,16,16,0.8,0.8
kitti_mini,000023,pitch,1.0,deg,0,Truck,vehicle,69.3,30.4,32.9,0.0,0,74,74,49,49,0.6622,0.6622
kitti_mini,000023,pitch,1.0,deg,1,Car,vehicle,57.5,39.3,23.0,0.0,0,13,13,0,0,0.0,0.0
kitti_mini,000023,pitch,1.0,deg,2,Cyclist,cyclist,45.0,12.9,30.7,0.0,3,20,20,12,12,0.6,0.6
kitti_mini,000023,pitch,2.0,deg,0,Truck,vehicle,69.3,30.4,32.9,0.0,0,74,74,10,10,0.1351,0.1351
kitti_mini,000023,pitch,2.0,deg,1,Car,vehicle,57.5,39.3,23.0,0.0,0,13,13,0,0,0.0,0.0
kitti_mini,000023,pitch,2.0,deg,2,Cyclist,cyclist,45.0,12.9,30.7,0.0,3,20,20,2,2,0.1,0.1
kitti_mini,000023,pitch,3.0,deg,0,Truck,vehicle,69.3,30.4,32.9,0.0,0,74,74,0,0,0.0,0.0
kitti_mini,000023,pitch,3.0,deg,1,Car,vehicle,57.5,39.3,23.0,0.0,0,13,13,0,0,0.0,0.0
kitti_mini,000023,pitch,3.0,deg,2,Cyclist,cyclist,45.0,12.9,30.7,0.0,3,20,20,0,0,0.0,0.0
kitti_mini,000023,yaw,0.0,deg,0,Truck,vehicle,69.3,30.4,32.9,0.0,0,74,74,74,74,1.0,1.0
kitti_mini,000023,yaw,0.0,deg,1,Car,vehicle,57.5,39.3,23.0,0.0,0,13,13,13,13,1.0,1.0
kitti_mini,000023,yaw,0.0,deg,2,Cyclist,cyclist,45.0,12.9,30.7,0.0,3,20,20,20,20,1.0,1.0
kitti_mini,000023,yaw,0.5,deg,0,Truck,vehicle,69.3,30.4,32.9,0.0,0,74,74,61,61,0.8243,0.8243
kitti_mini,000023,yaw,0.5,deg,1,Car,vehicle,57.5,39.3,23.0,0.0,0,13,13,11,11,0.8462,0.8462
kitti_mini,000023,yaw,0.5,deg,2,Cyclist,cyclist,45.0,12.9,30.7,0.0,3,20,20,12,12,0.6,0.6
kitti_mini,000023,yaw,1.0,deg,0,Truck,vehicle,69.3,30.4,32.9,0.0,0,74,74,43,43,0.5811,0.5811
kitti_mini,000023,yaw,1.0,deg,1,Car,vehicle,57.5,39.3,23.0,0.0,0,13,13,7,7,0.5385,0.5385
kitti_mini,000023,yaw,1.0,deg,2,Cyclist,cyclist,45.0,12.9,30.7,0.0,3,20,20,0,0,0.0,0.0
kitti_mini,000023,yaw,2.0,deg,0,Truck,vehicle,69.3,30.4,32.9,0.0,0,74,74,10,10,0.1351,0.1351
kitti_mini,000023,yaw,2.0,deg,1,Car,vehicle,57.5,39.3,23.0,0.0,0,13,13,0,0,0.0,0.0
kitti_mini,000023,yaw,2.0,deg,2,Cyclist,cyclist,45.0,12.9,30.7,0.0,3,20,20,0,0,0.0,0.0
kitti_mini,000023,yaw,3.0,deg,0,Truck,vehicle,69.3,30.4,32.9,0.0,0,74,74,0,0,0.0,0.0
kitti_mini,000023,yaw,3.0,deg,1,Car,vehicle,57.5,39.3,23.0,0.0,0,13,13,0,0,0.0,0.0
kitti_mini,000023,yaw,3.0,deg,2,Cyclist,cyclist,45.0,12.9,30.7,0.0,3,20,20,0,0,0.0,0.0
kitti_mini,000023,tx,0.0,m,0,Truck,vehicle,69.3,30.4,32.9,0.0,0,74,74,74,74,1.0,1.0
kitti_mini,000023,tx,0.0,m,1,Car,vehicle,57.5,39.3,23.0,0.0,0,13,13,13,13,1.0,1.0
kitti_mini,000023,tx,0.0,m,2,Cyclist,cyclist,45.0,12.9,30.7,0.0,3,20,20,20,20,1.0,1.0
kitti_mini,000023,tx,0.02,m,0,Truck,vehicle,69.3,30.4,32.9,0.0,0,74,74,74,74,1.0,1.0
kitti_mini,000023,tx,0.02,m,1,Car,vehicle,57.5,39.3,23.0,0.0,0,13,13,13,13,1.0,1.0
kitti_mini,000023,tx,0.02,m,2,Cyclist,cyclist,45.0,12.9,30.7,0.0,3,20,20,20,20,1.0,1.0
kitti_mini,000023,tx,0.05,m,0,Truck,vehicle,69.3,30.4,32.9,0.0,0,74,74,74,74,1.0,1.0
kitti_mini,000023,tx,0.05,m,1,Car,vehicle,57.5,39.3,23.0,0.0,0,13,13,13,13,1.0,1.0
kitti_mini,000023,tx,0.05,m,2,Cyclist,cyclist,45.0,12.9,30.7,0.0,3,20,20,20,20,1.0,1.0
kitti_mini,000023,tx,0.1,m,0,Truck,vehicle,69.3,30.4,32.9,0.0,0,74,74,74,74,1.0,1.0
kitti_mini,000023,tx,0.1,m,1,Car,vehicle,57.5,39.3,23.0,0.0,0,13,13,13,13,1.0,1.0
kitti_mini,000023,tx,0.1,m,2,Cyclist,cyclist,45.0,12.9,30.7,0.0,3,20,20,20,20,1.0,1.0
kitti_mini,000023,tx,0.2,m,0,Truck,vehicle,69.3,30.4,32.9,0.0,0,74,74,74,74,1.0,1.0
kitti_mini,000023,tx,0.2,m,1,Car,vehicle,57.5,39.3,23.0,0.0,0,13,13,13,13,1.0,1.0
kitti_mini,000023,tx,0.2,m,2,Cyclist,cyclist,45.0,12.9,30.7,0.0,3,20,20,20,20,1.0,1.0
kitti_mini,000023,ty,0.0,m,0,Truck,vehicle,69.3,30.4,32.9,0.0,0,74,74,74,74,1.0,1.0
kitti_mini,000023,ty,0.0,m,1,Car,vehicle,57.5,39.3,23.0,0.0,0,13,13,13,13,1.0,1.0
kitti_mini,000023,ty,0.0,m,2,Cyclist,cyclist,45.0,12.9,30.7,0.0,3,20,20,20,20,1.0,1.0
kitti_mini,000023,ty,0.02,m,0,Truck,vehicle,69.3,30.4,32.9,0.0,0,74,74,74,74,1.0,1.0
kitti_mini,000023,ty,0.02,m,1,Car,vehicle,57.5,39.3,23.0,0.0,0,13,13,13,13,1.0,1.0
kitti_mini,000023,ty,0.02,m,2,Cyclist,cyclist,45.0,12.9,30.7,0.0,3,20,20,20,20,1.0,1.0
kitti_mini,000023,ty,0.05,m,0,Truck,vehicle,69.3,30.4,32.9,0.0,0,74,74,74,74,1.0,1.0
kitti_mini,000023,ty,0.05,m,1,Car,vehicle,57.5,39.3,23.0,0.0,0,13,13,13,13,1.0,1.0
kitti_mini,000023,ty,0.05,m,2,Cyclist,cyclist,45.0,12.9,30.7,0.0,3,20,20,20,20,1.0,1.0
kitti_mini,000023,ty,0.1,m,0,Truck,vehicle,69.3,30.4,32.9,0.0,0,74,74,72,72,0.973,0.973
kitti_mini,000023,ty,0.1,m,1,Car,vehicle,57.5,39.3,23.0,0.0,0,13,13,13,13,1.0,1.0
kitti_mini,000023,ty,0.1,m,2,Cyclist,cyclist,45.0,12.9,30.7,0.0,3,20,20,20,20,1.0,1.0
kitti_mini,000023,ty,0.2,m,0,Truck,vehicle,69.3,30.4,32.9,0.0,0,74,74,69,69,0.9324,0.9324
kitti_mini,000023,ty,0.2,m,1,Car,vehicle,57.5,39.3,23.0,0.0,0,13,13,13,13,1.0,1.0
kitti_mini,000023,ty,0.2,m,2,Cyclist,cyclist,45.0,12.9,30.7,0.0,3,20,20,19,19,0.95,0.95
kitti_mini,000023,tz,0.0,m,0,Truck,vehicle,69.3,30.4,32.9,0.0,0,74,74,74,74,1.0,1.0
kitti_mini,000023,tz,0.0,m,1,Car,vehicle,57.5,39.3,23.0,0.0,0,13,13,13,13,1.0,1.0
kitti_mini,000023,tz,0.0,m,2,Cyclist,cyclist,45.0,12.9,30.7,0.0,3,20,20,20,20,1.0,1.0
kitti_mini,000023,tz,0.02,m,0,Truck,vehicle,69.3,30.4,32.9,0.0,0,74,74,74,74,1.0,1.0
kitti_mini,000023,tz,0.02,m,1,Car,vehicle,57.5,39.3,23.0,0.0,0,13,13,13,13,1.0,1.0
kitti_mini,000023,tz,0.02,m,2,Cyclist,cyclist,45.0,12.9,30.7,0.0,3,20,20,20,20,1.0,1.0
kitti_mini,000023,tz,0.05,m,0,Truck,vehicle,69.3,30.4,32.9,0.0,0,74,74,74,74,1.0,1.0
kitti_mini,000023,tz,0.05,m,1,Car,vehicle,57.5,39.3,23.0,0.0,0,13,13,13,13,1.0,1.0
kitti_mini,000023,tz,0.05,m,2,Cyclist,cyclist,45.0,12.9,30.7,0.0,3,20,20,20,20,1.0,1.0
kitti_mini,000023,tz,0.1,m,0,Truck,vehicle,69.3,30.4,32.9,0.0,0,74,74,74,74,1.0,1.0
kitti_mini,000023,tz,0.1,m,1,Car,vehicle,57.5,39.3,23.0,0.0,0,13,13,13,13,1.0,1.0
kitti_mini,000023,tz,0.1,m,2,Cyclist,cyclist,45.0,12.9,30.7,0.0,3,20,20,20,20,1.0,1.0
kitti_mini,000023,tz,0.2,m,0,Truck,vehicle,69.3,30.4,32.9,0.0,0,74,74,74,74,1.0,1.0
kitti_mini,000023,tz,0.2,m,1,Car,vehicle,57.5,39.3,23.0,0.0,0,13,13,13,13,1.0,1.0
kitti_mini,000023,tz,0.2,m,2,Cyclist,cyclist,45.0,12.9,30.7,0.0,3,20,20,18,18,0.9,0.9
kitti_mini,000025,roll,0.0,deg,0,Car,vehicle,4.0,344.9,155.8,0.94,3,140,140,138,138,0.9857,0.9857
kitti_mini,000025,roll,0.0,deg,1,Car,vehicle,10.7,185.9,125.4,0.0,0,1121,1121,1121,1121,1.0,1.0
kitti_mini,000025,roll,0.0,deg,2,Car,vehicle,30.2,56.0,43.9,0.0,0,61,61,61,61,1.0,1.0
kitti_mini,000025,roll,0.0,deg,3,Car,vehicle,17.9,81.2,71.0,0.0,0,316,316,316,316,1.0,1.0
kitti_mini,000025,roll,0.0,deg,4,Cyclist,cyclist,44.7,9.8,29.8,0.0,3,21,21,21,21,1.0,1.0
kitti_mini,000025,roll,0.0,deg,5,Car,vehicle,22.7,59.2,49.2,0.0,1,27,27,27,27,1.0,1.0
kitti_mini,000025,roll,0.5,deg,0,Car,vehicle,4.0,344.9,155.8,0.94,3,140,131,130,130,0.9286,0.9924
kitti_mini,000025,roll,0.5,deg,1,Car,vehicle,10.7,185.9,125.4,0.0,0,1121,1121,1121,1121,1.0,1.0
kitti_mini,000025,roll,0.5,deg,2,Car,vehicle,30.2,56.0,43.9,0.0,0,61,61,61,61,1.0,1.0
kitti_mini,000025,roll,0.5,deg,3,Car,vehicle,17.9,81.2,71.0,0.0,0,316,316,316,316,1.0,1.0
kitti_mini,000025,roll,0.5,deg,4,Cyclist,cyclist,44.7,9.8,29.8,0.0,3,21,21,21,21,1.0,1.0
kitti_mini,000025,roll,0.5,deg,5,Car,vehicle,22.7,59.2,49.2,0.0,1,27,27,27,27,1.0,1.0
kitti_mini,000025,roll,1.0,deg,0,Car,vehicle,4.0,344.9,155.8,0.94,3,140,126,120,121,0.8571,0.9603
kitti_mini,000025,roll,1.0,deg,1,Car,vehicle,10.7,185.9,125.4,0.0,0,1121,1121,1121,1121,1.0,1.0
kitti_mini,000025,roll,1.0,deg,2,Car,vehicle,30.2,56.0,43.9,0.0,0,61,61,61,61,1.0,1.0
kitti_mini,000025,roll,1.0,deg,3,Car,vehicle,17.9,81.2,71.0,0.0,0,316,316,316,316,1.0,1.0
kitti_mini,000025,roll,1.0,deg,4,Cyclist,cyclist,44.7,9.8,29.8,0.0,3,21,21,21,21,1.0,1.0
kitti_mini,000025,roll,1.0,deg,5,Car,vehicle,22.7,59.2,49.2,0.0,1,27,27,27,27,1.0,1.0
kitti_mini,000025,roll,2.0,deg,0,Car,vehicle,4.0,344.9,155.8,0.94,3,140,110,108,110,0.7714,1.0
kitti_mini,000025,roll,2.0,deg,1,Car,vehicle,10.7,185.9,125.4,0.0,0,1121,1121,1120,1120,0.9991,0.9991
kitti_mini,000025,roll,2.0,deg,2,Car,vehicle,30.2,56.0,43.9,0.0,0,61,61,61,61,1.0,1.0
kitti_mini,000025,roll,2.0,deg,3,Car,vehicle,17.9,81.2,71.0,0.0,0,316,316,310,310,0.981,0.981
kitti_mini,000025,roll,2.0,deg,4,Cyclist,cyclist,44.7,9.8,29.8,0.0,3,21,21,21,21,1.0,1.0
kitti_mini,000025,roll,2.0,deg,5,Car,vehicle,22.7,59.2,49.2,0.0,1,27,27,27,27,1.0,1.0
kitti_mini,000025,roll,3.0,deg,0,Car,vehicle,4.0,344.9,155.8,0.94,3,140,109,105,108,0.75,0.9908
kitti_mini,000025,roll,3.0,deg,1,Car,vehicle,10.7,185.9,125.4,0.0,0,1121,1121,1098,1098,0.9795,0.9795
kitti_mini,000025,roll,3.0,deg,2,Car,vehicle,30.2,56.0,43.9,0.0,0,61,61,61,61,1.0,1.0
kitti_mini,000025,roll,3.0,deg,3,Car,vehicle,17.9,81.2,71.0,0.0,0,316,316,300,300,0.9494,0.9494
kitti_mini,000025,roll,3.0,deg,4,Cyclist,cyclist,44.7,9.8,29.8,0.0,3,21,21,17,17,0.8095,0.8095
kitti_mini,000025,roll,3.0,deg,5,Car,vehicle,22.7,59.2,49.2,0.0,1,27,27,27,27,1.0,1.0
kitti_mini,000025,pitch,0.0,deg,0,Car,vehicle,4.0,344.9,155.8,0.94,3,140,140,138,138,0.9857,0.9857
kitti_mini,000025,pitch,0.0,deg,1,Car,vehicle,10.7,185.9,125.4,0.0,0,1121,1121,1121,1121,1.0,1.0
kitti_mini,000025,pitch,0.0,deg,2,Car,vehicle,30.2,56.0,43.9,0.0,0,61,61,61,61,1.0,1.0
kitti_mini,000025,pitch,0.0,deg,3,Car,vehicle,17.9,81.2,71.0,0.0,0,316,316,316,316,1.0,1.0
kitti_mini,000025,pitch,0.0,deg,4,Cyclist,cyclist,44.7,9.8,29.8,0.0,3,21,21,21,21,1.0,1.0
kitti_mini,000025,pitch,0.0,deg,5,Car,vehicle,22.7,59.2,49.2,0.0,1,27,27,27,27,1.0,1.0
kitti_mini,000025,pitch,0.5,deg,0,Car,vehicle,4.0,344.9,155.8,0.94,3,140,123,120,120,0.8571,0.9756
kitti_mini,000025,pitch,0.5,deg,1,Car,vehicle,10.7,185.9,125.4,0.0,0,1121,1121,1114,1114,0.9938,0.9938
kitti_mini,000025,pitch,0.5,deg,2,Car,vehicle,30.2,56.0,43.9,0.0,0,61,61,54,54,0.8852,0.8852
kitti_mini,000025,pitch,0.5,deg,3,Car,vehicle,17.9,81.2,71.0,0.0,0,316,316,304,304,0.962,0.962
kitti_mini,000025,pitch,0.5,deg,4,Cyclist,cyclist,44.7,9.8,29.8,0.0,3,21,21,17,17,0.8095,0.8095
kitti_mini,000025,pitch,0.5,deg,5,Car,vehicle,22.7,59.2,49.2,0.0,1,27,27,27,27,1.0,1.0
kitti_mini,000025,pitch,1.0,deg,0,Car,vehicle,4.0,344.9,155.8,0.94,3,140,107,104,104,0.7429,0.972
kitti_mini,000025,pitch,1.0,deg,1,Car,vehicle,10.7,185.9,125.4,0.0,0,1121,1121,1107,1107,0.9875,0.9875
kitti_mini,000025,pitch,1.0,deg,2,Car,vehicle,30.2,56.0,43.9,0.0,0,61,61,33,33,0.541,0.541
kitti_mini,000025,pitch,1.0,deg,3,Car,vehicle,17.9,81.2,71.0,0.0,0,316,316,277,277,0.8766,0.8766
kitti_mini,000025,pitch,1.0,deg,4,Cyclist,cyclist,44.7,9.8,29.8,0.0,3,21,21,13,13,0.619,0.619
kitti_mini,000025,pitch,1.0,deg,5,Car,vehicle,22.7,59.2,49.2,0.0,1,27,27,23,23,0.8519,0.8519
kitti_mini,000025,pitch,2.0,deg,0,Car,vehicle,4.0,344.9,155.8,0.94,3,140,99,99,99,0.7071,1.0
kitti_mini,000025,pitch,2.0,deg,1,Car,vehicle,10.7,185.9,125.4,0.0,0,1121,1121,1068,1068,0.9527,0.9527
kitti_mini,000025,pitch,2.0,deg,2,Car,vehicle,30.2,56.0,43.9,0.0,0,61,61,4,4,0.0656,0.0656
kitti_mini,000025,pitch,2.0,deg,3,Car,vehicle,17.9,81.2,71.0,0.0,0,316,316,183,183,0.5791,0.5791
kitti_mini,000025,pitch,2.0,deg,4,Cyclist,cyclist,44.7,9.8,29.8,0.0,3,21,21,3,3,0.1429,0.1429
kitti_mini,000025,pitch,2.0,deg,5,Car,vehicle,22.7,59.2,49.2,0.0,1,27,27,14,14,0.5185,0.5185
kitti_mini,000025,pitch,3.0,deg,0,Car,vehicle,4.0,344.9,155.8,0.94,3,140,79,78,78,0.5571,0.9873
kitti_mini,000025,pitch,3.0,deg,1,Car,vehicle,10.7,185.9,125.4,0.0,0,1121,1121,905,905,0.8073,0.8073
kitti_mini,000025,pitch,3.0,deg,2,Car,vehicle,30.2,56.0,43.9,0.0,0,61,61,0,0,0.0,0.0
kitti_mini,000025,pitch,3.0,deg,3,Car,vehicle,17.9,81.2,71.0,0.0,0,316,316,103,103,0.3259,0.3259
kitti_mini,000025,pitch,3.0,deg,4,Cyclist,cyclist,44.7,9.8,29.8,0.0,3,21,21,0,0,0.0,0.0
kitti_mini,000025,pitch,3.0,deg,5,Car,vehicle,22.7,59.2,49.2,0.0,1,27,27,9,9,0.3333,0.3333
kitti_mini,000025,yaw,0.0,deg,0,Car,vehicle,4.0,344.9,155.8,0.94,3,140,140,138,138,0.9857,0.9857
kitti_mini,000025,yaw,0.0,deg,1,Car,vehicle,10.7,185.9,125.4,0.0,0,1121,1121,1121,1121,1.0,1.0
kitti_mini,000025,yaw,0.0,deg,2,Car,vehicle,30.2,56.0,43.9,0.0,0,61,61,61,61,1.0,1.0
kitti_mini,000025,yaw,0.0,deg,3,Car,vehicle,17.9,81.2,71.0,0.0,0,316,316,316,316,1.0,1.0
kitti_mini,000025,yaw,0.0,deg,4,Cyclist,cyclist,44.7,9.8,29.8,0.0,3,21,21,21,21,1.0,1.0
kitti_mini,000025,yaw,0.0,deg,5,Car,vehicle,22.7,59.2,49.2,0.0,1,27,27,27,27,1.0,1.0
kitti_mini,000025,yaw,0.5,deg,0,Car,vehicle,4.0,344.9,155.8,0.94,3,140,147,140,146,1.0,0.9932
kitti_mini,000025,yaw,0.5,deg,1,Car,vehicle,10.7,185.9,125.4,0.0,0,1121,1121,1118,1118,0.9973,0.9973
kitti_mini,000025,yaw,0.5,deg,2,Car,vehicle,30.2,56.0,43.9,0.0,0,61,61,56,56,0.918,0.918
kitti_mini,000025,yaw,0.5,deg,3,Car,vehicle,17.9,81.2,71.0,0.0,0,316,316,312,312,0.9873,0.9873
kitti_mini,000025,yaw,0.5,deg,4,Cyclist,cyclist,44.7,9.8,29.8,0.0,3,21,21,5,5,0.2381,0.2381
kitti_mini,000025,yaw,0.5,deg,5,Car,vehicle,22.7,59.2,49.2,0.0,1,27,27,14,14,0.5185,0.5185
kitti_mini,000025,yaw,1.0,deg,0,Car,vehicle,4.0,344.9,155.8,0.94,3,140,156,140,156,1.0,1.0
kitti_mini,000025,yaw,1.0,deg,1,Car,vehicle,10.7,185.9,125.4,0.0,0,1121,1121,1095,1095,0.9768,0.9768
kitti_mini,000025,yaw,1.0,deg,2,Car,vehicle,30.2,56.0,43.9,0.0,0,61,61,48,48,0.7869,0.7869
kitti_mini,000025,yaw,1.0,deg,3,Car,vehicle,17.9,81.2,71.0,0.0,0,316,316,293,293,0.9272,0.9272
kitti_mini,000025,yaw,1.0,deg,4,Cyclist,cyclist,44.7,9.8,29.8,0.0,3,21,21,0,0,0.0,0.0
kitti_mini,000025,yaw,1.0,deg,5,Car,vehicle,22.7,59.2,49.2,0.0,1,27,27,2,2,0.0741,0.0741
kitti_mini,000025,yaw,2.0,deg,0,Car,vehicle,4.0,344.9,155.8,0.94,3,140,172,132,155,0.9429,0.9012
kitti_mini,000025,yaw,2.0,deg,1,Car,vehicle,10.7,185.9,125.4,0.0,0,1121,1121,1015,1015,0.9054,0.9054
kitti_mini,000025,yaw,2.0,deg,2,Car,vehicle,30.2,56.0,43.9,0.0,0,61,61,25,25,0.4098,0.4098
kitti_mini,000025,yaw,2.0,deg,3,Car,vehicle,17.9,81.2,71.0,0.0,0,316,316,233,233,0.7373,0.7373
kitti_mini,000025,yaw,2.0,deg,4,Cyclist,cyclist,44.7,9.8,29.8,0.0,3,21,21,0,0,0.0,0.0
kitti_mini,000025,yaw,2.0,deg,5,Car,vehicle,22.7,59.2,49.2,0.0,1,27,27,0,0,0.0,0.0
kitti_mini,000025,yaw,3.0,deg,0,Car,vehicle,4.0,344.9,155.8,0.94,3,140,177,132,160,0.9429,0.904
kitti_mini,000025,yaw,3.0,deg,1,Car,vehicle,10.7,185.9,125.4,0.0,0,1121,1121,929,929,0.8287,0.8287
kitti_mini,000025,yaw,3.0,deg,2,Car,vehicle,30.2,56.0,43.9,0.0,0,61,61,8,8,0.1311,0.1311
kitti_mini,000025,yaw,3.0,deg,3,Car,vehicle,17.9,81.2,71.0,0.0,0,316,316,165,165,0.5222,0.5222
kitti_mini,000025,yaw,3.0,deg,4,Cyclist,cyclist,44.7,9.8,29.8,0.0,3,21,21,0,0,0.0,0.0
kitti_mini,000025,yaw,3.0,deg,5,Car,vehicle,22.7,59.2,49.2,0.0,1,27,27,0,0,0.0,0.0
kitti_mini,000025,tx,0.0,m,0,Car,vehicle,4.0,344.9,155.8,0.94,3,140,140,138,138,0.9857,0.9857
kitti_mini,000025,tx,0.0,m,1,Car,vehicle,10.7,185.9,125.4,0.0,0,1121,1121,1121,1121,1.0,1.0
kitti_mini,000025,tx,0.0,m,2,Car,vehicle,30.2,56.0,43.9,0.0,0,61,61,61,61,1.0,1.0
kitti_mini,000025,tx,0.0,m,3,Car,vehicle,17.9,81.2,71.0,0.0,0,316,316,316,316,1.0,1.0
kitti_mini,000025,tx,0.0,m,4,Cyclist,cyclist,44.7,9.8,29.8,0.0,3,21,21,21,21,1.0,1.0
kitti_mini,000025,tx,0.0,m,5,Car,vehicle,22.7,59.2,49.2,0.0,1,27,27,27,27,1.0,1.0
kitti_mini,000025,tx,0.02,m,0,Car,vehicle,4.0,344.9,155.8,0.94,3,140,143,140,142,1.0,0.993
kitti_mini,000025,tx,0.02,m,1,Car,vehicle,10.7,185.9,125.4,0.0,0,1121,1121,1121,1121,1.0,1.0
kitti_mini,000025,tx,0.02,m,2,Car,vehicle,30.2,56.0,43.9,0.0,0,61,61,61,61,1.0,1.0
kitti_mini,000025,tx,0.02,m,3,Car,vehicle,17.9,81.2,71.0,0.0,0,316,316,316,316,1.0,1.0
kitti_mini,000025,tx,0.02,m,4,Cyclist,cyclist,44.7,9.8,29.8,0.0,3,21,21,21,21,1.0,1.0
kitti_mini,000025,tx,0.02,m,5,Car,vehicle,22.7,59.2,49.2,0.0,1,27,27,27,27,1.0,1.0
kitti_mini,000025,tx,0.05,m,0,Car,vehicle,4.0,344.9,155.8,0.94,3,140,154,140,147,1.0,0.9545
kitti_mini,000025,tx,0.05,m,1,Car,vehicle,10.7,185.9,125.4,0.0,0,1121,1121,1121,1121,1.0,1.0
kitti_mini,000025,tx,0.05,m,2,Car,vehicle,30.2,56.0,43.9,0.0,0,61,61,61,61,1.0,1.0
kitti_mini,000025,tx,0.05,m,3,Car,vehicle,17.9,81.2,71.0,0.0,0,316,316,316,316,1.0,1.0
kitti_mini,000025,tx,0.05,m,4,Cyclist,cyclist,44.7,9.8,29.8,0.0,3,21,21,21,21,1.0,1.0
kitti_mini,000025,tx,0.05,m,5,Car,vehicle,22.7,59.2,49.2,0.0,1,27,27,27,27,1.0,1.0
kitti_mini,000025,tx,0.1,m,0,Car,vehicle,4.0,344.9,155.8,0.94,3,140,167,140,167,1.0,1.0
kitti_mini,000025,tx,0.1,m,1,Car,vehicle,10.7,185.9,125.4,0.0,0,1121,1121,1121,1121,1.0,1.0
kitti_mini,000025,tx,0.1,m,2,Car,vehicle,30.2,56.0,43.9,0.0,0,61,61,61,61,1.0,1.0
kitti_mini,000025,tx,0.1,m,3,Car,vehicle,17.9,81.2,71.0,0.0,0,316,316,316,316,1.0,1.0
kitti_mini,000025,tx,0.1,m,4,Cyclist,cyclist,44.7,9.8,29.8,0.0,3,21,21,21,21,1.0,1.0
kitti_mini,000025,tx,0.1,m,5,Car,vehicle,22.7,59.2,49.2,0.0,1,27,27,27,27,1.0,1.0
kitti_mini,000025,tx,0.2,m,0,Car,vehicle,4.0,344.9,155.8,0.94,3,140,183,140,176,1.0,0.9617
kitti_mini,000025,tx,0.2,m,1,Car,vehicle,10.7,185.9,125.4,0.0,0,1121,1121,1121,1121,1.0,1.0
kitti_mini,000025,tx,0.2,m,2,Car,vehicle,30.2,56.0,43.9,0.0,0,61,61,61,61,1.0,1.0
kitti_mini,000025,tx,0.2,m,3,Car,vehicle,17.9,81.2,71.0,0.0,0,316,316,316,316,1.0,1.0
kitti_mini,000025,tx,0.2,m,4,Cyclist,cyclist,44.7,9.8,29.8,0.0,3,21,21,21,21,1.0,1.0
kitti_mini,000025,tx,0.2,m,5,Car,vehicle,22.7,59.2,49.2,0.0,1,27,27,27,27,1.0,1.0
kitti_mini,000025,ty,0.0,m,0,Car,vehicle,4.0,344.9,155.8,0.94,3,140,140,138,138,0.9857,0.9857
kitti_mini,000025,ty,0.0,m,1,Car,vehicle,10.7,185.9,125.4,0.0,0,1121,1121,1121,1121,1.0,1.0
kitti_mini,000025,ty,0.0,m,2,Car,vehicle,30.2,56.0,43.9,0.0,0,61,61,61,61,1.0,1.0
kitti_mini,000025,ty,0.0,m,3,Car,vehicle,17.9,81.2,71.0,0.0,0,316,316,316,316,1.0,1.0
kitti_mini,000025,ty,0.0,m,4,Cyclist,cyclist,44.7,9.8,29.8,0.0,3,21,21,21,21,1.0,1.0
kitti_mini,000025,ty,0.0,m,5,Car,vehicle,22.7,59.2,49.2,0.0,1,27,27,27,27,1.0,1.0
kitti_mini,000025,ty,0.02,m,0,Car,vehicle,4.0,344.9,155.8,0.94,3,140,143,138,141,0.9857,0.986
kitti_mini,000025,ty,0.02,m,1,Car,vehicle,10.7,185.9,125.4,0.0,0,1121,1121,1121,1121,1.0,1.0
kitti_mini,000025,ty,0.02,m,2,Car,vehicle,30.2,56.0,43.9,0.0,0,61,61,61,61,1.0,1.0
kitti_mini,000025,ty,0.02,m,3,Car,vehicle,17.9,81.2,71.0,0.0,0,316,316,316,316,1.0,1.0
kitti_mini,000025,ty,0.02,m,4,Cyclist,cyclist,44.7,9.8,29.8,0.0,3,21,21,21,21,1.0,1.0
kitti_mini,000025,ty,0.02,m,5,Car,vehicle,22.7,59.2,49.2,0.0,1,27,27,27,27,1.0,1.0
kitti_mini,000025,ty,0.05,m,0,Car,vehicle,4.0,344.9,155.8,0.94,3,140,151,137,146,0.9786,0.9669
kitti_mini,000025,ty,0.05,m,1,Car,vehicle,10.7,185.9,125.4,0.0,0,1121,1121,1120,1120,0.9991,0.9991
kitti_mini,000025,ty,0.05,m,2,Car,vehicle,30.2,56.0,43.9,0.0,0,61,61,61,61,1.0,1.0
kitti_mini,000025,ty,0.05,m,3,Car,vehicle,17.9,81.2,71.0,0.0,0,316,316,316,316,1.0,1.0
kitti_mini,000025,ty,0.05,m,4,Cyclist,cyclist,44.7,9.8,29.8,0.0,3,21,21,21,21,1.0,1.0
kitti_mini,000025,ty,0.05,m,5,Car,vehicle,22.7,59.2,49.2,0.0,1,27,27,27,27,1.0,1.0
kitti_mini,000025,ty,0.1,m,0,Car,vehicle,4.0,344.9,155.8,0.94,3,140,159,137,156,0.9786,0.9811
kitti_mini,000025,ty,0.1,m,1,Car,vehicle,10.7,185.9,125.4,0.0,0,1121,1121,1117,1117,0.9964,0.9964
kitti_mini,000025,ty,0.1,m,2,Car,vehicle,30.2,56.0,43.9,0.0,0,61,61,61,61,1.0,1.0
kitti_mini,000025,ty,0.1,m,3,Car,vehicle,17.9,81.2,71.0,0.0,0,316,316,316,316,1.0,1.0
kitti_mini,000025,ty,0.1,m,4,Cyclist,cyclist,44.7,9.8,29.8,0.0,3,21,21,20,20,0.9524,0.9524
kitti_mini,000025,ty,0.1,m,5,Car,vehicle,22.7,59.2,49.2,0.0,1,27,27,26,26,0.963,0.963
kitti_mini,000025,ty,0.2,m,0,Car,vehicle,4.0,344.9,155.8,0.94,3,140,167,129,156,0.9214,0.9341
kitti_mini,000025,ty,0.2,m,1,Car,vehicle,10.7,185.9,125.4,0.0,0,1121,1121,1087,1087,0.9697,0.9697
kitti_mini,000025,ty,0.2,m,2,Car,vehicle,30.2,56.0,43.9,0.0,0,61,61,57,57,0.9344,0.9344
kitti_mini,000025,ty,0.2,m,3,Car,vehicle,17.9,81.2,71.0,0.0,0,316,316,309,309,0.9778,0.9778
kitti_mini,000025,ty,0.2,m,4,Cyclist,cyclist,44.7,9.8,29.8,0.0,3,21,21,14,14,0.6667,0.6667
kitti_mini,000025,ty,0.2,m,5,Car,vehicle,22.7,59.2,49.2,0.0,1,27,27,12,12,0.4444,0.4444
kitti_mini,000025,tz,0.0,m,0,Car,vehicle,4.0,344.9,155.8,0.94,3,140,140,138,138,0.9857,0.9857
kitti_mini,000025,tz,0.0,m,1,Car,vehicle,10.7,185.9,125.4,0.0,0,1121,1121,1121,1121,1.0,1.0
kitti_mini,000025,tz,0.0,m,2,Car,vehicle,30.2,56.0,43.9,0.0,0,61,61,61,61,1.0,1.0
kitti_mini,000025,tz,0.0,m,3,Car,vehicle,17.9,81.2,71.0,0.0,0,316,316,316,316,1.0,1.0
kitti_mini,000025,tz,0.0,m,4,Cyclist,cyclist,44.7,9.8,29.8,0.0,3,21,21,21,21,1.0,1.0
kitti_mini,000025,tz,0.0,m,5,Car,vehicle,22.7,59.2,49.2,0.0,1,27,27,27,27,1.0,1.0
kitti_mini,000025,tz,0.02,m,0,Car,vehicle,4.0,344.9,155.8,0.94,3,140,149,140,146,1.0,0.9799
kitti_mini,000025,tz,0.02,m,1,Car,vehicle,10.7,185.9,125.4,0.0,0,1121,1121,1121,1121,1.0,1.0
kitti_mini,000025,tz,0.02,m,2,Car,vehicle,30.2,56.0,43.9,0.0,0,61,61,61,61,1.0,1.0
kitti_mini,000025,tz,0.02,m,3,Car,vehicle,17.9,81.2,71.0,0.0,0,316,316,316,316,1.0,1.0
kitti_mini,000025,tz,0.02,m,4,Cyclist,cyclist,44.7,9.8,29.8,0.0,3,21,21,21,21,1.0,1.0
kitti_mini,000025,tz,0.02,m,5,Car,vehicle,22.7,59.2,49.2,0.0,1,27,27,27,27,1.0,1.0
kitti_mini,000025,tz,0.05,m,0,Car,vehicle,4.0,344.9,155.8,0.94,3,140,151,140,151,1.0,1.0
kitti_mini,000025,tz,0.05,m,1,Car,vehicle,10.7,185.9,125.4,0.0,0,1121,1121,1121,1121,1.0,1.0
kitti_mini,000025,tz,0.05,m,2,Car,vehicle,30.2,56.0,43.9,0.0,0,61,61,61,61,1.0,1.0
kitti_mini,000025,tz,0.05,m,3,Car,vehicle,17.9,81.2,71.0,0.0,0,316,316,316,316,1.0,1.0
kitti_mini,000025,tz,0.05,m,4,Cyclist,cyclist,44.7,9.8,29.8,0.0,3,21,21,21,21,1.0,1.0
kitti_mini,000025,tz,0.05,m,5,Car,vehicle,22.7,59.2,49.2,0.0,1,27,27,27,27,1.0,1.0
kitti_mini,000025,tz,0.1,m,0,Car,vehicle,4.0,344.9,155.8,0.94,3,140,182,140,182,1.0,1.0
kitti_mini,000025,tz,0.1,m,1,Car,vehicle,10.7,185.9,125.4,0.0,0,1121,1121,1121,1121,1.0,1.0
kitti_mini,000025,tz,0.1,m,2,Car,vehicle,30.2,56.0,43.9,0.0,0,61,61,61,61,1.0,1.0
kitti_mini,000025,tz,0.1,m,3,Car,vehicle,17.9,81.2,71.0,0.0,0,316,316,316,316,1.0,1.0
kitti_mini,000025,tz,0.1,m,4,Cyclist,cyclist,44.7,9.8,29.8,0.0,3,21,21,18,18,0.8571,0.8571
kitti_mini,000025,tz,0.1,m,5,Car,vehicle,22.7,59.2,49.2,0.0,1,27,27,20,20,0.7407,0.7407
kitti_mini,000025,tz,0.2,m,0,Car,vehicle,4.0,344.9,155.8,0.94,3,140,201,119,179,0.85,0.8905
kitti_mini,000025,tz,0.2,m,1,Car,vehicle,10.7,185.9,125.4,0.0,0,1121,1121,1040,1040,0.9277,0.9277
kitti_mini,000025,tz,0.2,m,2,Car,vehicle,30.2,56.0,43.9,0.0,0,61,61,61,61,1.0,1.0
kitti_mini,000025,tz,0.2,m,3,Car,vehicle,17.9,81.2,71.0,0.0,0,316,316,304,304,0.962,0.962
kitti_mini,000025,tz,0.2,m,4,Cyclist,cyclist,44.7,9.8,29.8,0.0,3,21,21,18,18,0.8571,0.8571
kitti_mini,000025,tz,0.2,m,5,Car,vehicle,22.7,59.2,49.2,0.0,1,27,27,18,18,0.6667,0.6667
kitti_mini,000031,roll,0.0,deg,0,Car,vehicle,12.6,155.7,116.8,0.0,0,1028,1028,1028,1028,1.0,1.0
kitti_mini,000031,roll,0.0,deg,1,Car,vehicle,9.0,243.0,161.1,0.0,0,1028,1028,1028,1028,1.0,1.0
kitti_mini,000031,roll,0.0,deg,2,Car,vehicle,13.5,136.8,98.0,0.0,1,517,517,517,517,1.0,1.0
kitti_mini,000031,roll,0.0,deg,3,Truck,vehicle,22.5,93.9,96.7,0.0,2,328,328,328,328,1.0,1.0
kitti_mini,000031,roll,0.0,deg,4,Car,vehicle,26.5,52.3,43.3,0.0,0,141,141,141,141,1.0,1.0
kitti_mini,000031,roll,0.0,deg,5,Van,vehicle,51.9,28.4,28.9,0.0,0,32,32,32,32,1.0,1.0
kitti_mini,000031,roll,0.5,deg,0,Car,vehicle,12.6,155.7,116.8,0.0,0,1028,1028,1028,1028,1.0,1.0
kitti_mini,000031,roll,0.5,deg,1,Car,vehicle,9.0,243.0,161.1,0.0,0,1028,1028,1023,1023,0.9951,0.9951
kitti_mini,000031,roll,0.5,deg,2,Car,vehicle,13.5,136.8,98.0,0.0,1,517,517,517,517,1.0,1.0
kitti_mini,000031,roll,0.5,deg,3,Truck,vehicle,22.5,93.9,96.7,0.0,2,328,328,328,328,1.0,1.0
kitti_mini,000031,roll,0.5,deg,4,Car,vehicle,26.5,52.3,43.3,0.0,0,141,141,141,141,1.0,1.0
kitti_mini,000031,roll,0.5,deg,5,Van,vehicle,51.9,28.4,28.9,0.0,0,32,32,32,32,1.0,1.0
kitti_mini,000031,roll,1.0,deg,0,Car,vehicle,12.6,155.7,116.8,0.0,0,1028,1028,1028,1028,1.0,1.0
kitti_mini,000031,roll,1.0,deg,1,Car,vehicle,9.0,243.0,161.1,0.0,0,1028,1028,1012,1012,0.9844,0.9844
kitti_mini,000031,roll,1.0,deg,2,Car,vehicle,13.5,136.8,98.0,0.0,1,517,517,517,517,1.0,1.0
kitti_mini,000031,roll,1.0,deg,3,Truck,vehicle,22.5,93.9,96.7,0.0,2,328,328,328,328,1.0,1.0
kitti_mini,000031,roll,1.0,deg,4,Car,vehicle,26.5,52.3,43.3,0.0,0,141,141,141,141,1.0,1.0
kitti_mini,000031,roll,1.0,deg,5,Van,vehicle,51.9,28.4,28.9,0.0,0,32,32,32,32,1.0,1.0
kitti_mini,000031,roll,2.0,deg,0,Car,vehicle,12.6,155.7,116.8,0.0,0,1028,1028,999,999,0.9718,0.9718
kitti_mini,000031,roll,2.0,deg,1,Car,vehicle,9.0,243.0,161.1,0.0,0,1028,1028,999,999,0.9718,0.9718
kitti_mini,000031,roll,2.0,deg,2,Car,vehicle,13.5,136.8,98.0,0.0,1,517,517,516,516,0.9981,0.9981
kitti_mini,000031,roll,2.0,deg,3,Truck,vehicle,22.5,93.9,96.7,0.0,2,328,328,328,328,1.0,1.0
kitti_mini,000031,roll,2.0,deg,4,Car,vehicle,26.5,52.3,43.3,0.0,0,141,141,141,141,1.0,1.0
kitti_mini,000031,roll,2.0,deg,5,Van,vehicle,51.9,28.4,28.9,0.0,0,32,32,32,32,1.0,1.0
kitti_mini,000031,roll,3.0,deg,0,Car,vehicle,12.6,155.7,116.8,0.0,0,1028,1028,964,964,0.9377,0.9377
kitti_mini,000031,roll,3.0,deg,1,Car,vehicle,9.0,243.0,161.1,0.0,0,1028,1028,973,973,0.9465,0.9465
kitti_mini,000031,roll,3.0,deg,2,Car,vehicle,13.5,136.8,98.0,0.0,1,517,517,509,509,0.9845,0.9845
kitti_mini,000031,roll,3.0,deg,3,Truck,vehicle,22.5,93.9,96.7,0.0,2,328,328,328,328,1.0,1.0
kitti_mini,000031,roll,3.0,deg,4,Car,vehicle,26.5,52.3,43.3,0.0,0,141,141,140,140,0.9929,0.9929
kitti_mini,000031,roll,3.0,deg,5,Van,vehicle,51.9,28.4,28.9,0.0,0,32,32,32,32,1.0,1.0
kitti_mini,000031,pitch,0.0,deg,0,Car,vehicle,12.6,155.7,116.8,0.0,0,1028,1028,1028,1028,1.0,1.0
kitti_mini,000031,pitch,0.0,deg,1,Car,vehicle,9.0,243.0,161.1,0.0,0,1028,1028,1028,1028,1.0,1.0
kitti_mini,000031,pitch,0.0,deg,2,Car,vehicle,13.5,136.8,98.0,0.0,1,517,517,517,517,1.0,1.0
kitti_mini,000031,pitch,0.0,deg,3,Truck,vehicle,22.5,93.9,96.7,0.0,2,328,328,328,328,1.0,1.0
kitti_mini,000031,pitch,0.0,deg,4,Car,vehicle,26.5,52.3,43.3,0.0,0,141,141,141,141,1.0,1.0
kitti_mini,000031,pitch,0.0,deg,5,Van,vehicle,51.9,28.4,28.9,0.0,0,32,32,32,32,1.0,1.0
kitti_mini,000031,pitch,0.5,deg,0,Car,vehicle,12.6,155.7,116.8,0.0,0,1028,1028,1025,1025,0.9971,0.9971
kitti_mini,000031,pitch,0.5,deg,1,Car,vehicle,9.0,243.0,161.1,0.0,0,1028,1028,1012,1012,0.9844,0.9844
kitti_mini,000031,pitch,0.5,deg,2,Car,vehicle,13.5,136.8,98.0,0.0,1,517,517,511,511,0.9884,0.9884
kitti_mini,000031,pitch,0.5,deg,3,Truck,vehicle,22.5,93.9,96.7,0.0,2,328,328,321,321,0.9787,0.9787
kitti_mini,000031,pitch,0.5,deg,4,Car,vehicle,26.5,52.3,43.3,0.0,0,141,141,124,124,0.8794,0.8794
kitti_mini,000031,pitch,0.5,deg,5,Van,vehicle,51.9,28.4,28.9,0.0,0,32,32,23,23,0.7188,0.7188
kitti_mini,000031,pitch,1.0,deg,0,Car,vehicle,12.6,155.7,116.8,0.0,0,1028,1028,1002,1002,0.9747,0.9747
kitti_mini,000031,pitch,1.0,deg,1,Car,vehicle,9.0,243.0,161.1,0.0,0,1028,1028,985,985,0.9582,0.9582
kitti_mini,000031,pitch,1.0,deg,2,Car,vehicle,13.5,136.8,98.0,0.0,1,517,517,503,503,0.9729,0.9729
kitti_mini,000031,pitch,1.0,deg,3,Truck,vehicle,22.5,93.9,96.7,0.0,2,328,328,304,304,0.9268,0.9268
kitti_mini,000031,pitch,1.0,deg,4,Car,vehicle,26.5,52.3,43.3,0.0,0,141,141,101,101,0.7163,0.7163
kitti_mini,000031,pitch,1.0,deg,5,Van,vehicle,51.9,28.4,28.9,0.0,0,32,32,14,14,0.4375,0.4375
kitti_mini,000031,pitch,2.0,deg,0,Car,vehicle,12.6,155.7,116.8,0.0,0,1028,1028,890,890,0.8658,0.8658
kitti_mini,000031,pitch,2.0,deg,1,Car,vehicle,9.0,243.0,161.1,0.0,0,1028,1028,927,927,0.9018,0.9018
kitti_mini,000031,pitch,2.0,deg,2,Car,vehicle,13.5,136.8,98.0,0.0,1,517,517,440,440,0.8511,0.8511
kitti_mini,000031,pitch,2.0,deg,3,Truck,vehicle,22.5,93.9,96.7,0.0,2,328,328,291,291,0.8872,0.8872
kitti_mini,000031,pitch,2.0,deg,4,Car,vehicle,26.5,52.3,43.3,0.0,0,141,141,40,40,0.2837,0.2837
kitti_mini,000031,pitch,2.0,deg,5,Van,vehicle,51.9,28.4,28.9,0.0,0,32,32,1,1,0.0312,0.0312
kitti_mini,000031,pitch,3.0,deg,0,Car,vehicle,12.6,155.7,116.8,0.0,0,1028,1028,741,741,0.7208,0.7208
kitti_mini,000031,pitch,3.0,deg,1,Car,vehicle,9.0,243.0,161.1,0.0,0,1028,1012,805,805,0.7831,0.7955
kitti_mini,000031,pitch,3.0,deg,2,Car,vehicle,13.5,136.8,98.0,0.0,1,517,517,341,341,0.6596,0.6596
kitti_mini,000031,pitch,3.0,deg,3,Truck,vehicle,22.5,93.9,96.7,0.0,2,328,328,281,281,0.8567,0.8567
kitti_mini,000031,pitch,3.0,deg,4,Car,vehicle,26.5,52.3,43.3,0.0,0,141,141,7,7,0.0496,0.0496
kitti_mini,000031,pitch,3.0,deg,5,Van,vehicle,51.9,28.4,28.9,0.0,0,32,32,0,0,0.0,0.0
kitti_mini,000031,yaw,0.0,deg,0,Car,vehicle,12.6,155.7,116.8,0.0,0,1028,1028,1028,1028,1.0,1.0
kitti_mini,000031,yaw,0.0,deg,1,Car,vehicle,9.0,243.0,161.1,0.0,0,1028,1028,1028,1028,1.0,1.0
kitti_mini,000031,yaw,0.0,deg,2,Car,vehicle,13.5,136.8,98.0,0.0,1,517,517,517,517,1.0,1.0
kitti_mini,000031,yaw,0.0,deg,3,Truck,vehicle,22.5,93.9,96.7,0.0,2,328,328,328,328,1.0,1.0
kitti_mini,000031,yaw,0.0,deg,4,Car,vehicle,26.5,52.3,43.3,0.0,0,141,141,141,141,1.0,1.0
kitti_mini,000031,yaw,0.0,deg,5,Van,vehicle,51.9,28.4,28.9,0.0,0,32,32,32,32,1.0,1.0
kitti_mini,000031,yaw,0.5,deg,0,Car,vehicle,12.6,155.7,116.8,0.0,0,1028,1028,1025,1025,0.9971,0.9971
kitti_mini,000031,yaw,0.5,deg,1,Car,vehicle,9.0,243.0,161.1,0.0,0,1028,1028,1028,1028,1.0,1.0
kitti_mini,000031,yaw,0.5,deg,2,Car,vehicle,13.5,136.8,98.0,0.0,1,517,517,508,508,0.9826,0.9826
kitti_mini,000031,yaw,0.5,deg,3,Truck,vehicle,22.5,93.9,96.7,0.0,2,328,328,320,320,0.9756,0.9756
kitti_mini,000031,yaw,0.5,deg,4,Car,vehicle,26.5,52.3,43.3,0.0,0,141,141,131,131,0.9291,0.9291
kitti_mini,000031,yaw,0.5,deg,5,Van,vehicle,51.9,28.4,28.9,0.0,0,32,32,28,28,0.875,0.875
kitti_mini,000031,yaw,1.0,deg,0,Car,vehicle,12.6,155.7,116.8,0.0,0,1028,1028,1000,1000,0.9728,0.9728
kitti_mini,000031,yaw,1.0,deg,1,Car,vehicle,9.0,243.0,161.1,0.0,0,1028,1028,1017,1017,0.9893,0.9893
kitti_mini,000031,yaw,1.0,deg,2,Car,vehicle,13.5,136.8,98.0,0.0,1,517,517,491,491,0.9497,0.9497
kitti_mini,000031,yaw,1.0,deg,3,Truck,vehicle,22.5,93.9,96.7,0.0,2,328,328,304,304,0.9268,0.9268
kitti_mini,000031,yaw,1.0,deg,4,Car,vehicle,26.5,52.3,43.3,0.0,0,141,141,110,110,0.7801,0.7801
kitti_mini,000031,yaw,1.0,deg,5,Van,vehicle,51.9,28.4,28.9,0.0,0,32,32,19,19,0.5938,0.5938
kitti_mini,000031,yaw,2.0,deg,0,Car,vehicle,12.6,155.7,116.8,0.0,0,1028,1028,903,903,0.8784,0.8784
kitti_mini,000031,yaw,2.0,deg,1,Car,vehicle,9.0,243.0,161.1,0.0,0,1028,1028,977,977,0.9504,0.9504
kitti_mini,000031,yaw,2.0,deg,2,Car,vehicle,13.5,136.8,98.0,0.0,1,517,517,432,432,0.8356,0.8356
kitti_mini,000031,yaw,2.0,deg,3,Truck,vehicle,22.5,93.9,96.7,0.0,2,328,328,255,255,0.7774,0.7774
kitti_mini,000031,yaw,2.0,deg,4,Car,vehicle,26.5,52.3,43.3,0.0,0,141,141,68,68,0.4823,0.4823
kitti_mini,000031,yaw,2.0,deg,5,Van,vehicle,51.9,28.4,28.9,0.0,0,32,32,3,3,0.0938,0.0938
kitti_mini,000031,yaw,3.0,deg,0,Car,vehicle,12.6,155.7,116.8,0.0,0,1028,1028,801,801,0.7792,0.7792
kitti_mini,000031,yaw,3.0,deg,1,Car,vehicle,9.0,243.0,161.1,0.0,0,1028,1028,953,953,0.927,0.927
kitti_mini,000031,yaw,3.0,deg,2,Car,vehicle,13.5,136.8,98.0,0.0,1,517,517,351,351,0.6789,0.6789
kitti_mini,000031,yaw,3.0,deg,3,Truck,vehicle,22.5,93.9,96.7,0.0,2,328,328,209,209,0.6372,0.6372
kitti_mini,000031,yaw,3.0,deg,4,Car,vehicle,26.5,52.3,43.3,0.0,0,141,141,29,29,0.2057,0.2057
kitti_mini,000031,yaw,3.0,deg,5,Van,vehicle,51.9,28.4,28.9,0.0,0,32,32,0,0,0.0,0.0
kitti_mini,000031,tx,0.0,m,0,Car,vehicle,12.6,155.7,116.8,0.0,0,1028,1028,1028,1028,1.0,1.0
kitti_mini,000031,tx,0.0,m,1,Car,vehicle,9.0,243.0,161.1,0.0,0,1028,1028,1028,1028,1.0,1.0
kitti_mini,000031,tx,0.0,m,2,Car,vehicle,13.5,136.8,98.0,0.0,1,517,517,517,517,1.0,1.0
kitti_mini,000031,tx,0.0,m,3,Truck,vehicle,22.5,93.9,96.7,0.0,2,328,328,328,328,1.0,1.0
kitti_mini,000031,tx,0.0,m,4,Car,vehicle,26.5,52.3,43.3,0.0,0,141,141,141,141,1.0,1.0
kitti_mini,000031,tx,0.0,m,5,Van,vehicle,51.9,28.4,28.9,0.0,0,32,32,32,32,1.0,1.0
kitti_mini,000031,tx,0.02,m,0,Car,vehicle,12.6,155.7,116.8,0.0,0,1028,1028,1028,1028,1.0,1.0
kitti_mini,000031,tx,0.02,m,1,Car,vehicle,9.0,243.0,161.1,0.0,0,1028,1028,1028,1028,1.0,1.0
kitti_mini,000031,tx,0.02,m,2,Car,vehicle,13.5,136.8,98.0,0.0,1,517,517,517,517,1.0,1.0
kitti_mini,000031,tx,0.02,m,3,Truck,vehicle,22.5,93.9,96.7,0.0,2,328,328,328,328,1.0,1.0
kitti_mini,000031,tx,0.02,m,4,Car,vehicle,26.5,52.3,43.3,0.0,0,141,141,141,141,1.0,1.0
kitti_mini,000031,tx,0.02,m,5,Van,vehicle,51.9,28.4,28.9,0.0,0,32,32,32,32,1.0,1.0
kitti_mini,000031,tx,0.05,m,0,Car,vehicle,12.6,155.7,116.8,0.0,0,1028,1028,1028,1028,1.0,1.0
kitti_mini,000031,tx,0.05,m,1,Car,vehicle,9.0,243.0,161.1,0.0,0,1028,1028,1028,1028,1.0,1.0
kitti_mini,000031,tx,0.05,m,2,Car,vehicle,13.5,136.8,98.0,0.0,1,517,517,517,517,1.0,1.0
kitti_mini,000031,tx,0.05,m,3,Truck,vehicle,22.5,93.9,96.7,0.0,2,328,328,328,328,1.0,1.0
kitti_mini,000031,tx,0.05,m,4,Car,vehicle,26.5,52.3,43.3,0.0,0,141,141,141,141,1.0,1.0
kitti_mini,000031,tx,0.05,m,5,Van,vehicle,51.9,28.4,28.9,0.0,0,32,32,32,32,1.0,1.0
kitti_mini,000031,tx,0.1,m,0,Car,vehicle,12.6,155.7,116.8,0.0,0,1028,1028,1028,1028,1.0,1.0
kitti_mini,000031,tx,0.1,m,1,Car,vehicle,9.0,243.0,161.1,0.0,0,1028,1028,1028,1028,1.0,1.0
kitti_mini,000031,tx,0.1,m,2,Car,vehicle,13.5,136.8,98.0,0.0,1,517,517,517,517,1.0,1.0
kitti_mini,000031,tx,0.1,m,3,Truck,vehicle,22.5,93.9,96.7,0.0,2,328,328,328,328,1.0,1.0
kitti_mini,000031,tx,0.1,m,4,Car,vehicle,26.5,52.3,43.3,0.0,0,141,141,141,141,1.0,1.0
kitti_mini,000031,tx,0.1,m,5,Van,vehicle,51.9,28.4,28.9,0.0,0,32,32,32,32,1.0,1.0
kitti_mini,000031,tx,0.2,m,0,Car,vehicle,12.6,155.7,116.8,0.0,0,1028,1028,1028,1028,1.0,1.0
kitti_mini,000031,tx,0.2,m,1,Car,vehicle,9.0,243.0,161.1,0.0,0,1028,1028,1028,1028,1.0,1.0
kitti_mini,000031,tx,0.2,m,2,Car,vehicle,13.5,136.8,98.0,0.0,1,517,517,517,517,1.0,1.0
kitti_mini,000031,tx,0.2,m,3,Truck,vehicle,22.5,93.9,96.7,0.0,2,328,328,328,328,1.0,1.0
kitti_mini,000031,tx,0.2,m,4,Car,vehicle,26.5,52.3,43.3,0.0,0,141,141,141,141,1.0,1.0
kitti_mini,000031,tx,0.2,m,5,Van,vehicle,51.9,28.4,28.9,0.0,0,32,32,32,32,1.0,1.0
kitti_mini,000031,ty,0.0,m,0,Car,vehicle,12.6,155.7,116.8,0.0,0,1028,1028,1028,1028,1.0,1.0
kitti_mini,000031,ty,0.0,m,1,Car,vehicle,9.0,243.0,161.1,0.0,0,1028,1028,1028,1028,1.0,1.0
kitti_mini,000031,ty,0.0,m,2,Car,vehicle,13.5,136.8,98.0,0.0,1,517,517,517,517,1.0,1.0
kitti_mini,000031,ty,0.0,m,3,Truck,vehicle,22.5,93.9,96.7,0.0,2,328,328,328,328,1.0,1.0
kitti_mini,000031,ty,0.0,m,4,Car,vehicle,26.5,52.3,43.3,0.0,0,141,141,141,141,1.0,1.0
kitti_mini,000031,ty,0.0,m,5,Van,vehicle,51.9,28.4,28.9,0.0,0,32,32,32,32,1.0,1.0
kitti_mini,000031,ty,0.02,m,0,Car,vehicle,12.6,155.7,116.8,0.0,0,1028,1028,1028,1028,1.0,1.0
kitti_mini,000031,ty,0.02,m,1,Car,vehicle,9.0,243.0,161.1,0.0,0,1028,1028,1028,1028,1.0,1.0
kitti_mini,000031,ty,0.02,m,2,Car,vehicle,13.5,136.8,98.0,0.0,1,517,517,517,517,1.0,1.0
kitti_mini,000031,ty,0.02,m,3,Truck,vehicle,22.5,93.9,96.7,0.0,2,328,328,328,328,1.0,1.0
kitti_mini,000031,ty,0.02,m,4,Car,vehicle,26.5,52.3,43.3,0.0,0,141,141,141,141,1.0,1.0
kitti_mini,000031,ty,0.02,m,5,Van,vehicle,51.9,28.4,28.9,0.0,0,32,32,32,32,1.0,1.0
kitti_mini,000031,ty,0.05,m,0,Car,vehicle,12.6,155.7,116.8,0.0,0,1028,1028,1028,1028,1.0,1.0
kitti_mini,000031,ty,0.05,m,1,Car,vehicle,9.0,243.0,161.1,0.0,0,1028,1028,1028,1028,1.0,1.0
kitti_mini,000031,ty,0.05,m,2,Car,vehicle,13.5,136.8,98.0,0.0,1,517,517,516,516,0.9981,0.9981
kitti_mini,000031,ty,0.05,m,3,Truck,vehicle,22.5,93.9,96.7,0.0,2,328,328,328,328,1.0,1.0
kitti_mini,000031,ty,0.05,m,4,Car,vehicle,26.5,52.3,43.3,0.0,0,141,141,141,141,1.0,1.0
kitti_mini,000031,ty,0.05,m,5,Van,vehicle,51.9,28.4,28.9,0.0,0,32,32,32,32,1.0,1.0
kitti_mini,000031,ty,0.1,m,0,Car,vehicle,12.6,155.7,116.8,0.0,0,1028,1028,1025,1025,0.9971,0.9971
kitti_mini,000031,ty,0.1,m,1,Car,vehicle,9.0,243.0,161.1,0.0,0,1028,1028,1028,1028,1.0,1.0
kitti_mini,000031,ty,0.1,m,2,Car,vehicle,13.5,136.8,98.0,0.0,1,517,517,511,511,0.9884,0.9884
kitti_mini,000031,ty,0.1,m,3,Truck,vehicle,22.5,93.9,96.7,0.0,2,328,328,327,327,0.997,0.997
kitti_mini,000031,ty,0.1,m,4,Car,vehicle,26.5,52.3,43.3,0.0,0,141,141,140,140,0.9929,0.9929
kitti_mini,000031,ty,0.1,m,5,Van,vehicle,51.9,28.4,28.9,0.0,0,32,32,32,32,1.0,1.0
kitti_mini,000031,ty,0.2,m,0,Car,vehicle,12.6,155.7,116.8,0.0,0,1028,1028,1007,1007,0.9796,0.9796
kitti_mini,000031,ty,0.2,m,1,Car,vehicle,9.0,243.0,161.1,0.0,0,1028,1028,1014,1014,0.9864,0.9864
kitti_mini,000031,ty,0.2,m,2,Car,vehicle,13.5,136.8,98.0,0.0,1,517,517,500,500,0.9671,0.9671
kitti_mini,000031,ty,0.2,m,3,Truck,vehicle,22.5,93.9,96.7,0.0,2,328,328,320,320,0.9756,0.9756
kitti_mini,000031,ty,0.2,m,4,Car,vehicle,26.5,52.3,43.3,0.0,0,141,141,133,133,0.9433,0.9433
kitti_mini,000031,ty,0.2,m,5,Van,vehicle,51.9,28.4,28.9,0.0,0,32,32,32,32,1.0,1.0
kitti_mini,000031,tz,0.0,m,0,Car,vehicle,12.6,155.7,116.8,0.0,0,1028,1028,1028,1028,1.0,1.0
kitti_mini,000031,tz,0.0,m,1,Car,vehicle,9.0,243.0,161.1,0.0,0,1028,1028,1028,1028,1.0,1.0
kitti_mini,000031,tz,0.0,m,2,Car,vehicle,13.5,136.8,98.0,0.0,1,517,517,517,517,1.0,1.0
kitti_mini,000031,tz,0.0,m,3,Truck,vehicle,22.5,93.9,96.7,0.0,2,328,328,328,328,1.0,1.0
kitti_mini,000031,tz,0.0,m,4,Car,vehicle,26.5,52.3,43.3,0.0,0,141,141,141,141,1.0,1.0
kitti_mini,000031,tz,0.0,m,5,Van,vehicle,51.9,28.4,28.9,0.0,0,32,32,32,32,1.0,1.0
kitti_mini,000031,tz,0.02,m,0,Car,vehicle,12.6,155.7,116.8,0.0,0,1028,1028,1028,1028,1.0,1.0
kitti_mini,000031,tz,0.02,m,1,Car,vehicle,9.0,243.0,161.1,0.0,0,1028,1028,1028,1028,1.0,1.0
kitti_mini,000031,tz,0.02,m,2,Car,vehicle,13.5,136.8,98.0,0.0,1,517,517,517,517,1.0,1.0
kitti_mini,000031,tz,0.02,m,3,Truck,vehicle,22.5,93.9,96.7,0.0,2,328,328,328,328,1.0,1.0
kitti_mini,000031,tz,0.02,m,4,Car,vehicle,26.5,52.3,43.3,0.0,0,141,141,141,141,1.0,1.0
kitti_mini,000031,tz,0.02,m,5,Van,vehicle,51.9,28.4,28.9,0.0,0,32,32,32,32,1.0,1.0
kitti_mini,000031,tz,0.05,m,0,Car,vehicle,12.6,155.7,116.8,0.0,0,1028,1028,1028,1028,1.0,1.0
kitti_mini,000031,tz,0.05,m,1,Car,vehicle,9.0,243.0,161.1,0.0,0,1028,1028,989,989,0.9621,0.9621
kitti_mini,000031,tz,0.05,m,2,Car,vehicle,13.5,136.8,98.0,0.0,1,517,517,517,517,1.0,1.0
kitti_mini,000031,tz,0.05,m,3,Truck,vehicle,22.5,93.9,96.7,0.0,2,328,328,328,328,1.0,1.0
kitti_mini,000031,tz,0.05,m,4,Car,vehicle,26.5,52.3,43.3,0.0,0,141,141,141,141,1.0,1.0
kitti_mini,000031,tz,0.05,m,5,Van,vehicle,51.9,28.4,28.9,0.0,0,32,32,32,32,1.0,1.0
kitti_mini,000031,tz,0.1,m,0,Car,vehicle,12.6,155.7,116.8,0.0,0,1028,1028,999,999,0.9718,0.9718
kitti_mini,000031,tz,0.1,m,1,Car,vehicle,9.0,243.0,161.1,0.0,0,1028,1028,940,940,0.9144,0.9144
kitti_mini,000031,tz,0.1,m,2,Car,vehicle,13.5,136.8,98.0,0.0,1,517,517,517,517,1.0,1.0
kitti_mini,000031,tz,0.1,m,3,Truck,vehicle,22.5,93.9,96.7,0.0,2,328,328,328,328,1.0,1.0
kitti_mini,000031,tz,0.1,m,4,Car,vehicle,26.5,52.3,43.3,0.0,0,141,141,141,141,1.0,1.0
kitti_mini,000031,tz,0.1,m,5,Van,vehicle,51.9,28.4,28.9,0.0,0,32,32,32,32,1.0,1.0
kitti_mini,000031,tz,0.2,m,0,Car,vehicle,12.6,155.7,116.8,0.0,0,1028,1028,936,936,0.9105,0.9105
kitti_mini,000031,tz,0.2,m,1,Car,vehicle,9.0,243.0,161.1,0.0,0,1028,1028,930,930,0.9047,0.9047
kitti_mini,000031,tz,0.2,m,2,Car,vehicle,13.5,136.8,98.0,0.0,1,517,517,461,461,0.8917,0.8917
kitti_mini,000031,tz,0.2,m,3,Truck,vehicle,22.5,93.9,96.7,0.0,2,328,328,328,328,1.0,1.0
kitti_mini,000031,tz,0.2,m,4,Car,vehicle,26.5,52.3,43.3,0.0,0,141,141,134,134,0.9504,0.9504
kitti_mini,000031,tz,0.2,m,5,Van,vehicle,51.9,28.4,28.9,0.0,0,32,32,31,31,0.9688,0.9688
kitti_mini,000032,roll,0.0,deg,0,Car,vehicle,9.7,257.4,155.4,0.0,0,1435,1435,1435,1435,1.0,1.0
kitti_mini,000032,roll,0.0,deg,1,Car,vehicle,9.1,238.2,153.1,0.0,0,1352,1352,1350,1350,0.9985,0.9985
kitti_mini,000032,roll,0.0,deg,2,Van,vehicle,14.8,148.5,123.1,0.0,1,803,803,803,803,1.0,1.0
kitti_mini,000032,roll,0.0,deg,3,Car,vehicle,13.8,151.5,93.4,0.0,1,410,410,410,410,1.0,1.0
kitti_mini,000032,roll,0.0,deg,4,Car,vehicle,20.2,68.3,57.4,0.0,2,71,71,71,71,1.0,1.0
kitti_mini,000032,roll,0.0,deg,5,Van,vehicle,25.4,249.0,89.4,0.0,2,584,584,584,584,1.0,1.0
kitti_mini,000032,roll,0.0,deg,6,Car,vehicle,25.8,81.2,55.2,0.0,2,75,75,75,75,1.0,1.0
kitti_mini,000032,roll,0.0,deg,7,Van,vehicle,44.7,32.1,33.9,0.0,0,64,64,64,64,1.0,1.0
kitti_mini,000032,roll,0.0,deg,8,Van,vehicle,41.1,136.4,51.9,0.0,2,154,154,154,154,1.0,1.0
kitti_mini,000032,roll,0.0,deg,9,Car,vehicle,45.1,36.8,25.4,0.0,0,39,39,39,39,1.0,1.0
kitti_mini,000032,roll,0.5,deg,0,Car,vehicle,9.7,257.4,155.4,0.0,0,1435,1435,1435,1435,1.0,1.0
kitti_mini,000032,roll,0.5,deg,1,Car,vehicle,9.1,238.2,153.1,0.0,0,1352,1352,1346,1346,0.9956,0.9956
kitti_mini,000032,roll,0.5,deg,2,Van,vehicle,14.8,148.5,123.1,0.0,1,803,803,803,803,1.0,1.0
kitti_mini,000032,roll,0.5,deg,3,Car,vehicle,13.8,151.5,93.4,0.0,1,410,410,410,410,1.0,1.0
kitti_mini,000032,roll,0.5,deg,4,Car,vehicle,20.2,68.3,57.4,0.0,2,71,71,71,71,1.0,1.0
kitti_mini,000032,roll,0.5,deg,5,Van,vehicle,25.4,249.0,89.4,0.0,2,584,584,584,584,1.0,1.0
kitti_mini,000032,roll,0.5,deg,6,Car,vehicle,25.8,81.2,55.2,0.0,2,75,75,75,75,1.0,1.0
kitti_mini,000032,roll,0.5,deg,7,Van,vehicle,44.7,32.1,33.9,0.0,0,64,64,64,64,1.0,1.0
kitti_mini,000032,roll,0.5,deg,8,Van,vehicle,41.1,136.4,51.9,0.0,2,154,154,154,154,1.0,1.0
kitti_mini,000032,roll,0.5,deg,9,Car,vehicle,45.1,36.8,25.4,0.0,0,39,39,39,39,1.0,1.0
kitti_mini,000032,roll,1.0,deg,0,Car,vehicle,9.7,257.4,155.4,0.0,0,1435,1435,1415,1415,0.9861,0.9861
kitti_mini,000032,roll,1.0,deg,1,Car,vehicle,9.1,238.2,153.1,0.0,0,1352,1352,1341,1341,0.9919,0.9919
kitti_mini,000032,roll,1.0,deg,2,Van,vehicle,14.8,148.5,123.1,0.0,1,803,803,803,803,1.0,1.0
kitti_mini,000032,roll,1.0,deg,3,Car,vehicle,13.8,151.5,93.4,0.0,1,410,410,410,410,1.0,1.0
kitti_mini,000032,roll,1.0,deg,4,Car,vehicle,20.2,68.3,57.4,0.0,2,71,71,71,71,1.0,1.0
kitti_mini,000032,roll,1.0,deg,5,Van,vehicle,25.4,249.0,89.4,0.0,2,584,584,561,561,0.9606,0.9606
kitti_mini,000032,roll,1.0,deg,6,Car,vehicle,25.8,81.2,55.2,0.0,2,75,75,75,75,1.0,1.0
kitti_mini,000032,roll,1.0,deg,7,Van,vehicle,44.7,32.1,33.9,0.0,0,64,64,64,64,1.0,1.0
kitti_mini,000032,roll,1.0,deg,8,Van,vehicle,41.1,136.4,51.9,0.0,2,154,154,154,154,1.0,1.0
kitti_mini,000032,roll,1.0,deg,9,Car,vehicle,45.1,36.8,25.4,0.0,0,39,39,39,39,1.0,1.0
kitti_mini,000032,roll,2.0,deg,0,Car,vehicle,9.7,257.4,155.4,0.0,0,1435,1435,1379,1379,0.961,0.961
kitti_mini,000032,roll,2.0,deg,1,Car,vehicle,9.1,238.2,153.1,0.0,0,1352,1352,1311,1311,0.9697,0.9697
kitti_mini,000032,roll,2.0,deg,2,Van,vehicle,14.8,148.5,123.1,0.0,1,803,803,784,784,0.9763,0.9763
kitti_mini,000032,roll,2.0,deg,3,Car,vehicle,13.8,151.5,93.4,0.0,1,410,410,410,410,1.0,1.0
kitti_mini,000032,roll,2.0,deg,4,Car,vehicle,20.2,68.3,57.4,0.0,2,71,71,68,68,0.9577,0.9577
kitti_mini,000032,roll,2.0,deg,5,Van,vehicle,25.4,249.0,89.4,0.0,2,584,584,491,491,0.8408,0.8408
kitti_mini,000032,roll,2.0,deg,6,Car,vehicle,25.8,81.2,55.2,0.0,2,75,75,75,75,1.0,1.0
kitti_mini,000032,roll,2.0,deg,7,Van,vehicle,44.7,32.1,33.9,0.0,0,64,64,64,64,1.0,1.0
kitti_mini,000032,roll,2.0,deg,8,Van,vehicle,41.1,136.4,51.9,0.0,2,154,154,154,154,1.0,1.0
kitti_mini,000032,roll,2.0,deg,9,Car,vehicle,45.1,36.8,25.4,0.0,0,39,39,39,39,1.0,1.0
kitti_mini,000032,roll,3.0,deg,0,Car,vehicle,9.7,257.4,155.4,0.0,0,1435,1435,1338,1338,0.9324,0.9324
kitti_mini,000032,roll,3.0,deg,1,Car,vehicle,9.1,238.2,153.1,0.0,0,1352,1352,1298,1298,0.9601,0.9601
kitti_mini,000032,roll,3.0,deg,2,Van,vehicle,14.8,148.5,123.1,0.0,1,803,803,753,753,0.9377,0.9377
kitti_mini,000032,roll,3.0,deg,3,Car,vehicle,13.8,151.5,93.4,0.0,1,410,410,410,410,1.0,1.0
kitti_mini,000032,roll,3.0,deg,4,Car,vehicle,20.2,68.3,57.4,0.0,2,71,71,68,68,0.9577,0.9577
kitti_mini,000032,roll,3.0,deg,5,Van,vehicle,25.4,249.0,89.4,0.0,2,584,584,422,422,0.7226,0.7226
kitti_mini,000032,roll,3.0,deg,6,Car,vehicle,25.8,81.2,55.2,0.0,2,75,75,75,75,1.0,1.0
kitti_mini,000032,roll,3.0,deg,7,Van,vehicle,44.7,32.1,33.9,0.0,0,64,64,64,64,1.0,1.0
kitti_mini,000032,roll,3.0,deg,8,Van,vehicle,41.1,136.4,51.9,0.0,2,154,154,154,154,1.0,1.0
kitti_mini,000032,roll,3.0,deg,9,Car,vehicle,45.1,36.8,25.4,0.0,0,39,39,39,39,1.0,1.0
kitti_mini,000032,pitch,0.0,deg,0,Car,vehicle,9.7,257.4,155.4,0.0,0,1435,1435,1435,1435,1.0,1.0
kitti_mini,000032,pitch,0.0,deg,1,Car,vehicle,9.1,238.2,153.1,0.0,0,1352,1352,1350,1350,0.9985,0.9985
kitti_mini,000032,pitch,0.0,deg,2,Van,vehicle,14.8,148.5,123.1,0.0,1,803,803,803,803,1.0,1.0
kitti_mini,000032,pitch,0.0,deg,3,Car,vehicle,13.8,151.5,93.4,0.0,1,410,410,410,410,1.0,1.0
kitti_mini,000032,pitch,0.0,deg,4,Car,vehicle,20.2,68.3,57.4,0.0,2,71,71,71,71,1.0,1.0
kitti_mini,000032,pitch,0.0,deg,5,Van,vehicle,25.4,249.0,89.4,0.0,2,584,584,584,584,1.0,1.0
kitti_mini,000032,pitch,0.0,deg,6,Car,vehicle,25.8,81.2,55.2,0.0,2,75,75,75,75,1.0,1.0
kitti_mini,000032,pitch,0.0,deg,7,Van,vehicle,44.7,32.1,33.9,0.0,0,64,64,64,64,1.0,1.0
kitti_mini,000032,pitch,0.0,deg,8,Van,vehicle,41.1,136.4,51.9,0.0,2,154,154,154,154,1.0,1.0
kitti_mini,000032,pitch,0.0,deg,9,Car,vehicle,45.1,36.8,25.4,0.0,0,39,39,39,39,1.0,1.0
kitti_mini,000032,pitch,0.5,deg,0,Car,vehicle,9.7,257.4,155.4,0.0,0,1435,1435,1435,1435,1.0,1.0
kitti_mini,000032,pitch,0.5,deg,1,Car,vehicle,9.1,238.2,153.1,0.0,0,1352,1352,1340,1340,0.9911,0.9911
kitti_mini,000032,pitch,0.5,deg,2,Van,vehicle,14.8,148.5,123.1,0.0,1,803,803,803,803,1.0,1.0
kitti_mini,000032,pitch,0.5,deg,3,Car,vehicle,13.8,151.5,93.4,0.0,1,410,410,410,410,1.0,1.0
kitti_mini,000032,pitch,0.5,deg,4,Car,vehicle,20.2,68.3,57.4,0.0,2,71,71,65,65,0.9155,0.9155
kitti_mini,000032,pitch,0.5,deg,5,Van,vehicle,25.4,249.0,89.4,0.0,2,584,584,584,584,1.0,1.0
kitti_mini,000032,pitch,0.5,deg,6,Car,vehicle,25.8,81.2,55.2,0.0,2,75,75,75,75,1.0,1.0
kitti_mini,000032,pitch,0.5,deg,7,Van,vehicle,44.7,32.1,33.9,0.0,0,64,64,51,51,0.7969,0.7969
kitti_mini,000032,pitch,0.5,deg,8,Van,vehicle,41.1,136.4,51.9,0.0,2,154,154,154,154,1.0,1.0
kitti_mini,000032,pitch,0.5,deg,9,Car,vehicle,45.1,36.8,25.4,0.0,0,39,39,26,26,0.6667,0.6667
kitti_mini,000032,pitch,1.0,deg,0,Car,vehicle,9.7,257.4,155.4,0.0,0,1435,1435,1435,1435,1.0,1.0
kitti_mini,000032,pitch,1.0,deg,1,Car,vehicle,9.1,238.2,153.1,0.0,0,1352,1352,1311,1311,0.9697,0.9697
kitti_mini,000032,pitch,1.0,deg,2,Van,vehicle,14.8,148.5,123.1,0.0,1,803,803,798,798,0.9938,0.9938
kitti_mini,000032,pitch,1.0,deg,3,Car,vehicle,13.8,151.5,93.4,0.0,1,410,410,405,405,0.9878,0.9878
kitti_mini,000032,pitch,1.0,deg,4,Car,vehicle,20.2,68.3,57.4,0.0,2,71,71,65,65,0.9155,0.9155
kitti_mini,000032,pitch,1.0,deg,5,Van,vehicle,25.4,249.0,89.4,0.0,2,584,584,584,584,1.0,1.0
kitti_mini,000032,pitch,1.0,deg,6,Car,vehicle,25.8,81.2,55.2,0.0,2,75,75,75,75,1.0,1.0
kitti_mini,000032,pitch,1.0,deg,7,Van,vehicle,44.7,32.1,33.9,0.0,0,64,64,33,33,0.5156,0.5156
kitti_mini,000032,pitch,1.0,deg,8,Van,vehicle,41.1,136.4,51.9,0.0,2,154,154,154,154,1.0,1.0
kitti_mini,000032,pitch,1.0,deg,9,Car,vehicle,45.1,36.8,25.4,0.0,0,39,39,1,1,0.0256,0.0256
kitti_mini,000032,pitch,2.0,deg,0,Car,vehicle,9.7,257.4,155.4,0.0,0,1435,1435,1390,1390,0.9686,0.9686
kitti_mini,000032,pitch,2.0,deg,1,Car,vehicle,9.1,238.2,153.1,0.0,0,1352,1352,1240,1240,0.9172,0.9172
kitti_mini,000032,pitch,2.0,deg,2,Van,vehicle,14.8,148.5,123.1,0.0,1,803,803,758,758,0.944,0.944
kitti_mini,000032,pitch,2.0,deg,3,Car,vehicle,13.8,151.5,93.4,0.0,1,410,410,347,347,0.8463,0.8463
kitti_mini,000032,pitch,2.0,deg,4,Car,vehicle,20.2,68.3,57.4,0.0,2,71,71,56,56,0.7887,0.7887
kitti_mini,000032,pitch,2.0,deg,5,Van,vehicle,25.4,249.0,89.4,0.0,2,584,584,581,581,0.9949,0.9949
kitti_mini,000032,pitch,2.0,deg,6,Car,vehicle,25.8,81.2,55.2,0.0,2,75,75,73,73,0.9733,0.9733
kitti_mini,000032,pitch,2.0,deg,7,Van,vehicle,44.7,32.1,33.9,0.0,0,64,64,11,11,0.1719,0.1719
kitti_mini,000032,pitch,2.0,deg,8,Van,vehicle,41.1,136.4,51.9,0.0,2,154,154,133,133,0.8636,0.8636
kitti_mini,000032,pitch,2.0,deg,9,Car,vehicle,45.1,36.8,25.4,0.0,0,39,39,0,0,0.0,0.0
kitti_mini,000032,pitch,3.0,deg,0,Car,vehicle,9.7,257.4,155.4,0.0,0,1435,1435,1278,1278,0.8906,0.8906
kitti_mini,000032,pitch,3.0,deg,1,Car,vehicle,9.1,238.2,153.1,0.0,0,1352,1346,1115,1115,0.8247,0.8284
kitti_mini,000032,pitch,3.0,deg,2,Van,vehicle,14.8,148.5,123.1,0.0,1,803,803,677,677,0.8431,0.8431
kitti_mini,000032,pitch,3.0,deg,3,Car,vehicle,13.8,151.5,93.4,0.0,1,410,410,278,278,0.678,0.678
kitti_mini,000032,pitch,3.0,deg,4,Car,vehicle,20.2,68.3,57.4,0.0,2,71,71,30,30,0.4225,0.4225
kitti_mini,000032,pitch,3.0,deg,5,Van,vehicle,25.4,249.0,89.4,0.0,2,584,584,516,516,0.8836,0.8836
kitti_mini,000032,pitch,3.0,deg,6,Car,vehicle,25.8,81.2,55.2,0.0,2,75,75,39,39,0.52,0.52
kitti_mini,000032,pitch,3.0,deg,7,Van,vehicle,44.7,32.1,33.9,0.0,0,64,64,0,0,0.0,0.0
kitti_mini,000032,pitch,3.0,deg,8,Van,vehicle,41.1,136.4,51.9,0.0,2,154,154,52,52,0.3377,0.3377
kitti_mini,000032,pitch,3.0,deg,9,Car,vehicle,45.1,36.8,25.4,0.0,0,39,39,0,0,0.0,0.0
kitti_mini,000032,yaw,0.0,deg,0,Car,vehicle,9.7,257.4,155.4,0.0,0,1435,1435,1435,1435,1.0,1.0
kitti_mini,000032,yaw,0.0,deg,1,Car,vehicle,9.1,238.2,153.1,0.0,0,1352,1352,1350,1350,0.9985,0.9985
kitti_mini,000032,yaw,0.0,deg,2,Van,vehicle,14.8,148.5,123.1,0.0,1,803,803,803,803,1.0,1.0
kitti_mini,000032,yaw,0.0,deg,3,Car,vehicle,13.8,151.5,93.4,0.0,1,410,410,410,410,1.0,1.0
kitti_mini,000032,yaw,0.0,deg,4,Car,vehicle,20.2,68.3,57.4,0.0,2,71,71,71,71,1.0,1.0
kitti_mini,000032,yaw,0.0,deg,5,Van,vehicle,25.4,249.0,89.4,0.0,2,584,584,584,584,1.0,1.0
kitti_mini,000032,yaw,0.0,deg,6,Car,vehicle,25.8,81.2,55.2,0.0,2,75,75,75,75,1.0,1.0
kitti_mini,000032,yaw,0.0,deg,7,Van,vehicle,44.7,32.1,33.9,0.0,0,64,64,64,64,1.0,1.0
kitti_mini,000032,yaw,0.0,deg,8,Van,vehicle,41.1,136.4,51.9,0.0,2,154,154,154,154,1.0,1.0
kitti_mini,000032,yaw,0.0,deg,9,Car,vehicle,45.1,36.8,25.4,0.0,0,39,39,39,39,1.0,1.0
kitti_mini,000032,yaw,0.5,deg,0,Car,vehicle,9.7,257.4,155.4,0.0,0,1435,1435,1435,1435,1.0,1.0
kitti_mini,000032,yaw,0.5,deg,1,Car,vehicle,9.1,238.2,153.1,0.0,0,1352,1352,1352,1352,1.0,1.0
kitti_mini,000032,yaw,0.5,deg,2,Van,vehicle,14.8,148.5,123.1,0.0,1,803,803,803,803,1.0,1.0
kitti_mini,000032,yaw,0.5,deg,3,Car,vehicle,13.8,151.5,93.4,0.0,1,410,410,410,410,1.0,1.0
kitti_mini,000032,yaw,0.5,deg,4,Car,vehicle,20.2,68.3,57.4,0.0,2,71,71,59,59,0.831,0.831
kitti_mini,000032,yaw,0.5,deg,5,Van,vehicle,25.4,249.0,89.4,0.0,2,584,584,584,584,1.0,1.0
kitti_mini,000032,yaw,0.5,deg,6,Car,vehicle,25.8,81.2,55.2,0.0,2,75,75,75,75,1.0,1.0
kitti_mini,000032,yaw,0.5,deg,7,Van,vehicle,44.7,32.1,33.9,0.0,0,64,64,58,58,0.9062,0.9062
kitti_mini,000032,yaw,0.5,deg,8,Van,vehicle,41.1,136.4,51.9,0.0,2,154,154,153,153,0.9935,0.9935
kitti_mini,000032,yaw,0.5,deg,9,Car,vehicle,45.1,36.8,25.4,0.0,0,39,39,34,34,0.8718,0.8718
kitti_mini,000032,yaw,1.0,deg,0,Car,vehicle,9.7,257.4,155.4,0.0,0,1435,1435,1435,1435,1.0,1.0
kitti_mini,000032,yaw,1.0,deg,1,Car,vehicle,9.1,238.2,153.1,0.0,0,1352,1352,1334,1334,0.9867,0.9867
kitti_mini,000032,yaw,1.0,deg,2,Van,vehicle,14.8,148.5,123.1,0.0,1,803,803,803,803,1.0,1.0
kitti_mini,000032,yaw,1.0,deg,3,Car,vehicle,13.8,151.5,93.4,0.0,1,410,410,395,395,0.9634,0.9634
kitti_mini,000032,yaw,1.0,deg,4,Car,vehicle,20.2,68.3,57.4,0.0,2,71,71,46,46,0.6479,0.6479
kitti_mini,000032,yaw,1.0,deg,5,Van,vehicle,25.4,249.0,89.4,0.0,2,584,584,584,584,1.0,1.0
kitti_mini,000032,yaw,1.0,deg,6,Car,vehicle,25.8,81.2,55.2,0.0,2,75,75,73,73,0.9733,0.9733
kitti_mini,000032,yaw,1.0,deg,7,Van,vehicle,44.7,32.1,33.9,0.0,0,64,64,43,43,0.6719,0.6719
kitti_mini,000032,yaw,1.0,deg,8,Van,vehicle,41.1,136.4,51.9,0.0,2,154,154,135,135,0.8766,0.8766
kitti_mini,000032,yaw,1.0,deg,9,Car,vehicle,45.1,36.8,25.4,0.0,0,39,39,25,25,0.641,0.641
kitti_mini,000032,yaw,2.0,deg,0,Car,vehicle,9.7,257.4,155.4,0.0,0,1435,1435,1420,1420,0.9895,0.9895
kitti_mini,000032,yaw,2.0,deg,1,Car,vehicle,9.1,238.2,153.1,0.0,0,1352,1352,1274,1274,0.9423,0.9423
kitti_mini,000032,yaw,2.0,deg,2,Van,vehicle,14.8,148.5,123.1,0.0,1,803,803,788,788,0.9813,0.9813
kitti_mini,000032,yaw,2.0,deg,3,Car,vehicle,13.8,151.5,93.4,0.0,1,410,410,352,352,0.8585,0.8585
kitti_mini,000032,yaw,2.0,deg,4,Car,vehicle,20.2,68.3,57.4,0.0,2,71,71,18,18,0.2535,0.2535
kitti_mini,000032,yaw,2.0,deg,5,Van,vehicle,25.4,249.0,89.4,0.0,2,584,584,584,584,1.0,1.0
kitti_mini,000032,yaw,2.0,deg,6,Car,vehicle,25.8,81.2,55.2,0.0,2,75,75,56,56,0.7467,0.7467
kitti_mini,000032,yaw,2.0,deg,7,Van,vehicle,44.7,32.1,33.9,0.0,0,64,64,15,15,0.2344,0.2344
kitti_mini,000032,yaw,2.0,deg,8,Van,vehicle,41.1,136.4,51.9,0.0,2,154,154,110,110,0.7143,0.7143
kitti_mini,000032,yaw,2.0,deg,9,Car,vehicle,45.1,36.8,25.4,0.0,0,39,39,8,8,0.2051,0.2051
kitti_mini,000032,yaw,3.0,deg,0,Car,vehicle,9.7,257.4,155.4,0.0,0,1435,1435,1362,1362,0.9491,0.9491
kitti_mini,000032,yaw,3.0,deg,1,Car,vehicle,9.1,238.2,153.1,0.0,0,1352,1352,1214,1214,0.8979,0.8979
kitti_mini,000032,yaw,3.0,deg,2,Van,vehicle,14.8,148.5,123.1,0.0,1,803,803,754,754,0.939,0.939
kitti_mini,000032,yaw,3.0,deg,3,Car,vehicle,13.8,151.5,93.4,0.0,1,410,410,298,298,0.7268,0.7268
kitti_mini,000032,yaw,3.0,deg,4,Car,vehicle,20.2,68.3,57.4,0.0,2,71,71,8,8,0.1127,0.1127
kitti_mini,000032,yaw,3.0,deg,5,Van,vehicle,25.4,249.0,89.4,0.0,2,584,584,584,584,1.0,1.0
kitti_mini,000032,yaw,3.0,deg,6,Car,vehicle,25.8,81.2,55.2,0.0,2,75,75,42,42,0.56,0.56
kitti_mini,000032,yaw,3.0,deg,7,Van,vehicle,44.7,32.1,33.9,0.0,0,64,64,0,0,0.0,0.0
kitti_mini,000032,yaw,3.0,deg,8,Van,vehicle,41.1,136.4,51.9,0.0,2,154,154,81,81,0.526,0.526
kitti_mini,000032,yaw,3.0,deg,9,Car,vehicle,45.1,36.8,25.4,0.0,0,39,39,0,0,0.0,0.0
kitti_mini,000032,tx,0.0,m,0,Car,vehicle,9.7,257.4,155.4,0.0,0,1435,1435,1435,1435,1.0,1.0
kitti_mini,000032,tx,0.0,m,1,Car,vehicle,9.1,238.2,153.1,0.0,0,1352,1352,1350,1350,0.9985,0.9985
kitti_mini,000032,tx,0.0,m,2,Van,vehicle,14.8,148.5,123.1,0.0,1,803,803,803,803,1.0,1.0
kitti_mini,000032,tx,0.0,m,3,Car,vehicle,13.8,151.5,93.4,0.0,1,410,410,410,410,1.0,1.0
kitti_mini,000032,tx,0.0,m,4,Car,vehicle,20.2,68.3,57.4,0.0,2,71,71,71,71,1.0,1.0
kitti_mini,000032,tx,0.0,m,5,Van,vehicle,25.4,249.0,89.4,0.0,2,584,584,584,584,1.0,1.0
kitti_mini,000032,tx,0.0,m,6,Car,vehicle,25.8,81.2,55.2,0.0,2,75,75,75,75,1.0,1.0
kitti_mini,000032,tx,0.0,m,7,Van,vehicle,44.7,32.1,33.9,0.0,0,64,64,64,64,1.0,1.0
kitti_mini,000032,tx,0.0,m,8,Van,vehicle,41.1,136.4,51.9,0.0,2,154,154,154,154,1.0,1.0
kitti_mini,000032,tx,0.0,m,9,Car,vehicle,45.1,36.8,25.4,0.0,0,39,39,39,39,1.0,1.0
kitti_mini,000032,tx,0.02,m,0,Car,vehicle,9.7,257.4,155.4,0.0,0,1435,1435,1435,1435,1.0,1.0
kitti_mini,000032,tx,0.02,m,1,Car,vehicle,9.1,238.2,153.1,0.0,0,1352,1352,1352,1352,1.0,1.0
kitti_mini,000032,tx,0.02,m,2,Van,vehicle,14.8,148.5,123.1,0.0,1,803,803,803,803,1.0,1.0
kitti_mini,000032,tx,0.02,m,3,Car,vehicle,13.8,151.5,93.4,0.0,1,410,410,410,410,1.0,1.0
kitti_mini,000032,tx,0.02,m,4,Car,vehicle,20.2,68.3,57.4,0.0,2,71,71,71,71,1.0,1.0
kitti_mini,000032,tx,0.02,m,5,Van,vehicle,25.4,249.0,89.4,0.0,2,584,584,584,584,1.0,1.0
kitti_mini,000032,tx,0.02,m,6,Car,vehicle,25.8,81.2,55.2,0.0,2,75,75,75,75,1.0,1.0
kitti_mini,000032,tx,0.02,m,7,Van,vehicle,44.7,32.1,33.9,0.0,0,64,64,64,64,1.0,1.0
kitti_mini,000032,tx,0.02,m,8,Van,vehicle,41.1,136.4,51.9,0.0,2,154,154,154,154,1.0,1.0
kitti_mini,000032,tx,0.02,m,9,Car,vehicle,45.1,36.8,25.4,0.0,0,39,39,39,39,1.0,1.0
kitti_mini,000032,tx,0.05,m,0,Car,vehicle,9.7,257.4,155.4,0.0,0,1435,1435,1435,1435,1.0,1.0
kitti_mini,000032,tx,0.05,m,1,Car,vehicle,9.1,238.2,153.1,0.0,0,1352,1352,1352,1352,1.0,1.0
kitti_mini,000032,tx,0.05,m,2,Van,vehicle,14.8,148.5,123.1,0.0,1,803,803,803,803,1.0,1.0
kitti_mini,000032,tx,0.05,m,3,Car,vehicle,13.8,151.5,93.4,0.0,1,410,410,410,410,1.0,1.0
kitti_mini,000032,tx,0.05,m,4,Car,vehicle,20.2,68.3,57.4,0.0,2,71,71,71,71,1.0,1.0
kitti_mini,000032,tx,0.05,m,5,Van,vehicle,25.4,249.0,89.4,0.0,2,584,584,584,584,1.0,1.0
kitti_mini,000032,tx,0.05,m,6,Car,vehicle,25.8,81.2,55.2,0.0,2,75,75,75,75,1.0,1.0
kitti_mini,000032,tx,0.05,m,7,Van,vehicle,44.7,32.1,33.9,0.0,0,64,64,64,64,1.0,1.0
kitti_mini,000032,tx,0.05,m,8,Van,vehicle,41.1,136.4,51.9,0.0,2,154,154,154,154,1.0,1.0
kitti_mini,000032,tx,0.05,m,9,Car,vehicle,45.1,36.8,25.4,0.0,0,39,39,39,39,1.0,1.0
kitti_mini,000032,tx,0.1,m,0,Car,vehicle,9.7,257.4,155.4,0.0,0,1435,1435,1435,1435,1.0,1.0
kitti_mini,000032,tx,0.1,m,1,Car,vehicle,9.1,238.2,153.1,0.0,0,1352,1352,1352,1352,1.0,1.0
kitti_mini,000032,tx,0.1,m,2,Van,vehicle,14.8,148.5,123.1,0.0,1,803,803,803,803,1.0,1.0
kitti_mini,000032,tx,0.1,m,3,Car,vehicle,13.8,151.5,93.4,0.0,1,410,410,410,410,1.0,1.0
kitti_mini,000032,tx,0.1,m,4,Car,vehicle,20.2,68.3,57.4,0.0,2,71,71,71,71,1.0,1.0
kitti_mini,000032,tx,0.1,m,5,Van,vehicle,25.4,249.0,89.4,0.0,2,584,584,584,584,1.0,1.0
kitti_mini,000032,tx,0.1,m,6,Car,vehicle,25.8,81.2,55.2,0.0,2,75,75,75,75,1.0,1.0
kitti_mini,000032,tx,0.1,m,7,Van,vehicle,44.7,32.1,33.9,0.0,0,64,64,64,64,1.0,1.0
kitti_mini,000032,tx,0.1,m,8,Van,vehicle,41.1,136.4,51.9,0.0,2,154,154,154,154,1.0,1.0
kitti_mini,000032,tx,0.1,m,9,Car,vehicle,45.1,36.8,25.4,0.0,0,39,39,39,39,1.0,1.0
kitti_mini,000032,tx,0.2,m,0,Car,vehicle,9.7,257.4,155.4,0.0,0,1435,1435,1435,1435,1.0,1.0
kitti_mini,000032,tx,0.2,m,1,Car,vehicle,9.1,238.2,153.1,0.0,0,1352,1352,1352,1352,1.0,1.0
kitti_mini,000032,tx,0.2,m,2,Van,vehicle,14.8,148.5,123.1,0.0,1,803,803,803,803,1.0,1.0
kitti_mini,000032,tx,0.2,m,3,Car,vehicle,13.8,151.5,93.4,0.0,1,410,410,410,410,1.0,1.0
kitti_mini,000032,tx,0.2,m,4,Car,vehicle,20.2,68.3,57.4,0.0,2,71,71,71,71,1.0,1.0
kitti_mini,000032,tx,0.2,m,5,Van,vehicle,25.4,249.0,89.4,0.0,2,584,584,584,584,1.0,1.0
kitti_mini,000032,tx,0.2,m,6,Car,vehicle,25.8,81.2,55.2,0.0,2,75,75,75,75,1.0,1.0
kitti_mini,000032,tx,0.2,m,7,Van,vehicle,44.7,32.1,33.9,0.0,0,64,64,64,64,1.0,1.0
kitti_mini,000032,tx,0.2,m,8,Van,vehicle,41.1,136.4,51.9,0.0,2,154,154,154,154,1.0,1.0
kitti_mini,000032,tx,0.2,m,9,Car,vehicle,45.1,36.8,25.4,0.0,0,39,39,39,39,1.0,1.0
kitti_mini,000032,ty,0.0,m,0,Car,vehicle,9.7,257.4,155.4,0.0,0,1435,1435,1435,1435,1.0,1.0
kitti_mini,000032,ty,0.0,m,1,Car,vehicle,9.1,238.2,153.1,0.0,0,1352,1352,1350,1350,0.9985,0.9985
kitti_mini,000032,ty,0.0,m,2,Van,vehicle,14.8,148.5,123.1,0.0,1,803,803,803,803,1.0,1.0
kitti_mini,000032,ty,0.0,m,3,Car,vehicle,13.8,151.5,93.4,0.0,1,410,410,410,410,1.0,1.0
kitti_mini,000032,ty,0.0,m,4,Car,vehicle,20.2,68.3,57.4,0.0,2,71,71,71,71,1.0,1.0
kitti_mini,000032,ty,0.0,m,5,Van,vehicle,25.4,249.0,89.4,0.0,2,584,584,584,584,1.0,1.0
kitti_mini,000032,ty,0.0,m,6,Car,vehicle,25.8,81.2,55.2,0.0,2,75,75,75,75,1.0,1.0
kitti_mini,000032,ty,0.0,m,7,Van,vehicle,44.7,32.1,33.9,0.0,0,64,64,64,64,1.0,1.0
kitti_mini,000032,ty,0.0,m,8,Van,vehicle,41.1,136.4,51.9,0.0,2,154,154,154,154,1.0,1.0
kitti_mini,000032,ty,0.0,m,9,Car,vehicle,45.1,36.8,25.4,0.0,0,39,39,39,39,1.0,1.0
kitti_mini,000032,ty,0.02,m,0,Car,vehicle,9.7,257.4,155.4,0.0,0,1435,1435,1435,1435,1.0,1.0
kitti_mini,000032,ty,0.02,m,1,Car,vehicle,9.1,238.2,153.1,0.0,0,1352,1352,1350,1350,0.9985,0.9985
kitti_mini,000032,ty,0.02,m,2,Van,vehicle,14.8,148.5,123.1,0.0,1,803,803,803,803,1.0,1.0
kitti_mini,000032,ty,0.02,m,3,Car,vehicle,13.8,151.5,93.4,0.0,1,410,410,410,410,1.0,1.0
kitti_mini,000032,ty,0.02,m,4,Car,vehicle,20.2,68.3,57.4,0.0,2,71,71,71,71,1.0,1.0
kitti_mini,000032,ty,0.02,m,5,Van,vehicle,25.4,249.0,89.4,0.0,2,584,584,584,584,1.0,1.0
kitti_mini,000032,ty,0.02,m,6,Car,vehicle,25.8,81.2,55.2,0.0,2,75,75,75,75,1.0,1.0
kitti_mini,000032,ty,0.02,m,7,Van,vehicle,44.7,32.1,33.9,0.0,0,64,64,64,64,1.0,1.0
kitti_mini,000032,ty,0.02,m,8,Van,vehicle,41.1,136.4,51.9,0.0,2,154,154,154,154,1.0,1.0
kitti_mini,000032,ty,0.02,m,9,Car,vehicle,45.1,36.8,25.4,0.0,0,39,39,39,39,1.0,1.0
kitti_mini,000032,ty,0.05,m,0,Car,vehicle,9.7,257.4,155.4,0.0,0,1435,1435,1435,1435,1.0,1.0
kitti_mini,000032,ty,0.05,m,1,Car,vehicle,9.1,238.2,153.1,0.0,0,1352,1352,1350,1350,0.9985,0.9985
kitti_mini,000032,ty,0.05,m,2,Van,vehicle,14.8,148.5,123.1,0.0,1,803,803,803,803,1.0,1.0
kitti_mini,000032,ty,0.05,m,3,Car,vehicle,13.8,151.5,93.4,0.0,1,410,410,410,410,1.0,1.0
kitti_mini,000032,ty,0.05,m,4,Car,vehicle,20.2,68.3,57.4,0.0,2,71,71,71,71,1.0,1.0
kitti_mini,000032,ty,0.05,m,5,Van,vehicle,25.4,249.0,89.4,0.0,2,584,584,584,584,1.0,1.0
kitti_mini,000032,ty,0.05,m,6,Car,vehicle,25.8,81.2,55.2,0.0,2,75,75,75,75,1.0,1.0
kitti_mini,000032,ty,0.05,m,7,Van,vehicle,44.7,32.1,33.9,0.0,0,64,64,64,64,1.0,1.0
kitti_mini,000032,ty,0.05,m,8,Van,vehicle,41.1,136.4,51.9,0.0,2,154,154,154,154,1.0,1.0
kitti_mini,000032,ty,0.05,m,9,Car,vehicle,45.1,36.8,25.4,0.0,0,39,39,39,39,1.0,1.0
kitti_mini,000032,ty,0.1,m,0,Car,vehicle,9.7,257.4,155.4,0.0,0,1435,1435,1435,1435,1.0,1.0
kitti_mini,000032,ty,0.1,m,1,Car,vehicle,9.1,238.2,153.1,0.0,0,1352,1352,1350,1350,0.9985,0.9985
kitti_mini,000032,ty,0.1,m,2,Van,vehicle,14.8,148.5,123.1,0.0,1,803,803,803,803,1.0,1.0
kitti_mini,000032,ty,0.1,m,3,Car,vehicle,13.8,151.5,93.4,0.0,1,410,410,410,410,1.0,1.0
kitti_mini,000032,ty,0.1,m,4,Car,vehicle,20.2,68.3,57.4,0.0,2,71,71,68,68,0.9577,0.9577
kitti_mini,000032,ty,0.1,m,5,Van,vehicle,25.4,249.0,89.4,0.0,2,584,584,584,584,1.0,1.0
kitti_mini,000032,ty,0.1,m,6,Car,vehicle,25.8,81.2,55.2,0.0,2,75,75,75,75,1.0,1.0
kitti_mini,000032,ty,0.1,m,7,Van,vehicle,44.7,32.1,33.9,0.0,0,64,64,64,64,1.0,1.0
kitti_mini,000032,ty,0.1,m,8,Van,vehicle,41.1,136.4,51.9,0.0,2,154,154,154,154,1.0,1.0
kitti_mini,000032,ty,0.1,m,9,Car,vehicle,45.1,36.8,25.4,0.0,0,39,39,39,39,1.0,1.0
kitti_mini,000032,ty,0.2,m,0,Car,vehicle,9.7,257.4,155.4,0.0,0,1435,1435,1435,1435,1.0,1.0
kitti_mini,000032,ty,0.2,m,1,Car,vehicle,9.1,238.2,153.1,0.0,0,1352,1352,1329,1329,0.983,0.983
kitti_mini,000032,ty,0.2,m,2,Van,vehicle,14.8,148.5,123.1,0.0,1,803,803,803,803,1.0,1.0
kitti_mini,000032,ty,0.2,m,3,Car,vehicle,13.8,151.5,93.4,0.0,1,410,410,406,406,0.9902,0.9902
kitti_mini,000032,ty,0.2,m,4,Car,vehicle,20.2,68.3,57.4,0.0,2,71,71,56,56,0.7887,0.7887
kitti_mini,000032,ty,0.2,m,5,Van,vehicle,25.4,249.0,89.4,0.0,2,584,584,584,584,1.0,1.0
kitti_mini,000032,ty,0.2,m,6,Car,vehicle,25.8,81.2,55.2,0.0,2,75,75,75,75,1.0,1.0
kitti_mini,000032,ty,0.2,m,7,Van,vehicle,44.7,32.1,33.9,0.0,0,64,64,62,62,0.9688,0.9688
kitti_mini,000032,ty,0.2,m,8,Van,vehicle,41.1,136.4,51.9,0.0,2,154,154,154,154,1.0,1.0
kitti_mini,000032,ty,0.2,m,9,Car,vehicle,45.1,36.8,25.4,0.0,0,39,39,38,38,0.9744,0.9744
kitti_mini,000032,tz,0.0,m,0,Car,vehicle,9.7,257.4,155.4,0.0,0,1435,1435,1435,1435,1.0,1.0
kitti_mini,000032,tz,0.0,m,1,Car,vehicle,9.1,238.2,153.1,0.0,0,1352,1352,1350,1350,0.9985,0.9985
kitti_mini,000032,tz,0.0,m,2,Van,vehicle,14.8,148.5,123.1,0.0,1,803,803,803,803,1.0,1.0
kitti_mini,000032,tz,0.0,m,3,Car,vehicle,13.8,151.5,93.4,0.0,1,410,410,410,410,1.0,1.0
kitti_mini,000032,tz,0.0,m,4,Car,vehicle,20.2,68.3,57.4,0.0,2,71,71,71,71,1.0,1.0
kitti_mini,000032,tz,0.0,m,5,Van,vehicle,25.4,249.0,89.4,0.0,2,584,584,584,584,1.0,1.0
kitti_mini,000032,tz,0.0,m,6,Car,vehicle,25.8,81.2,55.2,0.0,2,75,75,75,75,1.0,1.0
kitti_mini,000032,tz,0.0,m,7,Van,vehicle,44.7,32.1,33.9,0.0,0,64,64,64,64,1.0,1.0
kitti_mini,000032,tz,0.0,m,8,Van,vehicle,41.1,136.4,51.9,0.0,2,154,154,154,154,1.0,1.0
kitti_mini,000032,tz,0.0,m,9,Car,vehicle,45.1,36.8,25.4,0.0,0,39,39,39,39,1.0,1.0
kitti_mini,000032,tz,0.02,m,0,Car,vehicle,9.7,257.4,155.4,0.0,0,1435,1435,1435,1435,1.0,1.0
kitti_mini,000032,tz,0.02,m,1,Car,vehicle,9.1,238.2,153.1,0.0,0,1352,1352,1352,1352,1.0,1.0
kitti_mini,000032,tz,0.02,m,2,Van,vehicle,14.8,148.5,123.1,0.0,1,803,803,803,803,1.0,1.0
kitti_mini,000032,tz,0.02,m,3,Car,vehicle,13.8,151.5,93.4,0.0,1,410,410,410,410,1.0,1.0
kitti_mini,000032,tz,0.02,m,4,Car,vehicle,20.2,68.3,57.4,0.0,2,71,71,71,71,1.0,1.0
kitti_mini,000032,tz,0.02,m,5,Van,vehicle,25.4,249.0,89.4,0.0,2,584,584,584,584,1.0,1.0
kitti_mini,000032,tz,0.02,m,6,Car,vehicle,25.8,81.2,55.2,0.0,2,75,75,75,75,1.0,1.0
kitti_mini,000032,tz,0.02,m,7,Van,vehicle,44.7,32.1,33.9,0.0,0,64,64,64,64,1.0,1.0
kitti_mini,000032,tz,0.02,m,8,Van,vehicle,41.1,136.4,51.9,0.0,2,154,154,154,154,1.0,1.0
kitti_mini,000032,tz,0.02,m,9,Car,vehicle,45.1,36.8,25.4,0.0,0,39,39,39,39,1.0,1.0
kitti_mini,000032,tz,0.05,m,0,Car,vehicle,9.7,257.4,155.4,0.0,0,1435,1435,1415,1415,0.9861,0.9861
kitti_mini,000032,tz,0.05,m,1,Car,vehicle,9.1,238.2,153.1,0.0,0,1352,1352,1352,1352,1.0,1.0
kitti_mini,000032,tz,0.05,m,2,Van,vehicle,14.8,148.5,123.1,0.0,1,803,803,803,803,1.0,1.0
kitti_mini,000032,tz,0.05,m,3,Car,vehicle,13.8,151.5,93.4,0.0,1,410,410,406,406,0.9902,0.9902
kitti_mini,000032,tz,0.05,m,4,Car,vehicle,20.2,68.3,57.4,0.0,2,71,71,71,71,1.0,1.0
kitti_mini,000032,tz,0.05,m,5,Van,vehicle,25.4,249.0,89.4,0.0,2,584,584,584,584,1.0,1.0
kitti_mini,000032,tz,0.05,m,6,Car,vehicle,25.8,81.2,55.2,0.0,2,75,75,75,75,1.0,1.0
kitti_mini,000032,tz,0.05,m,7,Van,vehicle,44.7,32.1,33.9,0.0,0,64,64,64,64,1.0,1.0
kitti_mini,000032,tz,0.05,m,8,Van,vehicle,41.1,136.4,51.9,0.0,2,154,154,154,154,1.0,1.0
kitti_mini,000032,tz,0.05,m,9,Car,vehicle,45.1,36.8,25.4,0.0,0,39,39,39,39,1.0,1.0
kitti_mini,000032,tz,0.1,m,0,Car,vehicle,9.7,257.4,155.4,0.0,0,1435,1435,1380,1380,0.9617,0.9617
kitti_mini,000032,tz,0.1,m,1,Car,vehicle,9.1,238.2,153.1,0.0,0,1352,1352,1301,1301,0.9623,0.9623
kitti_mini,000032,tz,0.1,m,2,Van,vehicle,14.8,148.5,123.1,0.0,1,803,803,792,792,0.9863,0.9863
kitti_mini,000032,tz,0.1,m,3,Car,vehicle,13.8,151.5,93.4,0.0,1,410,410,380,380,0.9268,0.9268
kitti_mini,000032,tz,0.1,m,4,Car,vehicle,20.2,68.3,57.4,0.0,2,71,71,71,71,1.0,1.0
kitti_mini,000032,tz,0.1,m,5,Van,vehicle,25.4,249.0,89.4,0.0,2,584,584,584,584,1.0,1.0
kitti_mini,000032,tz,0.1,m,6,Car,vehicle,25.8,81.2,55.2,0.0,2,75,75,75,75,1.0,1.0
kitti_mini,000032,tz,0.1,m,7,Van,vehicle,44.7,32.1,33.9,0.0,0,64,64,64,64,1.0,1.0
kitti_mini,000032,tz,0.1,m,8,Van,vehicle,41.1,136.4,51.9,0.0,2,154,154,154,154,1.0,1.0
kitti_mini,000032,tz,0.1,m,9,Car,vehicle,45.1,36.8,25.4,0.0,0,39,39,39,39,1.0,1.0
kitti_mini,000032,tz,0.2,m,0,Car,vehicle,9.7,257.4,155.4,0.0,0,1435,1435,1305,1305,0.9094,0.9094
kitti_mini,000032,tz,0.2,m,1,Car,vehicle,9.1,238.2,153.1,0.0,0,1352,1352,1202,1202,0.8891,0.8891
kitti_mini,000032,tz,0.2,m,2,Van,vehicle,14.8,148.5,123.1,0.0,1,803,803,747,747,0.9303,0.9303
kitti_mini,000032,tz,0.2,m,3,Car,vehicle,13.8,151.5,93.4,0.0,1,410,410,339,339,0.8268,0.8268
kitti_mini,000032,tz,0.2,m,4,Car,vehicle,20.2,68.3,57.4,0.0,2,71,71,60,60,0.8451,0.8451
kitti_mini,000032,tz,0.2,m,5,Van,vehicle,25.4,249.0,89.4,0.0,2,584,584,533,533,0.9127,0.9127
kitti_mini,000032,tz,0.2,m,6,Car,vehicle,25.8,81.2,55.2,0.0,2,75,75,60,60,0.8,0.8
kitti_mini,000032,tz,0.2,m,7,Van,vehicle,44.7,32.1,33.9,0.0,0,64,64,64,64,1.0,1.0
kitti_mini,000032,tz,0.2,m,8,Van,vehicle,41.1,136.4,51.9,0.0,2,154,154,154,154,1.0,1.0
kitti_mini,000032,tz,0.2,m,9,Car,vehicle,45.1,36.8,25.4,0.0,0,39,39,39,39,1.0,1.0
kitti_mini,000043,roll,0.0,deg,0,Pedestrian,pedestrian,12.8,30.9,91.7,0.0,0,158,158,150,150,0.9494,0.9494
kitti_mini,000043,roll,0.0,deg,1,Pedestrian,pedestrian,12.6,32.1,98.0,0.0,0,183,183,182,182,0.9945,0.9945
kitti_mini,000043,roll,0.0,deg,2,Pedestrian,pedestrian,20.6,26.4,68.2,0.0,0,85,85,85,85,1.0,1.0
kitti_mini,000043,roll,0.0,deg,3,Pedestrian,pedestrian,20.6,25.9,69.7,0.0,0,88,88,86,86,0.9773,0.9773
kitti_mini,000043,roll,0.5,deg,0,Pedestrian,pedestrian,12.8,30.9,91.7,0.0,0,158,158,150,150,0.9494,0.9494
kitti_mini,000043,roll,0.5,deg,1,Pedestrian,pedestrian,12.6,32.1,98.0,0.0,0,183,183,182,182,0.9945,0.9945
kitti_mini,000043,roll,0.5,deg,2,Pedestrian,pedestrian,20.6,26.4,68.2,0.0,0,85,85,85,85,1.0,1.0
kitti_mini,000043,roll,0.5,deg,3,Pedestrian,pedestrian,20.6,25.9,69.7,0.0,0,88,88,86,86,0.9773,0.9773
kitti_mini,000043,roll,1.0,deg,0,Pedestrian,pedestrian,12.8,30.9,91.7,0.0,0,158,158,149,149,0.943,0.943
kitti_mini,000043,roll,1.0,deg,1,Pedestrian,pedestrian,12.6,32.1,98.0,0.0,0,183,183,178,178,0.9727,0.9727
kitti_mini,000043,roll,1.0,deg,2,Pedestrian,pedestrian,20.6,26.4,68.2,0.0,0,85,85,84,84,0.9882,0.9882
kitti_mini,000043,roll,1.0,deg,3,Pedestrian,pedestrian,20.6,25.9,69.7,0.0,0,88,88,86,86,0.9773,0.9773
kitti_mini,000043,roll,2.0,deg,0,Pedestrian,pedestrian,12.8,30.9,91.7,0.0,0,158,158,149,149,0.943,0.943
kitti_mini,000043,roll,2.0,deg,1,Pedestrian,pedestrian,12.6,32.1,98.0,0.0,0,183,183,176,176,0.9617,0.9617
kitti_mini,000043,roll,2.0,deg,2,Pedestrian,pedestrian,20.6,26.4,68.2,0.0,0,85,85,84,84,0.9882,0.9882
kitti_mini,000043,roll,2.0,deg,3,Pedestrian,pedestrian,20.6,25.9,69.7,0.0,0,88,88,87,87,0.9886,0.9886
kitti_mini,000043,roll,3.0,deg,0,Pedestrian,pedestrian,12.8,30.9,91.7,0.0,0,158,158,146,146,0.9241,0.9241
kitti_mini,000043,roll,3.0,deg,1,Pedestrian,pedestrian,12.6,32.1,98.0,0.0,0,183,183,169,169,0.9235,0.9235
kitti_mini,000043,roll,3.0,deg,2,Pedestrian,pedestrian,20.6,26.4,68.2,0.0,0,85,85,84,84,0.9882,0.9882
kitti_mini,000043,roll,3.0,deg,3,Pedestrian,pedestrian,20.6,25.9,69.7,0.0,0,88,88,83,83,0.9432,0.9432
kitti_mini,000043,pitch,0.0,deg,0,Pedestrian,pedestrian,12.8,30.9,91.7,0.0,0,158,158,150,150,0.9494,0.9494
kitti_mini,000043,pitch,0.0,deg,1,Pedestrian,pedestrian,12.6,32.1,98.0,0.0,0,183,183,182,182,0.9945,0.9945
kitti_mini,000043,pitch,0.0,deg,2,Pedestrian,pedestrian,20.6,26.4,68.2,0.0,0,85,85,85,85,1.0,1.0
kitti_mini,000043,pitch,0.0,deg,3,Pedestrian,pedestrian,20.6,25.9,69.7,0.0,0,88,88,86,86,0.9773,0.9773
kitti_mini,000043,pitch,0.5,deg,0,Pedestrian,pedestrian,12.8,30.9,91.7,0.0,0,158,158,144,144,0.9114,0.9114
kitti_mini,000043,pitch,0.5,deg,1,Pedestrian,pedestrian,12.6,32.1,98.0,0.0,0,183,183,172,172,0.9399,0.9399
kitti_mini,000043,pitch,0.5,deg,2,Pedestrian,pedestrian,20.6,26.4,68.2,0.0,0,85,85,80,80,0.9412,0.9412
kitti_mini,000043,pitch,0.5,deg,3,Pedestrian,pedestrian,20.6,25.9,69.7,0.0,0,88,88,82,82,0.9318,0.9318
kitti_mini,000043,pitch,1.0,deg,0,Pedestrian,pedestrian,12.8,30.9,91.7,0.0,0,158,158,137,137,0.8671,0.8671
kitti_mini,000043,pitch,1.0,deg,1,Pedestrian,pedestrian,12.6,32.1,98.0,0.0,0,183,183,167,167,0.9126,0.9126
kitti_mini,000043,pitch,1.0,deg,2,Pedestrian,pedestrian,20.6,26.4,68.2,0.0,0,85,85,77,77,0.9059,0.9059
kitti_mini,000043,pitch,1.0,deg,3,Pedestrian,pedestrian,20.6,25.9,69.7,0.0,0,88,88,78,78,0.8864,0.8864
kitti_mini,000043,pitch,2.0,deg,0,Pedestrian,pedestrian,12.8,30.9,91.7,0.0,0,158,158,126,126,0.7975,0.7975
kitti_mini,000043,pitch,2.0,deg,1,Pedestrian,pedestrian,12.6,32.1,98.0,0.0,0,183,183,148,148,0.8087,0.8087
kitti_mini,000043,pitch,2.0,deg,2,Pedestrian,pedestrian,20.6,26.4,68.2,0.0,0,85,85,62,62,0.7294,0.7294
kitti_mini,000043,pitch,2.0,deg,3,Pedestrian,pedestrian,20.6,25.9,69.7,0.0,0,88,88,64,64,0.7273,0.7273
kitti_mini,000043,pitch,3.0,deg,0,Pedestrian,pedestrian,12.8,30.9,91.7,0.0,0,158,158,108,108,0.6835,0.6835
kitti_mini,000043,pitch,3.0,deg,1,Pedestrian,pedestrian,12.6,32.1,98.0,0.0,0,183,183,126,126,0.6885,0.6885
kitti_mini,000043,pitch,3.0,deg,2,Pedestrian,pedestrian,20.6,26.4,68.2,0.0,0,85,85,37,37,0.4353,0.4353
kitti_mini,000043,pitch,3.0,deg,3,Pedestrian,pedestrian,20.6,25.9,69.7,0.0,0,88,88,42,42,0.4773,0.4773
kitti_mini,000043,yaw,0.0,deg,0,Pedestrian,pedestrian,12.8,30.9,91.7,0.0,0,158,158,150,150,0.9494,0.9494
kitti_mini,000043,yaw,0.0,deg,1,Pedestrian,pedestrian,12.6,32.1,98.0,0.0,0,183,183,182,182,0.9945,0.9945
kitti_mini,000043,yaw,0.0,deg,2,Pedestrian,pedestrian,20.6,26.4,68.2,0.0,0,85,85,85,85,1.0,1.0
kitti_mini,000043,yaw,0.0,deg,3,Pedestrian,pedestrian,20.6,25.9,69.7,0.0,0,88,88,86,86,0.9773,0.9773
kitti_mini,000043,yaw,0.5,deg,0,Pedestrian,pedestrian,12.8,30.9,91.7,0.0,0,158,158,137,137,0.8671,0.8671
kitti_mini,000043,yaw,0.5,deg,1,Pedestrian,pedestrian,12.6,32.1,98.0,0.0,0,183,183,149,149,0.8142,0.8142
kitti_mini,000043,yaw,0.5,deg,2,Pedestrian,pedestrian,20.6,26.4,68.2,0.0,0,85,85,67,67,0.7882,0.7882
kitti_mini,000043,yaw,0.5,deg,3,Pedestrian,pedestrian,20.6,25.9,69.7,0.0,0,88,88,66,66,0.75,0.75
kitti_mini,000043,yaw,1.0,deg,0,Pedestrian,pedestrian,12.8,30.9,91.7,0.0,0,158,158,88,88,0.557,0.557
kitti_mini,000043,yaw,1.0,deg,1,Pedestrian,pedestrian,12.6,32.1,98.0,0.0,0,183,183,104,104,0.5683,0.5683
kitti_mini,000043,yaw,1.0,deg,2,Pedestrian,pedestrian,20.6,26.4,68.2,0.0,0,85,85,36,36,0.4235,0.4235
kitti_mini,000043,yaw,1.0,deg,3,Pedestrian,pedestrian,20.6,25.9,69.7,0.0,0,88,88,24,24,0.2727,0.2727
kitti_mini,000043,yaw,2.0,deg,0,Pedestrian,pedestrian,12.8,30.9,91.7,0.0,0,158,158,10,10,0.0633,0.0633
kitti_mini,000043,yaw,2.0,deg,1,Pedestrian,pedestrian,12.6,32.1,98.0,0.0,0,183,183,6,6,0.0328,0.0328
kitti_mini,000043,yaw,2.0,deg,2,Pedestrian,pedestrian,20.6,26.4,68.2,0.0,0,85,85,0,0,0.0,0.0
kitti_mini,000043,yaw,2.0,deg,3,Pedestrian,pedestrian,20.6,25.9,69.7,0.0,0,88,88,1,1,0.0114,0.0114
kitti_mini,000043,yaw,3.0,deg,0,Pedestrian,pedestrian,12.8,30.9,91.7,0.0,0,158,158,0,0,0.0,0.0
kitti_mini,000043,yaw,3.0,deg,1,Pedestrian,pedestrian,12.6,32.1,98.0,0.0,0,183,183,0,0,0.0,0.0
kitti_mini,000043,yaw,3.0,deg,2,Pedestrian,pedestrian,20.6,26.4,68.2,0.0,0,85,85,0,0,0.0,0.0
kitti_mini,000043,yaw,3.0,deg,3,Pedestrian,pedestrian,20.6,25.9,69.7,0.0,0,88,88,0,0,0.0,0.0
kitti_mini,000043,tx,0.0,m,0,Pedestrian,pedestrian,12.8,30.9,91.7,0.0,0,158,158,150,150,0.9494,0.9494
kitti_mini,000043,tx,0.0,m,1,Pedestrian,pedestrian,12.6,32.1,98.0,0.0,0,183,183,182,182,0.9945,0.9945
kitti_mini,000043,tx,0.0,m,2,Pedestrian,pedestrian,20.6,26.4,68.2,0.0,0,85,85,85,85,1.0,1.0
kitti_mini,000043,tx,0.0,m,3,Pedestrian,pedestrian,20.6,25.9,69.7,0.0,0,88,88,86,86,0.9773,0.9773
kitti_mini,000043,tx,0.02,m,0,Pedestrian,pedestrian,12.8,30.9,91.7,0.0,0,158,158,150,150,0.9494,0.9494
kitti_mini,000043,tx,0.02,m,1,Pedestrian,pedestrian,12.6,32.1,98.0,0.0,0,183,183,182,182,0.9945,0.9945
kitti_mini,000043,tx,0.02,m,2,Pedestrian,pedestrian,20.6,26.4,68.2,0.0,0,85,85,85,85,1.0,1.0
kitti_mini,000043,tx,0.02,m,3,Pedestrian,pedestrian,20.6,25.9,69.7,0.0,0,88,88,86,86,0.9773,0.9773
kitti_mini,000043,tx,0.05,m,0,Pedestrian,pedestrian,12.8,30.9,91.7,0.0,0,158,158,151,151,0.9557,0.9557
kitti_mini,000043,tx,0.05,m,1,Pedestrian,pedestrian,12.6,32.1,98.0,0.0,0,183,183,183,183,1.0,1.0
kitti_mini,000043,tx,0.05,m,2,Pedestrian,pedestrian,20.6,26.4,68.2,0.0,0,85,85,85,85,1.0,1.0
kitti_mini,000043,tx,0.05,m,3,Pedestrian,pedestrian,20.6,25.9,69.7,0.0,0,88,88,86,86,0.9773,0.9773
kitti_mini,000043,tx,0.1,m,0,Pedestrian,pedestrian,12.8,30.9,91.7,0.0,0,158,158,150,150,0.9494,0.9494
kitti_mini,000043,tx,0.1,m,1,Pedestrian,pedestrian,12.6,32.1,98.0,0.0,0,183,183,183,183,1.0,1.0
kitti_mini,000043,tx,0.1,m,2,Pedestrian,pedestrian,20.6,26.4,68.2,0.0,0,85,85,85,85,1.0,1.0
kitti_mini,000043,tx,0.1,m,3,Pedestrian,pedestrian,20.6,25.9,69.7,0.0,0,88,88,87,87,0.9886,0.9886
kitti_mini,000043,tx,0.2,m,0,Pedestrian,pedestrian,12.8,30.9,91.7,0.0,0,158,158,151,151,0.9557,0.9557
kitti_mini,000043,tx,0.2,m,1,Pedestrian,pedestrian,12.6,32.1,98.0,0.0,0,183,183,183,183,1.0,1.0
kitti_mini,000043,tx,0.2,m,2,Pedestrian,pedestrian,20.6,26.4,68.2,0.0,0,85,85,85,85,1.0,1.0
kitti_mini,000043,tx,0.2,m,3,Pedestrian,pedestrian,20.6,25.9,69.7,0.0,0,88,88,86,86,0.9773,0.9773
kitti_mini,000043,ty,0.0,m,0,Pedestrian,pedestrian,12.8,30.9,91.7,0.0,0,158,158,150,150,0.9494,0.9494
kitti_mini,000043,ty,0.0,m,1,Pedestrian,pedestrian,12.6,32.1,98.0,0.0,0,183,183,182,182,0.9945,0.9945
kitti_mini,000043,ty,0.0,m,2,Pedestrian,pedestrian,20.6,26.4,68.2,0.0,0,85,85,85,85,1.0,1.0
kitti_mini,000043,ty,0.0,m,3,Pedestrian,pedestrian,20.6,25.9,69.7,0.0,0,88,88,86,86,0.9773,0.9773
kitti_mini,000043,ty,0.02,m,0,Pedestrian,pedestrian,12.8,30.9,91.7,0.0,0,158,158,151,151,0.9557,0.9557
kitti_mini,000043,ty,0.02,m,1,Pedestrian,pedestrian,12.6,32.1,98.0,0.0,0,183,183,179,179,0.9781,0.9781
kitti_mini,000043,ty,0.02,m,2,Pedestrian,pedestrian,20.6,26.4,68.2,0.0,0,85,85,85,85,1.0,1.0
kitti_mini,000043,ty,0.02,m,3,Pedestrian,pedestrian,20.6,25.9,69.7,0.0,0,88,88,87,87,0.9886,0.9886
kitti_mini,000043,ty,0.05,m,0,Pedestrian,pedestrian,12.8,30.9,91.7,0.0,0,158,158,149,149,0.943,0.943
kitti_mini,000043,ty,0.05,m,1,Pedestrian,pedestrian,12.6,32.1,98.0,0.0,0,183,183,172,172,0.9399,0.9399
kitti_mini,000043,ty,0.05,m,2,Pedestrian,pedestrian,20.6,26.4,68.2,0.0,0,85,85,85,85,1.0,1.0
kitti_mini,000043,ty,0.05,m,3,Pedestrian,pedestrian,20.6,25.9,69.7,0.0,0,88,88,84,84,0.9545,0.9545
kitti_mini,000043,ty,0.1,m,0,Pedestrian,pedestrian,12.8,30.9,91.7,0.0,0,158,158,143,143,0.9051,0.9051
kitti_mini,000043,ty,0.1,m,1,Pedestrian,pedestrian,12.6,32.1,98.0,0.0,0,183,183,157,157,0.8579,0.8579
kitti_mini,000043,ty,0.1,m,2,Pedestrian,pedestrian,20.6,26.4,68.2,0.0,0,85,85,81,81,0.9529,0.9529
kitti_mini,000043,ty,0.1,m,3,Pedestrian,pedestrian,20.6,25.9,69.7,0.0,0,88,88,79,79,0.8977,0.8977
kitti_mini,000043,ty,0.2,m,0,Pedestrian,pedestrian,12.8,30.9,91.7,0.0,0,158,158,105,105,0.6646,0.6646
kitti_mini,000043,ty,0.2,m,1,Pedestrian,pedestrian,12.6,32.1,98.0,0.0,0,183,183,115,115,0.6284,0.6284
kitti_mini,000043,ty,0.2,m,2,Pedestrian,pedestrian,20.6,26.4,68.2,0.0,0,85,85,63,63,0.7412,0.7412
kitti_mini,000043,ty,0.2,m,3,Pedestrian,pedestrian,20.6,25.9,69.7,0.0,0,88,88,61,61,0.6932,0.6932
kitti_mini,000043,tz,0.0,m,0,Pedestrian,pedestrian,12.8,30.9,91.7,0.0,0,158,158,150,150,0.9494,0.9494
kitti_mini,000043,tz,0.0,m,1,Pedestrian,pedestrian,12.6,32.1,98.0,0.0,0,183,183,182,182,0.9945,0.9945
kitti_mini,000043,tz,0.0,m,2,Pedestrian,pedestrian,20.6,26.4,68.2,0.0,0,85,85,85,85,1.0,1.0
kitti_mini,000043,tz,0.0,m,3,Pedestrian,pedestrian,20.6,25.9,69.7,0.0,0,88,88,86,86,0.9773,0.9773
kitti_mini,000043,tz,0.02,m,0,Pedestrian,pedestrian,12.8,30.9,91.7,0.0,0,158,158,150,150,0.9494,0.9494
kitti_mini,000043,tz,0.02,m,1,Pedestrian,pedestrian,12.6,32.1,98.0,0.0,0,183,183,182,182,0.9945,0.9945
kitti_mini,000043,tz,0.02,m,2,Pedestrian,pedestrian,20.6,26.4,68.2,0.0,0,85,85,85,85,1.0,1.0
kitti_mini,000043,tz,0.02,m,3,Pedestrian,pedestrian,20.6,25.9,69.7,0.0,0,88,88,86,86,0.9773,0.9773
kitti_mini,000043,tz,0.05,m,0,Pedestrian,pedestrian,12.8,30.9,91.7,0.0,0,158,158,148,148,0.9367,0.9367
kitti_mini,000043,tz,0.05,m,1,Pedestrian,pedestrian,12.6,32.1,98.0,0.0,0,183,183,180,180,0.9836,0.9836
kitti_mini,000043,tz,0.05,m,2,Pedestrian,pedestrian,20.6,26.4,68.2,0.0,0,85,85,85,85,1.0,1.0
kitti_mini,000043,tz,0.05,m,3,Pedestrian,pedestrian,20.6,25.9,69.7,0.0,0,88,88,85,85,0.9659,0.9659
kitti_mini,000043,tz,0.1,m,0,Pedestrian,pedestrian,12.8,30.9,91.7,0.0,0,158,158,148,148,0.9367,0.9367
kitti_mini,000043,tz,0.1,m,1,Pedestrian,pedestrian,12.6,32.1,98.0,0.0,0,183,183,180,180,0.9836,0.9836
kitti_mini,000043,tz,0.1,m,2,Pedestrian,pedestrian,20.6,26.4,68.2,0.0,0,85,85,85,85,1.0,1.0
kitti_mini,000043,tz,0.1,m,3,Pedestrian,pedestrian,20.6,25.9,69.7,0.0,0,88,88,85,85,0.9659,0.9659
kitti_mini,000043,tz,0.2,m,0,Pedestrian,pedestrian,12.8,30.9,91.7,0.0,0,158,158,131,131,0.8291,0.8291
kitti_mini,000043,tz,0.2,m,1,Pedestrian,pedestrian,12.6,32.1,98.0,0.0,0,183,183,170,170,0.929,0.929
kitti_mini,000043,tz,0.2,m,2,Pedestrian,pedestrian,20.6,26.4,68.2,0.0,0,85,85,83,83,0.9765,0.9765
kitti_mini,000043,tz,0.2,m,3,Pedestrian,pedestrian,20.6,25.9,69.7,0.0,0,88,88,83,83,0.9432,0.9432
kitti_mini,000048,roll,0.0,deg,0,Pedestrian,pedestrian,16.9,28.2,76.1,0.0,0,113,113,108,108,0.9558,0.9558
kitti_mini,000048,roll,0.0,deg,1,Pedestrian,pedestrian,17.2,31.2,78.8,0.0,0,132,132,125,125,0.947,0.947
kitti_mini,000048,roll,0.0,deg,2,Pedestrian,pedestrian,16.6,29.3,81.5,0.0,0,116,116,96,96,0.8276,0.8276
kitti_mini,000048,roll,0.0,deg,3,Cyclist,cyclist,30.4,21.8,44.1,0.0,0,41,41,41,41,1.0,1.0
kitti_mini,000048,roll,0.5,deg,0,Pedestrian,pedestrian,16.9,28.2,76.1,0.0,0,113,113,107,107,0.9469,0.9469
kitti_mini,000048,roll,0.5,deg,1,Pedestrian,pedestrian,17.2,31.2,78.8,0.0,0,132,132,125,125,0.947,0.947
kitti_mini,000048,roll,0.5,deg,2,Pedestrian,pedestrian,16.6,29.3,81.5,0.0,0,116,116,96,96,0.8276,0.8276
kitti_mini,000048,roll,0.5,deg,3,Cyclist,cyclist,30.4,21.8,44.1,0.0,0,41,41,41,41,1.0,1.0
kitti_mini,000048,roll,1.0,deg,0,Pedestrian,pedestrian,16.9,28.2,76.1,0.0,0,113,113,107,107,0.9469,0.9469
kitti_mini,000048,roll,1.0,deg,1,Pedestrian,pedestrian,17.2,31.2,78.8,0.0,0,132,132,124,124,0.9394,0.9394
kitti_mini,000048,roll,1.0,deg,2,Pedestrian,pedestrian,16.6,29.3,81.5,0.0,0,116,116,96,96,0.8276,0.8276
kitti_mini,000048,roll,1.0,deg,3,Cyclist,cyclist,30.4,21.8,44.1,0.0,0,41,41,41,41,1.0,1.0
kitti_mini,000048,roll,2.0,deg,0,Pedestrian,pedestrian,16.9,28.2,76.1,0.0,0,113,113,106,106,0.9381,0.9381
kitti_mini,000048,roll,2.0,deg,1,Pedestrian,pedestrian,17.2,31.2,78.8,0.0,0,132,132,122,122,0.9242,0.9242
kitti_mini,000048,roll,2.0,deg,2,Pedestrian,pedestrian,16.6,29.3,81.5,0.0,0,116,116,96,96,0.8276,0.8276
kitti_mini,000048,roll,2.0,deg,3,Cyclist,cyclist,30.4,21.8,44.1,0.0,0,41,41,41,41,1.0,1.0
kitti_mini,000048,roll,3.0,deg,0,Pedestrian,pedestrian,16.9,28.2,76.1,0.0,0,113,113,104,104,0.9204,0.9204
kitti_mini,000048,roll,3.0,deg,1,Pedestrian,pedestrian,17.2,31.2,78.8,0.0,0,132,132,119,119,0.9015,0.9015
kitti_mini,000048,roll,3.0,deg,2,Pedestrian,pedestrian,16.6,29.3,81.5,0.0,0,116,116,95,95,0.819,0.819
kitti_mini,000048,roll,3.0,deg,3,Cyclist,cyclist,30.4,21.8,44.1,0.0,0,41,41,41,41,1.0,1.0
kitti_mini,000048,pitch,0.0,deg,0,Pedestrian,pedestrian,16.9,28.2,76.1,0.0,0,113,113,108,108,0.9558,0.9558
kitti_mini,000048,pitch,0.0,deg,1,Pedestrian,pedestrian,17.2,31.2,78.8,0.0,0,132,132,125,125,0.947,0.947
kitti_mini,000048,pitch,0.0,deg,2,Pedestrian,pedestrian,16.6,29.3,81.5,0.0,0,116,116,96,96,0.8276,0.8276
kitti_mini,000048,pitch,0.0,deg,3,Cyclist,cyclist,30.4,21.8,44.1,0.0,0,41,41,41,41,1.0,1.0
kitti_mini,000048,pitch,0.5,deg,0,Pedestrian,pedestrian,16.9,28.2,76.1,0.0,0,113,113,105,105,0.9292,0.9292
kitti_mini,000048,pitch,0.5,deg,1,Pedestrian,pedestrian,17.2,31.2,78.8,0.0,0,132,132,119,119,0.9015,0.9015
kitti_mini,000048,pitch,0.5,deg,2,Pedestrian,pedestrian,16.6,29.3,81.5,0.0,0,116,116,94,94,0.8103,0.8103
kitti_mini,000048,pitch,0.5,deg,3,Cyclist,cyclist,30.4,21.8,44.1,0.0,0,41,41,34,34,0.8293,0.8293
kitti_mini,000048,pitch,1.0,deg,0,Pedestrian,pedestrian,16.9,28.2,76.1,0.0,0,113,113,97,97,0.8584,0.8584
kitti_mini,000048,pitch,1.0,deg,1,Pedestrian,pedestrian,17.2,31.2,78.8,0.0,0,132,132,115,115,0.8712,0.8712
kitti_mini,000048,pitch,1.0,deg,2,Pedestrian,pedestrian,16.6,29.3,81.5,0.0,0,116,116,88,88,0.7586,0.7586
kitti_mini,000048,pitch,1.0,deg,3,Cyclist,cyclist,30.4,21.8,44.1,0.0,0,41,41,28,28,0.6829,0.6829
kitti_mini,000048,pitch,2.0,deg,0,Pedestrian,pedestrian,16.9,28.2,76.1,0.0,0,113,113,82,82,0.7257,0.7257
kitti_mini,000048,pitch,2.0,deg,1,Pedestrian,pedestrian,17.2,31.2,78.8,0.0,0,132,132,96,96,0.7273,0.7273
kitti_mini,000048,pitch,2.0,deg,2,Pedestrian,pedestrian,16.6,29.3,81.5,0.0,0,116,116,80,80,0.6897,0.6897
kitti_mini,000048,pitch,2.0,deg,3,Cyclist,cyclist,30.4,21.8,44.1,0.0,0,41,41,14,14,0.3415,0.3415
kitti_mini,000048,pitch,3.0,deg,0,Pedestrian,pedestrian,16.9,28.2,76.1,0.0,0,113,113,56,56,0.4956,0.4956
kitti_mini,000048,pitch,3.0,deg,1,Pedestrian,pedestrian,17.2,31.2,78.8,0.0,0,132,132,66,66,0.5,0.5
kitti_mini,000048,pitch,3.0,deg,2,Pedestrian,pedestrian,16.6,29.3,81.5,0.0,0,116,116,60,60,0.5172,0.5172
kitti_mini,000048,pitch,3.0,deg,3,Cyclist,cyclist,30.4,21.8,44.1,0.0,0,41,41,0,0,0.0,0.0
kitti_mini,000048,yaw,0.0,deg,0,Pedestrian,pedestrian,16.9,28.2,76.1,0.0,0,113,113,108,108,0.9558,0.9558
kitti_mini,000048,yaw,0.0,deg,1,Pedestrian,pedestrian,17.2,31.2,78.8,0.0,0,132,132,125,125,0.947,0.947
kitti_mini,000048,yaw,0.0,deg,2,Pedestrian,pedestrian,16.6,29.3,81.5,0.0,0,116,116,96,96,0.8276,0.8276
kitti_mini,000048,yaw,0.0,deg,3,Cyclist,cyclist,30.4,21.8,44.1,0.0,0,41,41,41,41,1.0,1.0
kitti_mini,000048,yaw,0.5,deg,0,Pedestrian,pedestrian,16.9,28.2,76.1,0.0,0,113,113,83,83,0.7345,0.7345
kitti_mini,000048,yaw,0.5,deg,1,Pedestrian,pedestrian,17.2,31.2,78.8,0.0,0,132,132,105,105,0.7955,0.7955
kitti_mini,000048,yaw,0.5,deg,2,Pedestrian,pedestrian,16.6,29.3,81.5,0.0,0,116,116,61,61,0.5259,0.5259
kitti_mini,000048,yaw,0.5,deg,3,Cyclist,cyclist,30.4,21.8,44.1,0.0,0,41,41,37,37,0.9024,0.9024
kitti_mini,000048,yaw,1.0,deg,0,Pedestrian,pedestrian,16.9,28.2,76.1,0.0,0,113,113,36,36,0.3186,0.3186
kitti_mini,000048,yaw,1.0,deg,1,Pedestrian,pedestrian,17.2,31.2,78.8,0.0,0,132,132,69,69,0.5227,0.5227
kitti_mini,000048,yaw,1.0,deg,2,Pedestrian,pedestrian,16.6,29.3,81.5,0.0,0,116,116,19,19,0.1638,0.1638
kitti_mini,000048,yaw,1.0,deg,3,Cyclist,cyclist,30.4,21.8,44.1,0.0,0,41,41,18,18,0.439,0.439
kitti_mini,000048,yaw,2.0,deg,0,Pedestrian,pedestrian,16.9,28.2,76.1,0.0,0,113,113,2,2,0.0177,0.0177
kitti_mini,000048,yaw,2.0,deg,1,Pedestrian,pedestrian,17.2,31.2,78.8,0.0,0,132,132,0,0,0.0,0.0
kitti_mini,000048,yaw,2.0,deg,2,Pedestrian,pedestrian,16.6,29.3,81.5,0.0,0,116,116,0,0,0.0,0.0
kitti_mini,000048,yaw,2.0,deg,3,Cyclist,cyclist,30.4,21.8,44.1,0.0,0,41,41,0,0,0.0,0.0
kitti_mini,000048,yaw,3.0,deg,0,Pedestrian,pedestrian,16.9,28.2,76.1,0.0,0,113,113,0,0,0.0,0.0
kitti_mini,000048,yaw,3.0,deg,1,Pedestrian,pedestrian,17.2,31.2,78.8,0.0,0,132,132,0,0,0.0,0.0
kitti_mini,000048,yaw,3.0,deg,2,Pedestrian,pedestrian,16.6,29.3,81.5,0.0,0,116,116,0,0,0.0,0.0
kitti_mini,000048,yaw,3.0,deg,3,Cyclist,cyclist,30.4,21.8,44.1,0.0,0,41,41,0,0,0.0,0.0
kitti_mini,000048,tx,0.0,m,0,Pedestrian,pedestrian,16.9,28.2,76.1,0.0,0,113,113,108,108,0.9558,0.9558
kitti_mini,000048,tx,0.0,m,1,Pedestrian,pedestrian,17.2,31.2,78.8,0.0,0,132,132,125,125,0.947,0.947
kitti_mini,000048,tx,0.0,m,2,Pedestrian,pedestrian,16.6,29.3,81.5,0.0,0,116,116,96,96,0.8276,0.8276
kitti_mini,000048,tx,0.0,m,3,Cyclist,cyclist,30.4,21.8,44.1,0.0,0,41,41,41,41,1.0,1.0
kitti_mini,000048,tx,0.02,m,0,Pedestrian,pedestrian,16.9,28.2,76.1,0.0,0,113,113,108,108,0.9558,0.9558
kitti_mini,000048,tx,0.02,m,1,Pedestrian,pedestrian,17.2,31.2,78.8,0.0,0,132,132,125,125,0.947,0.947
kitti_mini,000048,tx,0.02,m,2,Pedestrian,pedestrian,16.6,29.3,81.5,0.0,0,116,116,98,98,0.8448,0.8448
kitti_mini,000048,tx,0.02,m,3,Cyclist,cyclist,30.4,21.8,44.1,0.0,0,41,41,41,41,1.0,1.0
kitti_mini,000048,tx,0.05,m,0,Pedestrian,pedestrian,16.9,28.2,76.1,0.0,0,113,113,108,108,0.9558,0.9558
kitti_mini,000048,tx,0.05,m,1,Pedestrian,pedestrian,17.2,31.2,78.8,0.0,0,132,132,125,125,0.947,0.947
kitti_mini,000048,tx,0.05,m,2,Pedestrian,pedestrian,16.6,29.3,81.5,0.0,0,116,116,99,99,0.8534,0.8534
kitti_mini,000048,tx,0.05,m,3,Cyclist,cyclist,30.4,21.8,44.1,0.0,0,41,41,41,41,1.0,1.0
kitti_mini,000048,tx,0.1,m,0,Pedestrian,pedestrian,16.9,28.2,76.1,0.0,0,113,113,107,107,0.9469,0.9469
kitti_mini,000048,tx,0.1,m,1,Pedestrian,pedestrian,17.2,31.2,78.8,0.0,0,132,132,125,125,0.947,0.947
kitti_mini,000048,tx,0.1,m,2,Pedestrian,pedestrian,16.6,29.3,81.5,0.0,0,116,116,101,101,0.8707,0.8707
kitti_mini,000048,tx,0.1,m,3,Cyclist,cyclist,30.4,21.8,44.1,0.0,0,41,41,41,41,1.0,1.0
kitti_mini,000048,tx,0.2,m,0,Pedestrian,pedestrian,16.9,28.2,76.1,0.0,0,113,113,106,106,0.9381,0.9381
kitti_mini,000048,tx,0.2,m,1,Pedestrian,pedestrian,17.2,31.2,78.8,0.0,0,132,132,123,123,0.9318,0.9318
kitti_mini,000048,tx,0.2,m,2,Pedestrian,pedestrian,16.6,29.3,81.5,0.0,0,116,116,103,103,0.8879,0.8879
kitti_mini,000048,tx,0.2,m,3,Cyclist,cyclist,30.4,21.8,44.1,0.0,0,41,41,41,41,1.0,1.0
kitti_mini,000048,ty,0.0,m,0,Pedestrian,pedestrian,16.9,28.2,76.1,0.0,0,113,113,108,108,0.9558,0.9558
kitti_mini,000048,ty,0.0,m,1,Pedestrian,pedestrian,17.2,31.2,78.8,0.0,0,132,132,125,125,0.947,0.947
kitti_mini,000048,ty,0.0,m,2,Pedestrian,pedestrian,16.6,29.3,81.5,0.0,0,116,116,96,96,0.8276,0.8276
kitti_mini,000048,ty,0.0,m,3,Cyclist,cyclist,30.4,21.8,44.1,0.0,0,41,41,41,41,1.0,1.0
kitti_mini,000048,ty,0.02,m,0,Pedestrian,pedestrian,16.9,28.2,76.1,0.0,0,113,113,103,103,0.9115,0.9115
kitti_mini,000048,ty,0.02,m,1,Pedestrian,pedestrian,17.2,31.2,78.8,0.0,0,132,132,123,123,0.9318,0.9318
kitti_mini,000048,ty,0.02,m,2,Pedestrian,pedestrian,16.6,29.3,81.5,0.0,0,116,116,96,96,0.8276,0.8276
kitti_mini,000048,ty,0.02,m,3,Cyclist,cyclist,30.4,21.8,44.1,0.0,0,41,41,41,41,1.0,1.0
kitti_mini,000048,ty,0.05,m,0,Pedestrian,pedestrian,16.9,28.2,76.1,0.0,0,113,113,102,102,0.9027,0.9027
kitti_mini,000048,ty,0.05,m,1,Pedestrian,pedestrian,17.2,31.2,78.8,0.0,0,132,132,119,119,0.9015,0.9015
kitti_mini,000048,ty,0.05,m,2,Pedestrian,pedestrian,16.6,29.3,81.5,0.0,0,116,116,91,91,0.7845,0.7845
kitti_mini,000048,ty,0.05,m,3,Cyclist,cyclist,30.4,21.8,44.1,0.0,0,41,41,41,41,1.0,1.0
kitti_mini,000048,ty,0.1,m,0,Pedestrian,pedestrian,16.9,28.2,76.1,0.0,0,113,113,93,93,0.823,0.823
kitti_mini,000048,ty,0.1,m,1,Pedestrian,pedestrian,17.2,31.2,78.8,0.0,0,132,132,112,112,0.8485,0.8485
kitti_mini,000048,ty,0.1,m,2,Pedestrian,pedestrian,16.6,29.3,81.5,0.0,0,116,116,80,80,0.6897,0.6897
kitti_mini,000048,ty,0.1,m,3,Cyclist,cyclist,30.4,21.8,44.1,0.0,0,41,41,41,41,1.0,1.0
kitti_mini,000048,ty,0.2,m,0,Pedestrian,pedestrian,16.9,28.2,76.1,0.0,0,113,113,69,69,0.6106,0.6106
kitti_mini,000048,ty,0.2,m,1,Pedestrian,pedestrian,17.2,31.2,78.8,0.0,0,132,132,95,95,0.7197,0.7197
kitti_mini,000048,ty,0.2,m,2,Pedestrian,pedestrian,16.6,29.3,81.5,0.0,0,116,116,45,45,0.3879,0.3879
kitti_mini,000048,ty,0.2,m,3,Cyclist,cyclist,30.4,21.8,44.1,0.0,0,41,41,40,40,0.9756,0.9756
kitti_mini,000048,tz,0.0,m,0,Pedestrian,pedestrian,16.9,28.2,76.1,0.0,0,113,113,108,108,0.9558,0.9558
kitti_mini,000048,tz,0.0,m,1,Pedestrian,pedestrian,17.2,31.2,78.8,0.0,0,132,132,125,125,0.947,0.947
kitti_mini,000048,tz,0.0,m,2,Pedestrian,pedestrian,16.6,29.3,81.5,0.0,0,116,116,96,96,0.8276,0.8276
kitti_mini,000048,tz,0.0,m,3,Cyclist,cyclist,30.4,21.8,44.1,0.0,0,41,41,41,41,1.0,1.0
kitti_mini,000048,tz,0.02,m,0,Pedestrian,pedestrian,16.9,28.2,76.1,0.0,0,113,113,108,108,0.9558,0.9558
kitti_mini,000048,tz,0.02,m,1,Pedestrian,pedestrian,17.2,31.2,78.8,0.0,0,132,132,125,125,0.947,0.947
kitti_mini,000048,tz,0.02,m,2,Pedestrian,pedestrian,16.6,29.3,81.5,0.0,0,116,116,96,96,0.8276,0.8276
kitti_mini,000048,tz,0.02,m,3,Cyclist,cyclist,30.4,21.8,44.1,0.0,0,41,41,41,41,1.0,1.0
kitti_mini,000048,tz,0.05,m,0,Pedestrian,pedestrian,16.9,28.2,76.1,0.0,0,113,113,108,108,0.9558,0.9558
kitti_mini,000048,tz,0.05,m,1,Pedestrian,pedestrian,17.2,31.2,78.8,0.0,0,132,132,125,125,0.947,0.947
kitti_mini,000048,tz,0.05,m,2,Pedestrian,pedestrian,16.6,29.3,81.5,0.0,0,116,116,96,96,0.8276,0.8276
kitti_mini,000048,tz,0.05,m,3,Cyclist,cyclist,30.4,21.8,44.1,0.0,0,41,41,41,41,1.0,1.0
kitti_mini,000048,tz,0.1,m,0,Pedestrian,pedestrian,16.9,28.2,76.1,0.0,0,113,113,108,108,0.9558,0.9558
kitti_mini,000048,tz,0.1,m,1,Pedestrian,pedestrian,17.2,31.2,78.8,0.0,0,132,132,125,125,0.947,0.947
kitti_mini,000048,tz,0.1,m,2,Pedestrian,pedestrian,16.6,29.3,81.5,0.0,0,116,116,96,96,0.8276,0.8276
kitti_mini,000048,tz,0.1,m,3,Cyclist,cyclist,30.4,21.8,44.1,0.0,0,41,41,41,41,1.0,1.0
kitti_mini,000048,tz,0.2,m,0,Pedestrian,pedestrian,16.9,28.2,76.1,0.0,0,113,113,106,106,0.9381,0.9381
kitti_mini,000048,tz,0.2,m,1,Pedestrian,pedestrian,17.2,31.2,78.8,0.0,0,132,132,123,123,0.9318,0.9318
kitti_mini,000048,tz,0.2,m,2,Pedestrian,pedestrian,16.6,29.3,81.5,0.0,0,116,116,95,95,0.819,0.819
kitti_mini,000048,tz,0.2,m,3,Cyclist,cyclist,30.4,21.8,44.1,0.0,0,41,41,41,41,1.0,1.0
kitti_mini,000049,roll,0.0,deg,0,Car,vehicle,21.6,61.8,50.2,0.0,0,206,206,206,206,1.0,1.0
kitti_mini,000049,roll,0.0,deg,1,Car,vehicle,14.3,189.7,84.1,0.0,0,930,930,930,930,1.0,1.0
kitti_mini,000049,roll,0.0,deg,2,Car,vehicle,22.3,104.7,52.6,0.0,2,140,140,140,140,1.0,1.0
kitti_mini,000049,roll,0.0,deg,3,Car,vehicle,25.2,101.9,44.7,0.0,2,79,79,79,79,1.0,1.0
kitti_mini,000049,roll,0.0,deg,4,Car,vehicle,32.8,82.5,32.3,0.0,2,18,18,18,18,1.0,1.0
kitti_mini,000049,roll,0.0,deg,5,Van,vehicle,45.9,70.5,36.7,0.0,3,79,79,79,79,1.0,1.0
kitti_mini,000049,roll,0.0,deg,6,Pedestrian,pedestrian,5.5,144.3,185.9,0.29,3,719,719,690,690,0.9597,0.9597
kitti_mini,000049,roll,0.0,deg,7,Car,vehicle,10.4,259.2,138.5,0.0,1,571,571,571,571,1.0,1.0
kitti_mini,000049,roll,0.0,deg,8,Car,vehicle,15.4,132.1,78.2,0.0,1,432,432,432,432,1.0,1.0
kitti_mini,000049,roll,0.0,deg,9,Car,vehicle,20.6,96.6,68.8,0.0,2,198,198,198,198,1.0,1.0
kitti_mini,000049,roll,0.0,deg,10,Pedestrian,pedestrian,32.8,16.3,36.5,0.0,0,42,42,37,37,0.881,0.881
kitti_mini,000049,roll,0.0,deg,11,Car,vehicle,33.2,105.5,40.7,0.0,2,74,74,74,74,1.0,1.0
kitti_mini,000049,roll,0.0,deg,12,Car,vehicle,14.4,252.9,102.0,0.07,3,437,437,437,437,1.0,1.0
kitti_mini,000049,roll,0.0,deg,13,Car,vehicle,19.0,147.9,66.9,0.0,1,312,312,312,312,1.0,1.0
kitti_mini,000049,roll,0.0,deg,14,Car,vehicle,35.7,35.8,32.7,0.0,2,2,2,2,2,1.0,1.0
kitti_mini,000049,roll,0.0,deg,15,Car,vehicle,23.2,91.6,53.2,0.0,2,8,8,8,8,1.0,1.0
kitti_mini,000049,roll,0.0,deg,16,Van,vehicle,35.6,159.3,60.2,0.0,3,261,261,261,261,1.0,1.0
kitti_mini,000049,roll,0.0,deg,17,Car,vehicle,22.4,111.6,70.2,0.38,3,49,49,49,49,1.0,1.0
kitti_mini,000049,roll,0.5,deg,0,Car,vehicle,21.6,61.8,50.2,0.0,0,206,206,206,206,1.0,1.0
kitti_mini,000049,roll,0.5,deg,1,Car,vehicle,14.3,189.7,84.1,0.0,0,930,930,930,930,1.0,1.0
kitti_mini,000049,roll,0.5,deg,2,Car,vehicle,22.3,104.7,52.6,0.0,2,140,140,140,140,1.0,1.0
kitti_mini,000049,roll,0.5,deg,3,Car,vehicle,25.2,101.9,44.7,0.0,2,79,79,64,64,0.8101,0.8101
kitti_mini,000049,roll,0.5,deg,4,Car,vehicle,32.8,82.5,32.3,0.0,2,18,18,18,18,1.0,1.0
kitti_mini,000049,roll,0.5,deg,5,Van,vehicle,45.9,70.5,36.7,0.0,3,79,79,79,79,1.0,1.0
kitti_mini,000049,roll,0.5,deg,6,Pedestrian,pedestrian,5.5,144.3,185.9,0.29,3,719,707,676,676,0.9402,0.9562
kitti_mini,000049,roll,0.5,deg,7,Car,vehicle,10.4,259.2,138.5,0.0,1,571,571,571,571,1.0,1.0
kitti_mini,000049,roll,0.5,deg,8,Car,vehicle,15.4,132.1,78.2,0.0,1,432,432,432,432,1.0,1.0
kitti_mini,000049,roll,0.5,deg,9,Car,vehicle,20.6,96.6,68.8,0.0,2,198,198,196,196,0.9899,0.9899
kitti_mini,000049,roll,0.5,deg,10,Pedestrian,pedestrian,32.8,16.3,36.5,0.0,0,42,42,37,37,0.881,0.881
kitti_mini,000049,roll,0.5,deg,11,Car,vehicle,33.2,105.5,40.7,0.0,2,74,74,74,74,1.0,1.0
kitti_mini,000049,roll,0.5,deg,12,Car,vehicle,14.4,252.9,102.0,0.07,3,437,437,412,412,0.9428,0.9428
kitti_mini,000049,roll,0.5,deg,13,Car,vehicle,19.0,147.9,66.9,0.0,1,312,312,312,312,1.0,1.0
kitti_mini,000049,roll,0.5,deg,14,Car,vehicle,35.7,35.8,32.7,0.0,2,2,2,2,2,1.0,1.0
kitti_mini,000049,roll,0.5,deg,15,Car,vehicle,23.2,91.6,53.2,0.0,2,8,8,8,8,1.0,1.0
kitti_mini,000049,roll,0.5,deg,16,Van,vehicle,35.6,159.3,60.2,0.0,3,261,261,261,261,1.0,1.0
kitti_mini,000049,roll,0.5,deg,17,Car,vehicle,22.4,111.6,70.2,0.38,3,49,49,49,49,1.0,1.0
kitti_mini,000049,roll,1.0,deg,0,Car,vehicle,21.6,61.8,50.2,0.0,0,206,206,206,206,1.0,1.0
kitti_mini,000049,roll,1.0,deg,1,Car,vehicle,14.3,189.7,84.1,0.0,0,930,930,925,925,0.9946,0.9946
kitti_mini,000049,roll,1.0,deg,2,Car,vehicle,22.3,104.7,52.6,0.0,2,140,140,120,120,0.8571,0.8571
kitti_mini,000049,roll,1.0,deg,3,Car,vehicle,25.2,101.9,44.7,0.0,2,79,79,63,63,0.7975,0.7975
kitti_mini,000049,roll,1.0,deg,4,Car,vehicle,32.8,82.5,32.3,0.0,2,18,18,18,18,1.0,1.0
kitti_mini,000049,roll,1.0,deg,5,Van,vehicle,45.9,70.5,36.7,0.0,3,79,79,79,79,1.0,1.0
kitti_mini,000049,roll,1.0,deg,6,Pedestrian,pedestrian,5.5,144.3,185.9,0.29,3,719,702,668,668,0.9291,0.9516
kitti_mini,000049,roll,1.0,deg,7,Car,vehicle,10.4,259.2,138.5,0.0,1,571,571,571,571,1.0,1.0
kitti_mini,000049,roll,1.0,deg,8,Car,vehicle,15.4,132.1,78.2,0.0,1,432,432,432,432,1.0,1.0
kitti_mini,000049,roll,1.0,deg,9,Car,vehicle,20.6,96.6,68.8,0.0,2,198,198,192,192,0.9697,0.9697
kitti_mini,000049,roll,1.0,deg,10,Pedestrian,pedestrian,32.8,16.3,36.5,0.0,0,42,42,36,36,0.8571,0.8571
kitti_mini,000049,roll,1.0,deg,11,Car,vehicle,33.2,105.5,40.7,0.0,2,74,74,74,74,1.0,1.0
kitti_mini,000049,roll,1.0,deg,12,Car,vehicle,14.4,252.9,102.0,0.07,3,437,437,398,398,0.9108,0.9108
kitti_mini,000049,roll,1.0,deg,13,Car,vehicle,19.0,147.9,66.9,0.0,1,312,312,282,282,0.9038,0.9038
kitti_mini,000049,roll,1.0,deg,14,Car,vehicle,35.7,35.8,32.7,0.0,2,2,2,2,2,1.0,1.0
kitti_mini,000049,roll,1.0,deg,15,Car,vehicle,23.2,91.6,53.2,0.0,2,8,8,7,7,0.875,0.875
kitti_mini,000049,roll,1.0,deg,16,Van,vehicle,35.6,159.3,60.2,0.0,3,261,261,261,261,1.0,1.0
kitti_mini,000049,roll,1.0,deg,17,Car,vehicle,22.4,111.6,70.2,0.38,3,49,49,35,35,0.7143,0.7143
kitti_mini,000049,roll,2.0,deg,0,Car,vehicle,21.6,61.8,50.2,0.0,0,206,206,206,206,1.0,1.0
kitti_mini,000049,roll,2.0,deg,1,Car,vehicle,14.3,189.7,84.1,0.0,0,930,930,891,891,0.9581,0.9581
kitti_mini,000049,roll,2.0,deg,2,Car,vehicle,22.3,104.7,52.6,0.0,2,140,140,120,120,0.8571,0.8571
kitti_mini,000049,roll,2.0,deg,3,Car,vehicle,25.2,101.9,44.7,0.0,2,79,79,63,63,0.7975,0.7975
kitti_mini,000049,roll,2.0,deg,4,Car,vehicle,32.8,82.5,32.3,0.0,2,18,18,18,18,1.0,1.0
kitti_mini,000049,roll,2.0,deg,5,Van,vehicle,45.9,70.5,36.7,0.0,3,79,79,79,79,1.0,1.0
kitti_mini,000049,roll,2.0,deg,6,Pedestrian,pedestrian,5.5,144.3,185.9,0.29,3,719,683,647,647,0.8999,0.9473
kitti_mini,000049,roll,2.0,deg,7,Car,vehicle,10.4,259.2,138.5,0.0,1,571,571,571,571,1.0,1.0
kitti_mini,000049,roll,2.0,deg,8,Car,vehicle,15.4,132.1,78.2,0.0,1,432,432,432,432,1.0,1.0
kitti_mini,000049,roll,2.0,deg,9,Car,vehicle,20.6,96.6,68.8,0.0,2,198,198,192,192,0.9697,0.9697
kitti_mini,000049,roll,2.0,deg,10,Pedestrian,pedestrian,32.8,16.3,36.5,0.0,0,42,42,36,36,0.8571,0.8571
kitti_mini,000049,roll,2.0,deg,11,Car,vehicle,33.2,105.5,40.7,0.0,2,74,74,73,73,0.9865,0.9865
kitti_mini,000049,roll,2.0,deg,12,Car,vehicle,14.4,252.9,102.0,0.07,3,437,437,383,383,0.8764,0.8764
kitti_mini,000049,roll,2.0,deg,13,Car,vehicle,19.0,147.9,66.9,0.0,1,312,312,266,266,0.8526,0.8526
kitti_mini,000049,roll,2.0,deg,14,Car,vehicle,35.7,35.8,32.7,0.0,2,2,2,2,2,1.0,1.0
kitti_mini,000049,roll,2.0,deg,15,Car,vehicle,23.2,91.6,53.2,0.0,2,8,8,5,5,0.625,0.625
kitti_mini,000049,roll,2.0,deg,16,Van,vehicle,35.6,159.3,60.2,0.0,3,261,261,261,261,1.0,1.0
kitti_mini,000049,roll,2.0,deg,17,Car,vehicle,22.4,111.6,70.2,0.38,3,49,49,15,15,0.3061,0.3061
kitti_mini,000049,roll,3.0,deg,0,Car,vehicle,21.6,61.8,50.2,0.0,0,206,206,206,206,1.0,1.0
kitti_mini,000049,roll,3.0,deg,1,Car,vehicle,14.3,189.7,84.1,0.0,0,930,930,854,854,0.9183,0.9183
kitti_mini,000049,roll,3.0,deg,2,Car,vehicle,22.3,104.7,52.6,0.0,2,140,140,109,109,0.7786,0.7786
kitti_mini,000049,roll,3.0,deg,3,Car,vehicle,25.2,101.9,44.7,0.0,2,79,79,61,61,0.7722,0.7722
kitti_mini,000049,roll,3.0,deg,4,Car,vehicle,32.8,82.5,32.3,0.0,2,18,18,18,18,1.0,1.0
kitti_mini,000049,roll,3.0,deg,5,Van,vehicle,45.9,70.5,36.7,0.0,3,79,79,73,73,0.9241,0.9241
kitti_mini,000049,roll,3.0,deg,6,Pedestrian,pedestrian,5.5,144.3,185.9,0.29,3,719,670,626,626,0.8707,0.9343
kitti_mini,000049,roll,3.0,deg,7,Car,vehicle,10.4,259.2,138.5,0.0,1,571,571,562,562,0.9842,0.9842
kitti_mini,000049,roll,3.0,deg,8,Car,vehicle,15.4,132.1,78.2,0.0,1,432,432,425,425,0.9838,0.9838
kitti_mini,000049,roll,3.0,deg,9,Car,vehicle,20.6,96.6,68.8,0.0,2,198,198,183,183,0.9242,0.9242
kitti_mini,000049,roll,3.0,deg,10,Pedestrian,pedestrian,32.8,16.3,36.5,0.0,0,42,42,31,31,0.7381,0.7381
kitti_mini,000049,roll,3.0,deg,11,Car,vehicle,33.2,105.5,40.7,0.0,2,74,74,68,68,0.9189,0.9189
kitti_mini,000049,roll,3.0,deg,12,Car,vehicle,14.4,252.9,102.0,0.07,3,437,437,353,353,0.8078,0.8078
kitti_mini,000049,roll,3.0,deg,13,Car,vehicle,19.0,147.9,66.9,0.0,1,312,312,253,253,0.8109,0.8109
kitti_mini,000049,roll,3.0,deg,14,Car,vehicle,35.7,35.8,32.7,0.0,2,2,2,2,2,1.0,1.0
kitti_mini,000049,roll,3.0,deg,15,Car,vehicle,23.2,91.6,53.2,0.0,2,8,8,2,2,0.25,0.25
kitti_mini,000049,roll,3.0,deg,16,Van,vehicle,35.6,159.3,60.2,0.0,3,261,261,261,261,1.0,1.0
kitti_mini,000049,roll,3.0,deg,17,Car,vehicle,22.4,111.6,70.2,0.38,3,49,49,9,9,0.1837,0.1837
kitti_mini,000049,pitch,0.0,deg,0,Car,vehicle,21.6,61.8,50.2,0.0,0,206,206,206,206,1.0,1.0
kitti_mini,000049,pitch,0.0,deg,1,Car,vehicle,14.3,189.7,84.1,0.0,0,930,930,930,930,1.0,1.0
kitti_mini,000049,pitch,0.0,deg,2,Car,vehicle,22.3,104.7,52.6,0.0,2,140,140,140,140,1.0,1.0
kitti_mini,000049,pitch,0.0,deg,3,Car,vehicle,25.2,101.9,44.7,0.0,2,79,79,79,79,1.0,1.0
kitti_mini,000049,pitch,0.0,deg,4,Car,vehicle,32.8,82.5,32.3,0.0,2,18,18,18,18,1.0,1.0
kitti_mini,000049,pitch,0.0,deg,5,Van,vehicle,45.9,70.5,36.7,0.0,3,79,79,79,79,1.0,1.0
kitti_mini,000049,pitch,0.0,deg,6,Pedestrian,pedestrian,5.5,144.3,185.9,0.29,3,719,719,690,690,0.9597,0.9597
kitti_mini,000049,pitch,0.0,deg,7,Car,vehicle,10.4,259.2,138.5,0.0,1,571,571,571,571,1.0,1.0
kitti_mini,000049,pitch,0.0,deg,8,Car,vehicle,15.4,132.1,78.2,0.0,1,432,432,432,432,1.0,1.0
kitti_mini,000049,pitch,0.0,deg,9,Car,vehicle,20.6,96.6,68.8,0.0,2,198,198,198,198,1.0,1.0
kitti_mini,000049,pitch,0.0,deg,10,Pedestrian,pedestrian,32.8,16.3,36.5,0.0,0,42,42,37,37,0.881,0.881
kitti_mini,000049,pitch,0.0,deg,11,Car,vehicle,33.2,105.5,40.7,0.0,2,74,74,74,74,1.0,1.0
kitti_mini,000049,pitch,0.0,deg,12,Car,vehicle,14.4,252.9,102.0,0.07,3,437,437,437,437,1.0,1.0
kitti_mini,000049,pitch,0.0,deg,13,Car,vehicle,19.0,147.9,66.9,0.0,1,312,312,312,312,1.0,1.0
kitti_mini,000049,pitch,0.0,deg,14,Car,vehicle,35.7,35.8,32.7,0.0,2,2,2,2,2,1.0,1.0
kitti_mini,000049,pitch,0.0,deg,15,Car,vehicle,23.2,91.6,53.2,0.0,2,8,8,8,8,1.0,1.0
kitti_mini,000049,pitch,0.0,deg,16,Van,vehicle,35.6,159.3,60.2,0.0,3,261,261,261,261,1.0,1.0
kitti_mini,000049,pitch,0.0,deg,17,Car,vehicle,22.4,111.6,70.2,0.38,3,49,49,49,49,1.0,1.0
kitti_mini,000049,pitch,0.5,deg,0,Car,vehicle,21.6,61.8,50.2,0.0,0,206,206,186,186,0.9029,0.9029
kitti_mini,000049,pitch,0.5,deg,1,Car,vehicle,14.3,189.7,84.1,0.0,0,930,930,922,922,0.9914,0.9914
kitti_mini,000049,pitch,0.5,deg,2,Car,vehicle,22.3,104.7,52.6,0.0,2,140,140,139,139,0.9929,0.9929
kitti_mini,000049,pitch,0.5,deg,3,Car,vehicle,25.2,101.9,44.7,0.0,2,79,79,73,73,0.9241,0.9241
kitti_mini,000049,pitch,0.5,deg,4,Car,vehicle,32.8,82.5,32.3,0.0,2,18,18,18,18,1.0,1.0
kitti_mini,000049,pitch,0.5,deg,5,Van,vehicle,45.9,70.5,36.7,0.0,3,79,79,75,75,0.9494,0.9494
kitti_mini,000049,pitch,0.5,deg,6,Pedestrian,pedestrian,5.5,144.3,185.9,0.29,3,719,702,677,677,0.9416,0.9644
kitti_mini,000049,pitch,0.5,deg,7,Car,vehicle,10.4,259.2,138.5,0.0,1,571,571,571,571,1.0,1.0
kitti_mini,000049,pitch,0.5,deg,8,Car,vehicle,15.4,132.1,78.2,0.0,1,432,432,431,431,0.9977,0.9977
kitti_mini,000049,pitch,0.5,deg,9,Car,vehicle,20.6,96.6,68.8,0.0,2,198,198,183,183,0.9242,0.9242
kitti_mini,000049,pitch,0.5,deg,10,Pedestrian,pedestrian,32.8,16.3,36.5,0.0,0,42,42,31,31,0.7381,0.7381
kitti_mini,000049,pitch,0.5,deg,11,Car,vehicle,33.2,105.5,40.7,0.0,2,74,74,73,73,0.9865,0.9865
kitti_mini,000049,pitch,0.5,deg,12,Car,vehicle,14.4,252.9,102.0,0.07,3,437,437,437,437,1.0,1.0
kitti_mini,000049,pitch,0.5,deg,13,Car,vehicle,19.0,147.9,66.9,0.0,1,312,312,308,308,0.9872,0.9872
kitti_mini,000049,pitch,0.5,deg,14,Car,vehicle,35.7,35.8,32.7,0.0,2,2,2,2,2,1.0,1.0
kitti_mini,000049,pitch,0.5,deg,15,Car,vehicle,23.2,91.6,53.2,0.0,2,8,8,8,8,1.0,1.0
kitti_mini,000049,pitch,0.5,deg,16,Van,vehicle,35.6,159.3,60.2,0.0,3,261,261,261,261,1.0,1.0
kitti_mini,000049,pitch,0.5,deg,17,Car,vehicle,22.4,111.6,70.2,0.38,3,49,49,49,49,1.0,1.0
kitti_mini,000049,pitch,1.0,deg,0,Car,vehicle,21.6,61.8,50.2,0.0,0,206,206,147,147,0.7136,0.7136
kitti_mini,000049,pitch,1.0,deg,1,Car,vehicle,14.3,189.7,84.1,0.0,0,930,930,852,852,0.9161,0.9161
kitti_mini,000049,pitch,1.0,deg,2,Car,vehicle,22.3,104.7,52.6,0.0,2,140,140,135,135,0.9643,0.9643
kitti_mini,000049,pitch,1.0,deg,3,Car,vehicle,25.2,101.9,44.7,0.0,2,79,79,57,57,0.7215,0.7215
kitti_mini,000049,pitch,1.0,deg,4,Car,vehicle,32.8,82.5,32.3,0.0,2,18,18,12,12,0.6667,0.6667
kitti_mini,000049,pitch,1.0,deg,5,Van,vehicle,45.9,70.5,36.7,0.0,3,79,79,59,59,0.7468,0.7468
kitti_mini,000049,pitch,1.0,deg,6,Pedestrian,pedestrian,5.5,144.3,185.9,0.29,3,719,683,662,662,0.9207,0.9693
kitti_mini,000049,pitch,1.0,deg,7,Car,vehicle,10.4,259.2,138.5,0.0,1,571,571,563,563,0.986,0.986
kitti_mini,000049,pitch,1.0,deg,8,Car,vehicle,15.4,132.1,78.2,0.0,1,432,432,415,415,0.9606,0.9606
kitti_mini,000049,pitch,1.0,deg,9,Car,vehicle,20.6,96.6,68.8,0.0,2,198,198,170,170,0.8586,0.8586
kitti_mini,000049,pitch,1.0,deg,10,Pedestrian,pedestrian,32.8,16.3,36.5,0.0,0,42,42,29,29,0.6905,0.6905
kitti_mini,000049,pitch,1.0,deg,11,Car,vehicle,33.2,105.5,40.7,0.0,2,74,74,68,68,0.9189,0.9189
kitti_mini,000049,pitch,1.0,deg,12,Car,vehicle,14.4,252.9,102.0,0.07,3,437,437,434,434,0.9931,0.9931
kitti_mini,000049,pitch,1.0,deg,13,Car,vehicle,19.0,147.9,66.9,0.0,1,312,312,291,291,0.9327,0.9327
kitti_mini,000049,pitch,1.0,deg,14,Car,vehicle,35.7,35.8,32.7,0.0,2,2,2,2,2,1.0,1.0
kitti_mini,000049,pitch,1.0,deg,15,Car,vehicle,23.2,91.6,53.2,0.0,2,8,8,8,8,1.0,1.0
kitti_mini,000049,pitch,1.0,deg,16,Van,vehicle,35.6,159.3,60.2,0.0,3,261,261,261,261,1.0,1.0
kitti_mini,000049,pitch,1.0,deg,17,Car,vehicle,22.4,111.6,70.2,0.38,3,49,49,49,49,1.0,1.0
kitti_mini,000049,pitch,2.0,deg,0,Car,vehicle,21.6,61.8,50.2,0.0,0,206,206,66,66,0.3204,0.3204
kitti_mini,000049,pitch,2.0,deg,1,Car,vehicle,14.3,189.7,84.1,0.0,0,930,930,704,704,0.757,0.757
kitti_mini,000049,pitch,2.0,deg,2,Car,vehicle,22.3,104.7,52.6,0.0,2,140,140,102,102,0.7286,0.7286
kitti_mini,000049,pitch,2.0,deg,3,Car,vehicle,25.2,101.9,44.7,0.0,2,79,79,39,39,0.4937,0.4937
kitti_mini,000049,pitch,2.0,deg,4,Car,vehicle,32.8,82.5,32.3,0.0,2,18,18,0,0,0.0,0.0
kitti_mini,000049,pitch,2.0,deg,5,Van,vehicle,45.9,70.5,36.7,0.0,3,79,79,38,38,0.481,0.481
kitti_mini,000049,pitch,2.0,deg,6,Pedestrian,pedestrian,5.5,144.3,185.9,0.29,3,719,650,629,629,0.8748,0.9677
kitti_mini,000049,pitch,2.0,deg,7,Car,vehicle,10.4,259.2,138.5,0.0,1,571,571,527,527,0.9229,0.9229
kitti_mini,000049,pitch,2.0,deg,8,Car,vehicle,15.4,132.1,78.2,0.0,1,432,432,356,356,0.8241,0.8241
kitti_mini,000049,pitch,2.0,deg,9,Car,vehicle,20.6,96.6,68.8,0.0,2,198,198,134,134,0.6768,0.6768
kitti_mini,000049,pitch,2.0,deg,10,Pedestrian,pedestrian,32.8,16.3,36.5,0.0,0,42,42,13,13,0.3095,0.3095
kitti_mini,000049,pitch,2.0,deg,11,Car,vehicle,33.2,105.5,40.7,0.0,2,74,74,18,18,0.2432,0.2432
kitti_mini,000049,pitch,2.0,deg,12,Car,vehicle,14.4,252.9,102.0,0.07,3,437,437,419,419,0.9588,0.9588
kitti_mini,000049,pitch,2.0,deg,13,Car,vehicle,19.0,147.9,66.9,0.0,1,312,312,213,213,0.6827,0.6827
kitti_mini,000049,pitch,2.0,deg,14,Car,vehicle,35.7,35.8,32.7,0.0,2,2,2,1,1,0.5,0.5
kitti_mini,000049,pitch,2.0,deg,15,Car,vehicle,23.2,91.6,53.2,0.0,2,8,8,8,8,1.0,1.0
kitti_mini,000049,pitch,2.0,deg,16,Van,vehicle,35.6,159.3,60.2,0.0,3,261,261,261,261,1.0,1.0
kitti_mini,000049,pitch,2.0,deg,17,Car,vehicle,22.4,111.6,70.2,0.38,3,49,49,45,45,0.9184,0.9184
kitti_mini,000049,pitch,3.0,deg,0,Car,vehicle,21.6,61.8,50.2,0.0,0,206,206,24,24,0.1165,0.1165
kitti_mini,000049,pitch,3.0,deg,1,Car,vehicle,14.3,189.7,84.1,0.0,0,930,930,500,500,0.5376,0.5376
kitti_mini,000049,pitch,3.0,deg,2,Car,vehicle,22.3,104.7,52.6,0.0,2,140,140,49,49,0.35,0.35
kitti_mini,000049,pitch,3.0,deg,3,Car,vehicle,25.2,101.9,44.7,0.0,2,79,79,19,19,0.2405,0.2405
kitti_mini,000049,pitch,3.0,deg,4,Car,vehicle,32.8,82.5,32.3,0.0,2,18,18,0,0,0.0,0.0
kitti_mini,000049,pitch,3.0,deg,5,Van,vehicle,45.9,70.5,36.7,0.0,3,79,79,0,0,0.0,0.0
kitti_mini,000049,pitch,3.0,deg,6,Pedestrian,pedestrian,5.5,144.3,185.9,0.29,3,719,608,589,589,0.8192,0.9688
kitti_mini,000049,pitch,3.0,deg,7,Car,vehicle,10.4,259.2,138.5,0.0,1,571,571,481,481,0.8424,0.8424
kitti_mini,000049,pitch,3.0,deg,8,Car,vehicle,15.4,132.1,78.2,0.0,1,432,432,280,280,0.6481,0.6481
kitti_mini,000049,pitch,3.0,deg,9,Car,vehicle,20.6,96.6,68.8,0.0,2,198,198,86,86,0.4343,0.4343
kitti_mini,000049,pitch,3.0,deg,10,Pedestrian,pedestrian,32.8,16.3,36.5,0.0,0,42,42,0,0,0.0,0.0
kitti_mini,000049,pitch,3.0,deg,11,Car,vehicle,33.2,105.5,40.7,0.0,2,74,74,14,14,0.1892,0.1892
kitti_mini,000049,pitch,3.0,deg,12,Car,vehicle,14.4,252.9,102.0,0.07,3,437,437,361,361,0.8261,0.8261
kitti_mini,000049,pitch,3.0,deg,13,Car,vehicle,19.0,147.9,66.9,0.0,1,312,312,146,146,0.4679,0.4679
kitti_mini,000049,pitch,3.0,deg,14,Car,vehicle,35.7,35.8,32.7,0.0,2,2,2,0,0,0.0,0.0
kitti_mini,000049,pitch,3.0,deg,15,Car,vehicle,23.2,91.6,53.2,0.0,2,8,8,7,7,0.875,0.875
kitti_mini,000049,pitch,3.0,deg,16,Van,vehicle,35.6,159.3,60.2,0.0,3,261,261,192,192,0.7356,0.7356
kitti_mini,000049,pitch,3.0,deg,17,Car,vehicle,22.4,111.6,70.2,0.38,3,49,49,40,40,0.8163,0.8163
kitti_mini,000049,yaw,0.0,deg,0,Car,vehicle,21.6,61.8,50.2,0.0,0,206,206,206,206,1.0,1.0
kitti_mini,000049,yaw,0.0,deg,1,Car,vehicle,14.3,189.7,84.1,0.0,0,930,930,930,930,1.0,1.0
kitti_mini,000049,yaw,0.0,deg,2,Car,vehicle,22.3,104.7,52.6,0.0,2,140,140,140,140,1.0,1.0
kitti_mini,000049,yaw,0.0,deg,3,Car,vehicle,25.2,101.9,44.7,0.0,2,79,79,79,79,1.0,1.0
kitti_mini,000049,yaw,0.0,deg,4,Car,vehicle,32.8,82.5,32.3,0.0,2,18,18,18,18,1.0,1.0
kitti_mini,000049,yaw,0.0,deg,5,Van,vehicle,45.9,70.5,36.7,0.0,3,79,79,79,79,1.0,1.0
kitti_mini,000049,yaw,0.0,deg,6,Pedestrian,pedestrian,5.5,144.3,185.9,0.29,3,719,719,690,690,0.9597,0.9597
kitti_mini,000049,yaw,0.0,deg,7,Car,vehicle,10.4,259.2,138.5,0.0,1,571,571,571,571,1.0,1.0
kitti_mini,000049,yaw,0.0,deg,8,Car,vehicle,15.4,132.1,78.2,0.0,1,432,432,432,432,1.0,1.0
kitti_mini,000049,yaw,0.0,deg,9,Car,vehicle,20.6,96.6,68.8,0.0,2,198,198,198,198,1.0,1.0
kitti_mini,000049,yaw,0.0,deg,10,Pedestrian,pedestrian,32.8,16.3,36.5,0.0,0,42,42,37,37,0.881,0.881
kitti_mini,000049,yaw,0.0,deg,11,Car,vehicle,33.2,105.5,40.7,0.0,2,74,74,74,74,1.0,1.0
kitti_mini,000049,yaw,0.0,deg,12,Car,vehicle,14.4,252.9,102.0,0.07,3,437,437,437,437,1.0,1.0
kitti_mini,000049,yaw,0.0,deg,13,Car,vehicle,19.0,147.9,66.9,0.0,1,312,312,312,312,1.0,1.0
kitti_mini,000049,yaw,0.0,deg,14,Car,vehicle,35.7,35.8,32.7,0.0,2,2,2,2,2,1.0,1.0
kitti_mini,000049,yaw,0.0,deg,15,Car,vehicle,23.2,91.6,53.2,0.0,2,8,8,8,8,1.0,1.0
kitti_mini,000049,yaw,0.0,deg,16,Van,vehicle,35.6,159.3,60.2,0.0,3,261,261,261,261,1.0,1.0
kitti_mini,000049,yaw,0.0,deg,17,Car,vehicle,22.4,111.6,70.2,0.38,3,49,49,49,49,1.0,1.0
kitti_mini,000049,yaw,0.5,deg,0,Car,vehicle,21.6,61.8,50.2,0.0,0,206,206,190,190,0.9223,0.9223
kitti_mini,000049,yaw,0.5,deg,1,Car,vehicle,14.3,189.7,84.1,0.0,0,930,930,925,925,0.9946,0.9946
kitti_mini,000049,yaw,0.5,deg,2,Car,vehicle,22.3,104.7,52.6,0.0,2,140,140,140,140,1.0,1.0
kitti_mini,000049,yaw,0.5,deg,3,Car,vehicle,25.2,101.9,44.7,0.0,2,79,79,79,79,1.0,1.0
kitti_mini,000049,yaw,0.5,deg,4,Car,vehicle,32.8,82.5,32.3,0.0,2,18,18,18,18,1.0,1.0
kitti_mini,000049,yaw,0.5,deg,5,Van,vehicle,45.9,70.5,36.7,0.0,3,79,79,79,79,1.0,1.0
kitti_mini,000049,yaw,0.5,deg,6,Pedestrian,pedestrian,5.5,144.3,185.9,0.29,3,719,722,671,671,0.9332,0.9294
kitti_mini,000049,yaw,0.5,deg,7,Car,vehicle,10.4,259.2,138.5,0.0,1,571,571,565,565,0.9895,0.9895
kitti_mini,000049,yaw,0.5,deg,8,Car,vehicle,15.4,132.1,78.2,0.0,1,432,432,426,426,0.9861,0.9861
kitti_mini,000049,yaw,0.5,deg,9,Car,vehicle,20.6,96.6,68.8,0.0,2,198,198,195,195,0.9848,0.9848
kitti_mini,000049,yaw,0.5,deg,10,Pedestrian,pedestrian,32.8,16.3,36.5,0.0,0,42,42,24,24,0.5714,0.5714
kitti_mini,000049,yaw,0.5,deg,11,Car,vehicle,33.2,105.5,40.7,0.0,2,74,74,74,74,1.0,1.0
kitti_mini,000049,yaw,0.5,deg,12,Car,vehicle,14.4,252.9,102.0,0.07,3,437,437,437,437,1.0,1.0
kitti_mini,000049,yaw,0.5,deg,13,Car,vehicle,19.0,147.9,66.9,0.0,1,312,312,312,312,1.0,1.0
kitti_mini,000049,yaw,0.5,deg,14,Car,vehicle,35.7,35.8,32.7,0.0,2,2,2,2,2,1.0,1.0
kitti_mini,000049,yaw,0.5,deg,15,Car,vehicle,23.2,91.6,53.2,0.0,2,8,8,8,8,1.0,1.0
kitti_mini,000049,yaw,0.5,deg,16,Van,vehicle,35.6,159.3,60.2,0.0,3,261,261,250,250,0.9579,0.9579
kitti_mini,000049,yaw,0.5,deg,17,Car,vehicle,22.4,111.6,70.2,0.38,3,49,48,48,48,0.9796,1.0
kitti_mini,000049,yaw,1.0,deg,0,Car,vehicle,21.6,61.8,50.2,0.0,0,206,206,165,165,0.801,0.801
kitti_mini,000049,yaw,1.0,deg,1,Car,vehicle,14.3,189.7,84.1,0.0,0,930,930,903,903,0.971,0.971
kitti_mini,000049,yaw,1.0,deg,2,Car,vehicle,22.3,104.7,52.6,0.0,2,140,140,140,140,1.0,1.0
kitti_mini,000049,yaw,1.0,deg,3,Car,vehicle,25.2,101.9,44.7,0.0,2,79,79,79,79,1.0,1.0
kitti_mini,000049,yaw,1.0,deg,4,Car,vehicle,32.8,82.5,32.3,0.0,2,18,18,18,18,1.0,1.0
kitti_mini,000049,yaw,1.0,deg,5,Van,vehicle,45.9,70.5,36.7,0.0,3,79,79,76,76,0.962,0.962
kitti_mini,000049,yaw,1.0,deg,6,Pedestrian,pedestrian,5.5,144.3,185.9,0.29,3,719,723,647,649,0.8999,0.8976
kitti_mini,000049,yaw,1.0,deg,7,Car,vehicle,10.4,259.2,138.5,0.0,1,571,571,543,543,0.951,0.951
kitti_mini,000049,yaw,1.0,deg,8,Car,vehicle,15.4,132.1,78.2,0.0,1,432,432,406,406,0.9398,0.9398
kitti_mini,000049,yaw,1.0,deg,9,Car,vehicle,20.6,96.6,68.8,0.0,2,198,198,167,167,0.8434,0.8434
kitti_mini,000049,yaw,1.0,deg,10,Pedestrian,pedestrian,32.8,16.3,36.5,0.0,0,42,42,2,2,0.0476,0.0476
kitti_mini,000049,yaw,1.0,deg,11,Car,vehicle,33.2,105.5,40.7,0.0,2,74,74,74,74,1.0,1.0
kitti_mini,000049,yaw,1.0,deg,12,Car,vehicle,14.4,252.9,102.0,0.07,3,437,437,437,437,1.0,1.0
kitti_mini,000049,yaw,1.0,deg,13,Car,vehicle,19.0,147.9,66.9,0.0,1,312,312,312,312,1.0,1.0
kitti_mini,000049,yaw,1.0,deg,14,Car,vehicle,35.7,35.8,32.7,0.0,2,2,2,2,2,1.0,1.0
kitti_mini,000049,yaw,1.0,deg,15,Car,vehicle,23.2,91.6,53.2,0.0,2,8,8,8,8,1.0,1.0
kitti_mini,000049,yaw,1.0,deg,16,Van,vehicle,35.6,159.3,60.2,0.0,3,261,261,235,235,0.9004,0.9004
kitti_mini,000049,yaw,1.0,deg,17,Car,vehicle,22.4,111.6,70.2,0.38,3,49,41,41,41,0.8367,1.0
kitti_mini,000049,yaw,2.0,deg,0,Car,vehicle,21.6,61.8,50.2,0.0,0,206,206,116,116,0.5631,0.5631
kitti_mini,000049,yaw,2.0,deg,1,Car,vehicle,14.3,189.7,84.1,0.0,0,930,930,854,854,0.9183,0.9183
kitti_mini,000049,yaw,2.0,deg,2,Car,vehicle,22.3,104.7,52.6,0.0,2,140,140,140,140,1.0,1.0
kitti_mini,000049,yaw,2.0,deg,3,Car,vehicle,25.2,101.9,44.7,0.0,2,79,79,79,79,1.0,1.0
kitti_mini,000049,yaw,2.0,deg,4,Car,vehicle,32.8,82.5,32.3,0.0,2,18,18,18,18,1.0,1.0
kitti_mini,000049,yaw,2.0,deg,5,Van,vehicle,45.9,70.5,36.7,0.0,3,79,79,69,69,0.8734,0.8734
kitti_mini,000049,yaw,2.0,deg,6,Pedestrian,pedestrian,5.5,144.3,185.9,0.29,3,719,723,557,561,0.7747,0.7759
kitti_mini,000049,yaw,2.0,deg,7,Car,vehicle,10.4,259.2,138.5,0.0,1,571,571,495,495,0.8669,0.8669
kitti_mini,000049,yaw,2.0,deg,8,Car,vehicle,15.4,132.1,78.2,0.0,1,432,432,359,359,0.831,0.831
kitti_mini,000049,yaw,2.0,deg,9,Car,vehicle,20.6,96.6,68.8,0.0,2,198,198,102,102,0.5152,0.5152
kitti_mini,000049,yaw,2.0,deg,10,Pedestrian,pedestrian,32.8,16.3,36.5,0.0,0,42,42,0,0,0.0,0.0
kitti_mini,000049,yaw,2.0,deg,11,Car,vehicle,33.2,105.5,40.7,0.0,2,74,74,73,73,0.9865,0.9865
kitti_mini,000049,yaw,2.0,deg,12,Car,vehicle,14.4,252.9,102.0,0.07,3,437,421,421,421,0.9634,1.0
kitti_mini,000049,yaw,2.0,deg,13,Car,vehicle,19.0,147.9,66.9,0.0,1,312,312,311,311,0.9968,0.9968
kitti_mini,000049,yaw,2.0,deg,14,Car,vehicle,35.7,35.8,32.7,0.0,2,2,2,2,2,1.0,1.0
kitti_mini,000049,yaw,2.0,deg,15,Car,vehicle,23.2,91.6,53.2,0.0,2,8,8,8,8,1.0,1.0
kitti_mini,000049,yaw,2.0,deg,16,Van,vehicle,35.6,159.3,60.2,0.0,3,261,261,199,199,0.7625,0.7625
kitti_mini,000049,yaw,2.0,deg,17,Car,vehicle,22.4,111.6,70.2,0.38,3,49,20,20,20,0.4082,1.0
kitti_mini,000049,yaw,3.0,deg,0,Car,vehicle,21.6,61.8,50.2,0.0,0,206,206,74,74,0.3592,0.3592
kitti_mini,000049,yaw,3.0,deg,1,Car,vehicle,14.3,189.7,84.1,0.0,0,930,930,797,797,0.857,0.857
kitti_mini,000049,yaw,3.0,deg,2,Car,vehicle,22.3,104.7,52.6,0.0,2,140,140,138,138,0.9857,0.9857
kitti_mini,000049,yaw,3.0,deg,3,Car,vehicle,25.2,101.9,44.7,0.0,2,79,79,76,76,0.962,0.962
kitti_mini,000049,yaw,3.0,deg,4,Car,vehicle,32.8,82.5,32.3,0.0,2,18,18,18,18,1.0,1.0
kitti_mini,000049,yaw,3.0,deg,5,Van,vehicle,45.9,70.5,36.7,0.0,3,79,79,59,59,0.7468,0.7468
kitti_mini,000049,yaw,3.0,deg,6,Pedestrian,pedestrian,5.5,144.3,185.9,0.29,3,719,723,432,436,0.6008,0.603
kitti_mini,000049,yaw,3.0,deg,7,Car,vehicle,10.4,259.2,138.5,0.0,1,571,571,464,464,0.8126,0.8126
kitti_mini,000049,yaw,3.0,deg,8,Car,vehicle,15.4,132.1,78.2,0.0,1,432,432,298,298,0.6898,0.6898
kitti_mini,000049,yaw,3.0,deg,9,Car,vehicle,20.6,96.6,68.8,0.0,2,198,198,38,38,0.1919,0.1919
kitti_mini,000049,yaw,3.0,deg,10,Pedestrian,pedestrian,32.8,16.3,36.5,0.0,0,42,42,0,0,0.0,0.0
kitti_mini,000049,yaw,3.0,deg,11,Car,vehicle,33.2,105.5,40.7,0.0,2,74,74,62,62,0.8378,0.8378
kitti_mini,000049,yaw,3.0,deg,12,Car,vehicle,14.4,252.9,102.0,0.07,3,437,385,385,385,0.881,1.0
kitti_mini,000049,yaw,3.0,deg,13,Car,vehicle,19.0,147.9,66.9,0.0,1,312,312,292,292,0.9359,0.9359
kitti_mini,000049,yaw,3.0,deg,14,Car,vehicle,35.7,35.8,32.7,0.0,2,2,2,0,0,0.0,0.0
kitti_mini,000049,yaw,3.0,deg,15,Car,vehicle,23.2,91.6,53.2,0.0,2,8,8,7,7,0.875,0.875
kitti_mini,000049,yaw,3.0,deg,16,Van,vehicle,35.6,159.3,60.2,0.0,3,261,261,168,168,0.6437,0.6437
kitti_mini,000049,yaw,3.0,deg,17,Car,vehicle,22.4,111.6,70.2,0.38,3,49,10,10,10,0.2041,1.0
kitti_mini,000049,tx,0.0,m,0,Car,vehicle,21.6,61.8,50.2,0.0,0,206,206,206,206,1.0,1.0
kitti_mini,000049,tx,0.0,m,1,Car,vehicle,14.3,189.7,84.1,0.0,0,930,930,930,930,1.0,1.0
kitti_mini,000049,tx,0.0,m,2,Car,vehicle,22.3,104.7,52.6,0.0,2,140,140,140,140,1.0,1.0
kitti_mini,000049,tx,0.0,m,3,Car,vehicle,25.2,101.9,44.7,0.0,2,79,79,79,79,1.0,1.0
kitti_mini,000049,tx,0.0,m,4,Car,vehicle,32.8,82.5,32.3,0.0,2,18,18,18,18,1.0,1.0
kitti_mini,000049,tx,0.0,m,5,Van,vehicle,45.9,70.5,36.7,0.0,3,79,79,79,79,1.0,1.0
kitti_mini,000049,tx,0.0,m,6,Pedestrian,pedestrian,5.5,144.3,185.9,0.29,3,719,719,690,690,0.9597,0.9597
kitti_mini,000049,tx,0.0,m,7,Car,vehicle,10.4,259.2,138.5,0.0,1,571,571,571,571,1.0,1.0
kitti_mini,000049,tx,0.0,m,8,Car,vehicle,15.4,132.1,78.2,0.0,1,432,432,432,432,1.0,1.0
kitti_mini,000049,tx,0.0,m,9,Car,vehicle,20.6,96.6,68.8,0.0,2,198,198,198,198,1.0,1.0
kitti_mini,000049,tx,0.0,m,10,Pedestrian,pedestrian,32.8,16.3,36.5,0.0,0,42,42,37,37,0.881,0.881
kitti_mini,000049,tx,0.0,m,11,Car,vehicle,33.2,105.5,40.7,0.0,2,74,74,74,74,1.0,1.0
kitti_mini,000049,tx,0.0,m,12,Car,vehicle,14.4,252.9,102.0,0.07,3,437,437,437,437,1.0,1.0
kitti_mini,000049,tx,0.0,m,13,Car,vehicle,19.0,147.9,66.9,0.0,1,312,312,312,312,1.0,1.0
kitti_mini,000049,tx,0.0,m,14,Car,vehicle,35.7,35.8,32.7,0.0,2,2,2,2,2,1.0,1.0
kitti_mini,000049,tx,0.0,m,15,Car,vehicle,23.2,91.6,53.2,0.0,2,8,8,8,8,1.0,1.0
kitti_mini,000049,tx,0.0,m,16,Van,vehicle,35.6,159.3,60.2,0.0,3,261,261,261,261,1.0,1.0
kitti_mini,000049,tx,0.0,m,17,Car,vehicle,22.4,111.6,70.2,0.38,3,49,49,49,49,1.0,1.0
kitti_mini,000049,tx,0.02,m,0,Car,vehicle,21.6,61.8,50.2,0.0,0,206,206,206,206,1.0,1.0
kitti_mini,000049,tx,0.02,m,1,Car,vehicle,14.3,189.7,84.1,0.0,0,930,930,930,930,1.0,1.0
kitti_mini,000049,tx,0.02,m,2,Car,vehicle,22.3,104.7,52.6,0.0,2,140,140,140,140,1.0,1.0
kitti_mini,000049,tx,0.02,m,3,Car,vehicle,25.2,101.9,44.7,0.0,2,79,79,79,79,1.0,1.0
kitti_mini,000049,tx,0.02,m,4,Car,vehicle,32.8,82.5,32.3,0.0,2,18,18,18,18,1.0,1.0
kitti_mini,000049,tx,0.02,m,5,Van,vehicle,45.9,70.5,36.7,0.0,3,79,79,79,79,1.0,1.0
kitti_mini,000049,tx,0.02,m,6,Pedestrian,pedestrian,5.5,144.3,185.9,0.29,3,719,721,690,690,0.9597,0.957
kitti_mini,000049,tx,0.02,m,7,Car,vehicle,10.4,259.2,138.5,0.0,1,571,571,571,571,1.0,1.0
kitti_mini,000049,tx,0.02,m,8,Car,vehicle,15.4,132.1,78.2,0.0,1,432,432,432,432,1.0,1.0
kitti_mini,000049,tx,0.02,m,9,Car,vehicle,20.6,96.6,68.8,0.0,2,198,198,198,198,1.0,1.0
kitti_mini,000049,tx,0.02,m,10,Pedestrian,pedestrian,32.8,16.3,36.5,0.0,0,42,42,37,37,0.881,0.881
kitti_mini,000049,tx,0.02,m,11,Car,vehicle,33.2,105.5,40.7,0.0,2,74,74,74,74,1.0,1.0
kitti_mini,000049,tx,0.02,m,12,Car,vehicle,14.4,252.9,102.0,0.07,3,437,437,437,437,1.0,1.0
kitti_mini,000049,tx,0.02,m,13,Car,vehicle,19.0,147.9,66.9,0.0,1,312,312,312,312,1.0,1.0
kitti_mini,000049,tx,0.02,m,14,Car,vehicle,35.7,35.8,32.7,0.0,2,2,2,2,2,1.0,1.0
kitti_mini,000049,tx,0.02,m,15,Car,vehicle,23.2,91.6,53.2,0.0,2,8,8,8,8,1.0,1.0
kitti_mini,000049,tx,0.02,m,16,Van,vehicle,35.6,159.3,60.2,0.0,3,261,261,261,261,1.0,1.0
kitti_mini,000049,tx,0.02,m,17,Car,vehicle,22.4,111.6,70.2,0.38,3,49,49,49,49,1.0,1.0
kitti_mini,000049,tx,0.05,m,0,Car,vehicle,21.6,61.8,50.2,0.0,0,206,206,206,206,1.0,1.0
kitti_mini,000049,tx,0.05,m,1,Car,vehicle,14.3,189.7,84.1,0.0,0,930,930,930,930,1.0,1.0
kitti_mini,000049,tx,0.05,m,2,Car,vehicle,22.3,104.7,52.6,0.0,2,140,140,140,140,1.0,1.0
kitti_mini,000049,tx,0.05,m,3,Car,vehicle,25.2,101.9,44.7,0.0,2,79,79,79,79,1.0,1.0
kitti_mini,000049,tx,0.05,m,4,Car,vehicle,32.8,82.5,32.3,0.0,2,18,18,18,18,1.0,1.0
kitti_mini,000049,tx,0.05,m,5,Van,vehicle,45.9,70.5,36.7,0.0,3,79,79,79,79,1.0,1.0
kitti_mini,000049,tx,0.05,m,6,Pedestrian,pedestrian,5.5,144.3,185.9,0.29,3,719,723,684,687,0.9513,0.9502
kitti_mini,000049,tx,0.05,m,7,Car,vehicle,10.4,259.2,138.5,0.0,1,571,571,571,571,1.0,1.0
kitti_mini,000049,tx,0.05,m,8,Car,vehicle,15.4,132.1,78.2,0.0,1,432,432,432,432,1.0,1.0
kitti_mini,000049,tx,0.05,m,9,Car,vehicle,20.6,96.6,68.8,0.0,2,198,198,198,198,1.0,1.0
kitti_mini,000049,tx,0.05,m,10,Pedestrian,pedestrian,32.8,16.3,36.5,0.0,0,42,42,37,37,0.881,0.881
kitti_mini,000049,tx,0.05,m,11,Car,vehicle,33.2,105.5,40.7,0.0,2,74,74,74,74,1.0,1.0
kitti_mini,000049,tx,0.05,m,12,Car,vehicle,14.4,252.9,102.0,0.07,3,437,437,437,437,1.0,1.0
kitti_mini,000049,tx,0.05,m,13,Car,vehicle,19.0,147.9,66.9,0.0,1,312,312,312,312,1.0,1.0
kitti_mini,000049,tx,0.05,m,14,Car,vehicle,35.7,35.8,32.7,0.0,2,2,2,2,2,1.0,1.0
kitti_mini,000049,tx,0.05,m,15,Car,vehicle,23.2,91.6,53.2,0.0,2,8,8,8,8,1.0,1.0
kitti_mini,000049,tx,0.05,m,16,Van,vehicle,35.6,159.3,60.2,0.0,3,261,261,261,261,1.0,1.0
kitti_mini,000049,tx,0.05,m,17,Car,vehicle,22.4,111.6,70.2,0.38,3,49,49,49,49,1.0,1.0
kitti_mini,000049,tx,0.1,m,0,Car,vehicle,21.6,61.8,50.2,0.0,0,206,206,206,206,1.0,1.0
kitti_mini,000049,tx,0.1,m,1,Car,vehicle,14.3,189.7,84.1,0.0,0,930,930,930,930,1.0,1.0
kitti_mini,000049,tx,0.1,m,2,Car,vehicle,22.3,104.7,52.6,0.0,2,140,140,140,140,1.0,1.0
kitti_mini,000049,tx,0.1,m,3,Car,vehicle,25.2,101.9,44.7,0.0,2,79,79,79,79,1.0,1.0
kitti_mini,000049,tx,0.1,m,4,Car,vehicle,32.8,82.5,32.3,0.0,2,18,18,18,18,1.0,1.0
kitti_mini,000049,tx,0.1,m,5,Van,vehicle,45.9,70.5,36.7,0.0,3,79,79,79,79,1.0,1.0
kitti_mini,000049,tx,0.1,m,6,Pedestrian,pedestrian,5.5,144.3,185.9,0.29,3,719,723,675,679,0.9388,0.9391
kitti_mini,000049,tx,0.1,m,7,Car,vehicle,10.4,259.2,138.5,0.0,1,571,571,571,571,1.0,1.0
kitti_mini,000049,tx,0.1,m,8,Car,vehicle,15.4,132.1,78.2,0.0,1,432,432,432,432,1.0,1.0
kitti_mini,000049,tx,0.1,m,9,Car,vehicle,20.6,96.6,68.8,0.0,2,198,198,198,198,1.0,1.0
kitti_mini,000049,tx,0.1,m,10,Pedestrian,pedestrian,32.8,16.3,36.5,0.0,0,42,42,37,37,0.881,0.881
kitti_mini,000049,tx,0.1,m,11,Car,vehicle,33.2,105.5,40.7,0.0,2,74,74,74,74,1.0,1.0
kitti_mini,000049,tx,0.1,m,12,Car,vehicle,14.4,252.9,102.0,0.07,3,437,437,437,437,1.0,1.0
kitti_mini,000049,tx,0.1,m,13,Car,vehicle,19.0,147.9,66.9,0.0,1,312,312,312,312,1.0,1.0
kitti_mini,000049,tx,0.1,m,14,Car,vehicle,35.7,35.8,32.7,0.0,2,2,2,2,2,1.0,1.0
kitti_mini,000049,tx,0.1,m,15,Car,vehicle,23.2,91.6,53.2,0.0,2,8,8,8,8,1.0,1.0
kitti_mini,000049,tx,0.1,m,16,Van,vehicle,35.6,159.3,60.2,0.0,3,261,261,261,261,1.0,1.0
kitti_mini,000049,tx,0.1,m,17,Car,vehicle,22.4,111.6,70.2,0.38,3,49,49,49,49,1.0,1.0
kitti_mini,000049,tx,0.2,m,0,Car,vehicle,21.6,61.8,50.2,0.0,0,206,206,206,206,1.0,1.0
kitti_mini,000049,tx,0.2,m,1,Car,vehicle,14.3,189.7,84.1,0.0,0,930,930,930,930,1.0,1.0
kitti_mini,000049,tx,0.2,m,2,Car,vehicle,22.3,104.7,52.6,0.0,2,140,140,140,140,1.0,1.0
kitti_mini,000049,tx,0.2,m,3,Car,vehicle,25.2,101.9,44.7,0.0,2,79,79,79,79,1.0,1.0
kitti_mini,000049,tx,0.2,m,4,Car,vehicle,32.8,82.5,32.3,0.0,2,18,18,18,18,1.0,1.0
kitti_mini,000049,tx,0.2,m,5,Van,vehicle,45.9,70.5,36.7,0.0,3,79,79,79,79,1.0,1.0
kitti_mini,000049,tx,0.2,m,6,Pedestrian,pedestrian,5.5,144.3,185.9,0.29,3,719,734,652,665,0.9068,0.906
kitti_mini,000049,tx,0.2,m,7,Car,vehicle,10.4,259.2,138.5,0.0,1,571,571,571,571,1.0,1.0
kitti_mini,000049,tx,0.2,m,8,Car,vehicle,15.4,132.1,78.2,0.0,1,432,432,432,432,1.0,1.0
kitti_mini,000049,tx,0.2,m,9,Car,vehicle,20.6,96.6,68.8,0.0,2,198,198,198,198,1.0,1.0
kitti_mini,000049,tx,0.2,m,10,Pedestrian,pedestrian,32.8,16.3,36.5,0.0,0,42,42,36,36,0.8571,0.8571
kitti_mini,000049,tx,0.2,m,11,Car,vehicle,33.2,105.5,40.7,0.0,2,74,74,74,74,1.0,1.0
kitti_mini,000049,tx,0.2,m,12,Car,vehicle,14.4,252.9,102.0,0.07,3,437,437,437,437,1.0,1.0
kitti_mini,000049,tx,0.2,m,13,Car,vehicle,19.0,147.9,66.9,0.0,1,312,312,312,312,1.0,1.0
kitti_mini,000049,tx,0.2,m,14,Car,vehicle,35.7,35.8,32.7,0.0,2,2,2,2,2,1.0,1.0
kitti_mini,000049,tx,0.2,m,15,Car,vehicle,23.2,91.6,53.2,0.0,2,8,8,8,8,1.0,1.0
kitti_mini,000049,tx,0.2,m,16,Van,vehicle,35.6,159.3,60.2,0.0,3,261,261,261,261,1.0,1.0
kitti_mini,000049,tx,0.2,m,17,Car,vehicle,22.4,111.6,70.2,0.38,3,49,50,49,50,1.0,1.0
kitti_mini,000049,ty,0.0,m,0,Car,vehicle,21.6,61.8,50.2,0.0,0,206,206,206,206,1.0,1.0
kitti_mini,000049,ty,0.0,m,1,Car,vehicle,14.3,189.7,84.1,0.0,0,930,930,930,930,1.0,1.0
kitti_mini,000049,ty,0.0,m,2,Car,vehicle,22.3,104.7,52.6,0.0,2,140,140,140,140,1.0,1.0
kitti_mini,000049,ty,0.0,m,3,Car,vehicle,25.2,101.9,44.7,0.0,2,79,79,79,79,1.0,1.0
kitti_mini,000049,ty,0.0,m,4,Car,vehicle,32.8,82.5,32.3,0.0,2,18,18,18,18,1.0,1.0
kitti_mini,000049,ty,0.0,m,5,Van,vehicle,45.9,70.5,36.7,0.0,3,79,79,79,79,1.0,1.0
kitti_mini,000049,ty,0.0,m,6,Pedestrian,pedestrian,5.5,144.3,185.9,0.29,3,719,719,690,690,0.9597,0.9597
kitti_mini,000049,ty,0.0,m,7,Car,vehicle,10.4,259.2,138.5,0.0,1,571,571,571,571,1.0,1.0
kitti_mini,000049,ty,0.0,m,8,Car,vehicle,15.4,132.1,78.2,0.0,1,432,432,432,432,1.0,1.0
kitti_mini,000049,ty,0.0,m,9,Car,vehicle,20.6,96.6,68.8,0.0,2,198,198,198,198,1.0,1.0
kitti_mini,000049,ty,0.0,m,10,Pedestrian,pedestrian,32.8,16.3,36.5,0.0,0,42,42,37,37,0.881,0.881
kitti_mini,000049,ty,0.0,m,11,Car,vehicle,33.2,105.5,40.7,0.0,2,74,74,74,74,1.0,1.0
kitti_mini,000049,ty,0.0,m,12,Car,vehicle,14.4,252.9,102.0,0.07,3,437,437,437,437,1.0,1.0
kitti_mini,000049,ty,0.0,m,13,Car,vehicle,19.0,147.9,66.9,0.0,1,312,312,312,312,1.0,1.0
kitti_mini,000049,ty,0.0,m,14,Car,vehicle,35.7,35.8,32.7,0.0,2,2,2,2,2,1.0,1.0
kitti_mini,000049,ty,0.0,m,15,Car,vehicle,23.2,91.6,53.2,0.0,2,8,8,8,8,1.0,1.0
kitti_mini,000049,ty,0.0,m,16,Van,vehicle,35.6,159.3,60.2,0.0,3,261,261,261,261,1.0,1.0
kitti_mini,000049,ty,0.0,m,17,Car,vehicle,22.4,111.6,70.2,0.38,3,49,49,49,49,1.0,1.0
kitti_mini,000049,ty,0.02,m,0,Car,vehicle,21.6,61.8,50.2,0.0,0,206,206,206,206,1.0,1.0
kitti_mini,000049,ty,0.02,m,1,Car,vehicle,14.3,189.7,84.1,0.0,0,930,930,930,930,1.0,1.0
kitti_mini,000049,ty,0.02,m,2,Car,vehicle,22.3,104.7,52.6,0.0,2,140,140,140,140,1.0,1.0
kitti_mini,000049,ty,0.02,m,3,Car,vehicle,25.2,101.9,44.7,0.0,2,79,79,79,79,1.0,1.0
kitti_mini,000049,ty,0.02,m,4,Car,vehicle,32.8,82.5,32.3,0.0,2,18,18,18,18,1.0,1.0
kitti_mini,000049,ty,0.02,m,5,Van,vehicle,45.9,70.5,36.7,0.0,3,79,79,79,79,1.0,1.0
kitti_mini,000049,ty,0.02,m,6,Pedestrian,pedestrian,5.5,144.3,185.9,0.29,3,719,719,680,680,0.9458,0.9458
kitti_mini,000049,ty,0.02,m,7,Car,vehicle,10.4,259.2,138.5,0.0,1,571,571,571,571,1.0,1.0
kitti_mini,000049,ty,0.02,m,8,Car,vehicle,15.4,132.1,78.2,0.0,1,432,432,432,432,1.0,1.0
kitti_mini,000049,ty,0.02,m,9,Car,vehicle,20.6,96.6,68.8,0.0,2,198,198,198,198,1.0,1.0
kitti_mini,000049,ty,0.02,m,10,Pedestrian,pedestrian,32.8,16.3,36.5,0.0,0,42,42,36,36,0.8571,0.8571
kitti_mini,000049,ty,0.02,m,11,Car,vehicle,33.2,105.5,40.7,0.0,2,74,74,74,74,1.0,1.0
kitti_mini,000049,ty,0.02,m,12,Car,vehicle,14.4,252.9,102.0,0.07,3,437,437,437,437,1.0,1.0
kitti_mini,000049,ty,0.02,m,13,Car,vehicle,19.0,147.9,66.9,0.0,1,312,312,312,312,1.0,1.0
kitti_mini,000049,ty,0.02,m,14,Car,vehicle,35.7,35.8,32.7,0.0,2,2,2,2,2,1.0,1.0
kitti_mini,000049,ty,0.02,m,15,Car,vehicle,23.2,91.6,53.2,0.0,2,8,8,8,8,1.0,1.0
kitti_mini,000049,ty,0.02,m,16,Van,vehicle,35.6,159.3,60.2,0.0,3,261,261,261,261,1.0,1.0
kitti_mini,000049,ty,0.02,m,17,Car,vehicle,22.4,111.6,70.2,0.38,3,49,49,49,49,1.0,1.0
kitti_mini,000049,ty,0.05,m,0,Car,vehicle,21.6,61.8,50.2,0.0,0,206,206,206,206,1.0,1.0
kitti_mini,000049,ty,0.05,m,1,Car,vehicle,14.3,189.7,84.1,0.0,0,930,930,930,930,1.0,1.0
kitti_mini,000049,ty,0.05,m,2,Car,vehicle,22.3,104.7,52.6,0.0,2,140,140,140,140,1.0,1.0
kitti_mini,000049,ty,0.05,m,3,Car,vehicle,25.2,101.9,44.7,0.0,2,79,79,79,79,1.0,1.0
kitti_mini,000049,ty,0.05,m,4,Car,vehicle,32.8,82.5,32.3,0.0,2,18,18,18,18,1.0,1.0
kitti_mini,000049,ty,0.05,m,5,Van,vehicle,45.9,70.5,36.7,0.0,3,79,79,79,79,1.0,1.0
kitti_mini,000049,ty,0.05,m,6,Pedestrian,pedestrian,5.5,144.3,185.9,0.29,3,719,719,671,671,0.9332,0.9332
kitti_mini,000049,ty,0.05,m,7,Car,vehicle,10.4,259.2,138.5,0.0,1,571,571,571,571,1.0,1.0
kitti_mini,000049,ty,0.05,m,8,Car,vehicle,15.4,132.1,78.2,0.0,1,432,432,432,432,1.0,1.0
kitti_mini,000049,ty,0.05,m,9,Car,vehicle,20.6,96.6,68.8,0.0,2,198,198,198,198,1.0,1.0
kitti_mini,000049,ty,0.05,m,10,Pedestrian,pedestrian,32.8,16.3,36.5,0.0,0,42,42,36,36,0.8571,0.8571
kitti_mini,000049,ty,0.05,m,11,Car,vehicle,33.2,105.5,40.7,0.0,2,74,74,74,74,1.0,1.0
kitti_mini,000049,ty,0.05,m,12,Car,vehicle,14.4,252.9,102.0,0.07,3,437,437,437,437,1.0,1.0
kitti_mini,000049,ty,0.05,m,13,Car,vehicle,19.0,147.9,66.9,0.0,1,312,312,312,312,1.0,1.0
kitti_mini,000049,ty,0.05,m,14,Car,vehicle,35.7,35.8,32.7,0.0,2,2,2,2,2,1.0,1.0
kitti_mini,000049,ty,0.05,m,15,Car,vehicle,23.2,91.6,53.2,0.0,2,8,8,8,8,1.0,1.0
kitti_mini,000049,ty,0.05,m,16,Van,vehicle,35.6,159.3,60.2,0.0,3,261,261,261,261,1.0,1.0
kitti_mini,000049,ty,0.05,m,17,Car,vehicle,22.4,111.6,70.2,0.38,3,49,49,49,49,1.0,1.0
kitti_mini,000049,ty,0.1,m,0,Car,vehicle,21.6,61.8,50.2,0.0,0,206,206,200,200,0.9709,0.9709
kitti_mini,000049,ty,0.1,m,1,Car,vehicle,14.3,189.7,84.1,0.0,0,930,930,927,927,0.9968,0.9968
kitti_mini,000049,ty,0.1,m,2,Car,vehicle,22.3,104.7,52.6,0.0,2,140,140,140,140,1.0,1.0
kitti_mini,000049,ty,0.1,m,3,Car,vehicle,25.2,101.9,44.7,0.0,2,79,79,79,79,1.0,1.0
kitti_mini,000049,ty,0.1,m,4,Car,vehicle,32.8,82.5,32.3,0.0,2,18,18,18,18,1.0,1.0
kitti_mini,000049,ty,0.1,m,5,Van,vehicle,45.9,70.5,36.7,0.0,3,79,79,79,79,1.0,1.0
kitti_mini,000049,ty,0.1,m,6,Pedestrian,pedestrian,5.5,144.3,185.9,0.29,3,719,719,650,650,0.904,0.904
kitti_mini,000049,ty,0.1,m,7,Car,vehicle,10.4,259.2,138.5,0.0,1,571,571,568,568,0.9947,0.9947
kitti_mini,000049,ty,0.1,m,8,Car,vehicle,15.4,132.1,78.2,0.0,1,432,432,432,432,1.0,1.0
kitti_mini,000049,ty,0.1,m,9,Car,vehicle,20.6,96.6,68.8,0.0,2,198,198,198,198,1.0,1.0
kitti_mini,000049,ty,0.1,m,10,Pedestrian,pedestrian,32.8,16.3,36.5,0.0,0,42,42,35,35,0.8333,0.8333
kitti_mini,000049,ty,0.1,m,11,Car,vehicle,33.2,105.5,40.7,0.0,2,74,74,74,74,1.0,1.0
kitti_mini,000049,ty,0.1,m,12,Car,vehicle,14.4,252.9,102.0,0.07,3,437,437,437,437,1.0,1.0
kitti_mini,000049,ty,0.1,m,13,Car,vehicle,19.0,147.9,66.9,0.0,1,312,312,312,312,1.0,1.0
kitti_mini,000049,ty,0.1,m,14,Car,vehicle,35.7,35.8,32.7,0.0,2,2,2,2,2,1.0,1.0
kitti_mini,000049,ty,0.1,m,15,Car,vehicle,23.2,91.6,53.2,0.0,2,8,8,8,8,1.0,1.0
kitti_mini,000049,ty,0.1,m,16,Van,vehicle,35.6,159.3,60.2,0.0,3,261,261,261,261,1.0,1.0
kitti_mini,000049,ty,0.1,m,17,Car,vehicle,22.4,111.6,70.2,0.38,3,49,49,49,49,1.0,1.0
kitti_mini,000049,ty,0.2,m,0,Car,vehicle,21.6,61.8,50.2,0.0,0,206,206,187,187,0.9078,0.9078
kitti_mini,000049,ty,0.2,m,1,Car,vehicle,14.3,189.7,84.1,0.0,0,930,930,919,919,0.9882,0.9882
kitti_mini,000049,ty,0.2,m,2,Car,vehicle,22.3,104.7,52.6,0.0,2,140,140,140,140,1.0,1.0
kitti_mini,000049,ty,0.2,m,3,Car,vehicle,25.2,101.9,44.7,0.0,2,79,79,79,79,1.0,1.0
kitti_mini,000049,ty,0.2,m,4,Car,vehicle,32.8,82.5,32.3,0.0,2,18,18,18,18,1.0,1.0
kitti_mini,000049,ty,0.2,m,5,Van,vehicle,45.9,70.5,36.7,0.0,3,79,79,79,79,1.0,1.0
kitti_mini,000049,ty,0.2,m,6,Pedestrian,pedestrian,5.5,144.3,185.9,0.29,3,719,718,574,574,0.7983,0.7994
kitti_mini,000049,ty,0.2,m,7,Car,vehicle,10.4,259.2,138.5,0.0,1,571,571,543,543,0.951,0.951
kitti_mini,000049,ty,0.2,m,8,Car,vehicle,15.4,132.1,78.2,0.0,1,432,432,418,418,0.9676,0.9676
kitti_mini,000049,ty,0.2,m,9,Car,vehicle,20.6,96.6,68.8,0.0,2,198,198,195,195,0.9848,0.9848
kitti_mini,000049,ty,0.2,m,10,Pedestrian,pedestrian,32.8,16.3,36.5,0.0,0,42,42,28,28,0.6667,0.6667
kitti_mini,000049,ty,0.2,m,11,Car,vehicle,33.2,105.5,40.7,0.0,2,74,74,74,74,1.0,1.0
kitti_mini,000049,ty,0.2,m,12,Car,vehicle,14.4,252.9,102.0,0.07,3,437,437,437,437,1.0,1.0
kitti_mini,000049,ty,0.2,m,13,Car,vehicle,19.0,147.9,66.9,0.0,1,312,312,312,312,1.0,1.0
kitti_mini,000049,ty,0.2,m,14,Car,vehicle,35.7,35.8,32.7,0.0,2,2,2,2,2,1.0,1.0
kitti_mini,000049,ty,0.2,m,15,Car,vehicle,23.2,91.6,53.2,0.0,2,8,8,8,8,1.0,1.0
kitti_mini,000049,ty,0.2,m,16,Van,vehicle,35.6,159.3,60.2,0.0,3,261,261,257,257,0.9847,0.9847
kitti_mini,000049,ty,0.2,m,17,Car,vehicle,22.4,111.6,70.2,0.38,3,49,48,48,48,0.9796,1.0
kitti_mini,000049,tz,0.0,m,0,Car,vehicle,21.6,61.8,50.2,0.0,0,206,206,206,206,1.0,1.0
kitti_mini,000049,tz,0.0,m,1,Car,vehicle,14.3,189.7,84.1,0.0,0,930,930,930,930,1.0,1.0
kitti_mini,000049,tz,0.0,m,2,Car,vehicle,22.3,104.7,52.6,0.0,2,140,140,140,140,1.0,1.0
kitti_mini,000049,tz,0.0,m,3,Car,vehicle,25.2,101.9,44.7,0.0,2,79,79,79,79,1.0,1.0
kitti_mini,000049,tz,0.0,m,4,Car,vehicle,32.8,82.5,32.3,0.0,2,18,18,18,18,1.0,1.0
kitti_mini,000049,tz,0.0,m,5,Van,vehicle,45.9,70.5,36.7,0.0,3,79,79,79,79,1.0,1.0
kitti_mini,000049,tz,0.0,m,6,Pedestrian,pedestrian,5.5,144.3,185.9,0.29,3,719,719,690,690,0.9597,0.9597
kitti_mini,000049,tz,0.0,m,7,Car,vehicle,10.4,259.2,138.5,0.0,1,571,571,571,571,1.0,1.0
kitti_mini,000049,tz,0.0,m,8,Car,vehicle,15.4,132.1,78.2,0.0,1,432,432,432,432,1.0,1.0
kitti_mini,000049,tz,0.0,m,9,Car,vehicle,20.6,96.6,68.8,0.0,2,198,198,198,198,1.0,1.0
kitti_mini,000049,tz,0.0,m,10,Pedestrian,pedestrian,32.8,16.3,36.5,0.0,0,42,42,37,37,0.881,0.881
kitti_mini,000049,tz,0.0,m,11,Car,vehicle,33.2,105.5,40.7,0.0,2,74,74,74,74,1.0,1.0
kitti_mini,000049,tz,0.0,m,12,Car,vehicle,14.4,252.9,102.0,0.07,3,437,437,437,437,1.0,1.0
kitti_mini,000049,tz,0.0,m,13,Car,vehicle,19.0,147.9,66.9,0.0,1,312,312,312,312,1.0,1.0
kitti_mini,000049,tz,0.0,m,14,Car,vehicle,35.7,35.8,32.7,0.0,2,2,2,2,2,1.0,1.0
kitti_mini,000049,tz,0.0,m,15,Car,vehicle,23.2,91.6,53.2,0.0,2,8,8,8,8,1.0,1.0
kitti_mini,000049,tz,0.0,m,16,Van,vehicle,35.6,159.3,60.2,0.0,3,261,261,261,261,1.0,1.0
kitti_mini,000049,tz,0.0,m,17,Car,vehicle,22.4,111.6,70.2,0.38,3,49,49,49,49,1.0,1.0
kitti_mini,000049,tz,0.02,m,0,Car,vehicle,21.6,61.8,50.2,0.0,0,206,206,206,206,1.0,1.0
kitti_mini,000049,tz,0.02,m,1,Car,vehicle,14.3,189.7,84.1,0.0,0,930,930,930,930,1.0,1.0
kitti_mini,000049,tz,0.02,m,2,Car,vehicle,22.3,104.7,52.6,0.0,2,140,140,140,140,1.0,1.0
kitti_mini,000049,tz,0.02,m,3,Car,vehicle,25.2,101.9,44.7,0.0,2,79,79,79,79,1.0,1.0
kitti_mini,000049,tz,0.02,m,4,Car,vehicle,32.8,82.5,32.3,0.0,2,18,18,18,18,1.0,1.0
kitti_mini,000049,tz,0.02,m,5,Van,vehicle,45.9,70.5,36.7,0.0,3,79,79,79,79,1.0,1.0
kitti_mini,000049,tz,0.02,m,6,Pedestrian,pedestrian,5.5,144.3,185.9,0.29,3,719,723,693,697,0.9638,0.964
kitti_mini,000049,tz,0.02,m,7,Car,vehicle,10.4,259.2,138.5,0.0,1,571,571,571,571,1.0,1.0
kitti_mini,000049,tz,0.02,m,8,Car,vehicle,15.4,132.1,78.2,0.0,1,432,432,432,432,1.0,1.0
kitti_mini,000049,tz,0.02,m,9,Car,vehicle,20.6,96.6,68.8,0.0,2,198,198,198,198,1.0,1.0
kitti_mini,000049,tz,0.02,m,10,Pedestrian,pedestrian,32.8,16.3,36.5,0.0,0,42,42,37,37,0.881,0.881
kitti_mini,000049,tz,0.02,m,11,Car,vehicle,33.2,105.5,40.7,0.0,2,74,74,74,74,1.0,1.0
kitti_mini,000049,tz,0.02,m,12,Car,vehicle,14.4,252.9,102.0,0.07,3,437,437,437,437,1.0,1.0
kitti_mini,000049,tz,0.02,m,13,Car,vehicle,19.0,147.9,66.9,0.0,1,312,312,312,312,1.0,1.0
kitti_mini,000049,tz,0.02,m,14,Car,vehicle,35.7,35.8,32.7,0.0,2,2,2,2,2,1.0,1.0
kitti_mini,000049,tz,0.02,m,15,Car,vehicle,23.2,91.6,53.2,0.0,2,8,8,8,8,1.0,1.0
kitti_mini,000049,tz,0.02,m,16,Van,vehicle,35.6,159.3,60.2,0.0,3,261,261,261,261,1.0,1.0
kitti_mini,000049,tz,0.02,m,17,Car,vehicle,22.4,111.6,70.2,0.38,3,49,49,49,49,1.0,1.0
kitti_mini,000049,tz,0.05,m,0,Car,vehicle,21.6,61.8,50.2,0.0,0,206,206,206,206,1.0,1.0
kitti_mini,000049,tz,0.05,m,1,Car,vehicle,14.3,189.7,84.1,0.0,0,930,930,930,930,1.0,1.0
kitti_mini,000049,tz,0.05,m,2,Car,vehicle,22.3,104.7,52.6,0.0,2,140,140,140,140,1.0,1.0
kitti_mini,000049,tz,0.05,m,3,Car,vehicle,25.2,101.9,44.7,0.0,2,79,79,63,63,0.7975,0.7975
kitti_mini,000049,tz,0.05,m,4,Car,vehicle,32.8,82.5,32.3,0.0,2,18,18,18,18,1.0,1.0
kitti_mini,000049,tz,0.05,m,5,Van,vehicle,45.9,70.5,36.7,0.0,3,79,79,79,79,1.0,1.0
kitti_mini,000049,tz,0.05,m,6,Pedestrian,pedestrian,5.5,144.3,185.9,0.29,3,719,732,693,704,0.9638,0.9617
kitti_mini,000049,tz,0.05,m,7,Car,vehicle,10.4,259.2,138.5,0.0,1,571,571,571,571,1.0,1.0
kitti_mini,000049,tz,0.05,m,8,Car,vehicle,15.4,132.1,78.2,0.0,1,432,432,432,432,1.0,1.0
kitti_mini,000049,tz,0.05,m,9,Car,vehicle,20.6,96.6,68.8,0.0,2,198,198,198,198,1.0,1.0
kitti_mini,000049,tz,0.05,m,10,Pedestrian,pedestrian,32.8,16.3,36.5,0.0,0,42,42,35,35,0.8333,0.8333
kitti_mini,000049,tz,0.05,m,11,Car,vehicle,33.2,105.5,40.7,0.0,2,74,74,74,74,1.0,1.0
kitti_mini,000049,tz,0.05,m,12,Car,vehicle,14.4,252.9,102.0,0.07,3,437,437,414,414,0.9474,0.9474
kitti_mini,000049,tz,0.05,m,13,Car,vehicle,19.0,147.9,66.9,0.0,1,312,312,312,312,1.0,1.0
kitti_mini,000049,tz,0.05,m,14,Car,vehicle,35.7,35.8,32.7,0.0,2,2,2,2,2,1.0,1.0
kitti_mini,000049,tz,0.05,m,15,Car,vehicle,23.2,91.6,53.2,0.0,2,8,8,8,8,1.0,1.0
kitti_mini,000049,tz,0.05,m,16,Van,vehicle,35.6,159.3,60.2,0.0,3,261,261,261,261,1.0,1.0
kitti_mini,000049,tz,0.05,m,17,Car,vehicle,22.4,111.6,70.2,0.38,3,49,49,49,49,1.0,1.0
kitti_mini,000049,tz,0.1,m,0,Car,vehicle,21.6,61.8,50.2,0.0,0,206,206,198,198,0.9612,0.9612
kitti_mini,000049,tz,0.1,m,1,Car,vehicle,14.3,189.7,84.1,0.0,0,930,930,891,891,0.9581,0.9581
kitti_mini,000049,tz,0.1,m,2,Car,vehicle,22.3,104.7,52.6,0.0,2,140,140,120,120,0.8571,0.8571
kitti_mini,000049,tz,0.1,m,3,Car,vehicle,25.2,101.9,44.7,0.0,2,79,79,63,63,0.7975,0.7975
kitti_mini,000049,tz,0.1,m,4,Car,vehicle,32.8,82.5,32.3,0.0,2,18,18,18,18,1.0,1.0
kitti_mini,000049,tz,0.1,m,5,Van,vehicle,45.9,70.5,36.7,0.0,3,79,79,79,79,1.0,1.0
kitti_mini,000049,tz,0.1,m,6,Pedestrian,pedestrian,5.5,144.3,185.9,0.29,3,719,751,687,718,0.9555,0.9561
kitti_mini,000049,tz,0.1,m,7,Car,vehicle,10.4,259.2,138.5,0.0,1,571,571,544,544,0.9527,0.9527
kitti_mini,000049,tz,0.1,m,8,Car,vehicle,15.4,132.1,78.2,0.0,1,432,432,405,405,0.9375,0.9375
kitti_mini,000049,tz,0.1,m,9,Car,vehicle,20.6,96.6,68.8,0.0,2,198,198,198,198,1.0,1.0
kitti_mini,000049,tz,0.1,m,10,Pedestrian,pedestrian,32.8,16.3,36.5,0.0,0,42,42,35,35,0.8333,0.8333
kitti_mini,000049,tz,0.1,m,11,Car,vehicle,33.2,105.5,40.7,0.0,2,74,74,60,60,0.8108,0.8108
kitti_mini,000049,tz,0.1,m,12,Car,vehicle,14.4,252.9,102.0,0.07,3,437,437,412,412,0.9428,0.9428
kitti_mini,000049,tz,0.1,m,13,Car,vehicle,19.0,147.9,66.9,0.0,1,312,312,282,282,0.9038,0.9038
kitti_mini,000049,tz,0.1,m,14,Car,vehicle,35.7,35.8,32.7,0.0,2,2,2,2,2,1.0,1.0
kitti_mini,000049,tz,0.1,m,15,Car,vehicle,23.2,91.6,53.2,0.0,2,8,8,8,8,1.0,1.0
kitti_mini,000049,tz,0.1,m,16,Van,vehicle,35.6,159.3,60.2,0.0,3,261,261,254,254,0.9732,0.9732
kitti_mini,000049,tz,0.1,m,17,Car,vehicle,22.4,111.6,70.2,0.38,3,49,49,49,49,1.0,1.0
kitti_mini,000049,tz,0.2,m,0,Car,vehicle,21.6,61.8,50.2,0.0,0,206,206,187,187,0.9078,0.9078
kitti_mini,000049,tz,0.2,m,1,Car,vehicle,14.3,189.7,84.1,0.0,0,930,930,842,842,0.9054,0.9054
kitti_mini,000049,tz,0.2,m,2,Car,vehicle,22.3,104.7,52.6,0.0,2,140,140,113,113,0.8071,0.8071
kitti_mini,000049,tz,0.2,m,3,Car,vehicle,25.2,101.9,44.7,0.0,2,79,79,60,60,0.7595,0.7595
kitti_mini,000049,tz,0.2,m,4,Car,vehicle,32.8,82.5,32.3,0.0,2,18,18,18,18,1.0,1.0
kitti_mini,000049,tz,0.2,m,5,Van,vehicle,45.9,70.5,36.7,0.0,3,79,79,67,67,0.8481,0.8481
kitti_mini,000049,tz,0.2,m,6,Pedestrian,pedestrian,5.5,144.3,185.9,0.29,3,719,789,653,722,0.9082,0.9151
kitti_mini,000049,tz,0.2,m,7,Car,vehicle,10.4,259.2,138.5,0.0,1,571,571,492,492,0.8616,0.8616
kitti_mini,000049,tz,0.2,m,8,Car,vehicle,15.4,132.1,78.2,0.0,1,432,432,374,374,0.8657,0.8657
kitti_mini,000049,tz,0.2,m,9,Car,vehicle,20.6,96.6,68.8,0.0,2,198,198,182,182,0.9192,0.9192
kitti_mini,000049,tz,0.2,m,10,Pedestrian,pedestrian,32.8,16.3,36.5,0.0,0,42,42,35,35,0.8333,0.8333
kitti_mini,000049,tz,0.2,m,11,Car,vehicle,33.2,105.5,40.7,0.0,2,74,74,60,60,0.8108,0.8108
kitti_mini,000049,tz,0.2,m,12,Car,vehicle,14.4,252.9,102.0,0.07,3,437,437,394,394,0.9016,0.9016
kitti_mini,000049,tz,0.2,m,13,Car,vehicle,19.0,147.9,66.9,0.0,1,312,312,278,278,0.891,0.891
kitti_mini,000049,tz,0.2,m,14,Car,vehicle,35.7,35.8,32.7,0.0,2,2,2,1,1,0.5,0.5
kitti_mini,000049,tz,0.2,m,15,Car,vehicle,23.2,91.6,53.2,0.0,2,8,8,7,7,0.875,0.875
kitti_mini,000049,tz,0.2,m,16,Van,vehicle,35.6,159.3,60.2,0.0,3,261,261,218,218,0.8352,0.8352
kitti_mini,000049,tz,0.2,m,17,Car,vehicle,22.4,111.6,70.2,0.38,3,49,49,35,35,0.7143,0.7143
kitti_mini,000061,roll,0.0,deg,0,Van,vehicle,18.8,186.7,144.3,0.05,3,989,989,989,989,1.0,1.0
kitti_mini,000061,roll,0.0,deg,1,Car,vehicle,14.7,41.3,115.8,0.79,3,108,108,108,108,1.0,1.0
kitti_mini,000061,roll,0.0,deg,2,Car,vehicle,40.9,42.5,36.4,0.0,2,6,6,6,6,1.0,1.0
kitti_mini,000061,roll,0.0,deg,3,Car,vehicle,21.1,93.9,79.5,0.14,1,145,145,145,145,1.0,1.0
kitti_mini,000061,roll,0.0,deg,5,Van,vehicle,43.7,39.6,46.2,0.0,3,14,14,14,14,1.0,1.0
kitti_mini,000061,roll,0.5,deg,0,Van,vehicle,18.8,186.7,144.3,0.05,3,989,989,986,986,0.997,0.997
kitti_mini,000061,roll,0.5,deg,1,Car,vehicle,14.7,41.3,115.8,0.79,3,108,107,107,107,0.9907,1.0
kitti_mini,000061,roll,0.5,deg,2,Car,vehicle,40.9,42.5,36.4,0.0,2,6,6,6,6,1.0,1.0
kitti_mini,000061,roll,0.5,deg,3,Car,vehicle,21.1,93.9,79.5,0.14,1,145,145,145,145,1.0,1.0
kitti_mini,000061,roll,0.5,deg,5,Van,vehicle,43.7,39.6,46.2,0.0,3,14,14,14,14,1.0,1.0
kitti_mini,000061,roll,1.0,deg,0,Van,vehicle,18.8,186.7,144.3,0.05,3,989,989,977,977,0.9879,0.9879
kitti_mini,000061,roll,1.0,deg,1,Car,vehicle,14.7,41.3,115.8,0.79,3,108,102,102,102,0.9444,1.0
kitti_mini,000061,roll,1.0,deg,2,Car,vehicle,40.9,42.5,36.4,0.0,2,6,6,6,6,1.0,1.0
kitti_mini,000061,roll,1.0,deg,3,Car,vehicle,21.1,93.9,79.5,0.14,1,145,145,132,132,0.9103,0.9103
kitti_mini,000061,roll,1.0,deg,5,Van,vehicle,43.7,39.6,46.2,0.0,3,14,14,13,13,0.9286,0.9286
kitti_mini,000061,roll,2.0,deg,0,Van,vehicle,18.8,186.7,144.3,0.05,3,989,989,914,914,0.9242,0.9242
kitti_mini,000061,roll,2.0,deg,1,Car,vehicle,14.7,41.3,115.8,0.79,3,108,98,89,89,0.8241,0.9082
kitti_mini,000061,roll,2.0,deg,2,Car,vehicle,40.9,42.5,36.4,0.0,2,6,6,6,6,1.0,1.0
kitti_mini,000061,roll,2.0,deg,3,Car,vehicle,21.1,93.9,79.5,0.14,1,145,145,122,122,0.8414,0.8414
kitti_mini,000061,roll,2.0,deg,5,Van,vehicle,43.7,39.6,46.2,0.0,3,14,14,13,13,0.9286,0.9286
kitti_mini,000061,roll,3.0,deg,0,Van,vehicle,18.8,186.7,144.3,0.05,3,989,989,829,829,0.8382,0.8382
kitti_mini,000061,roll,3.0,deg,1,Car,vehicle,14.7,41.3,115.8,0.79,3,108,95,77,77,0.713,0.8105
kitti_mini,000061,roll,3.0,deg,2,Car,vehicle,40.9,42.5,36.4,0.0,2,6,6,3,3,0.5,0.5
kitti_mini,000061,roll,3.0,deg,3,Car,vehicle,21.1,93.9,79.5,0.14,1,145,145,100,100,0.6897,0.6897
kitti_mini,000061,roll,3.0,deg,5,Van,vehicle,43.7,39.6,46.2,0.0,3,14,14,13,13,0.9286,0.9286
kitti_mini,000061,pitch,0.0,deg,0,Van,vehicle,18.8,186.7,144.3,0.05,3,989,989,989,989,1.0,1.0
kitti_mini,000061,pitch,0.0,deg,1,Car,vehicle,14.7,41.3,115.8,0.79,3,108,108,108,108,1.0,1.0
kitti_mini,000061,pitch,0.0,deg,2,Car,vehicle,40.9,42.5,36.4,0.0,2,6,6,6,6,1.0,1.0
kitti_mini,000061,pitch,0.0,deg,3,Car,vehicle,21.1,93.9,79.5,0.14,1,145,145,145,145,1.0,1.0
kitti_mini,000061,pitch,0.0,deg,5,Van,vehicle,43.7,39.6,46.2,0.0,3,14,14,14,14,1.0,1.0
kitti_mini,000061,pitch,0.5,deg,0,Van,vehicle,18.8,186.7,144.3,0.05,3,989,989,985,985,0.996,0.996
kitti_mini,000061,pitch,0.5,deg,1,Car,vehicle,14.7,41.3,115.8,0.79,3,108,107,107,107,0.9907,1.0
kitti_mini,000061,pitch,0.5,deg,2,Car,vehicle,40.9,42.5,36.4,0.0,2,6,6,3,3,0.5,0.5
kitti_mini,000061,pitch,0.5,deg,3,Car,vehicle,21.1,93.9,79.5,0.14,1,145,145,145,145,1.0,1.0
kitti_mini,000061,pitch,0.5,deg,5,Van,vehicle,43.7,39.6,46.2,0.0,3,14,14,14,14,1.0,1.0
kitti_mini,000061,pitch,1.0,deg,0,Van,vehicle,18.8,186.7,144.3,0.05,3,989,989,949,949,0.9596,0.9596
kitti_mini,000061,pitch,1.0,deg,1,Car,vehicle,14.7,41.3,115.8,0.79,3,108,102,102,102,0.9444,1.0
kitti_mini,000061,pitch,1.0,deg,2,Car,vehicle,40.9,42.5,36.4,0.0,2,6,6,1,1,0.1667,0.1667
kitti_mini,000061,pitch,1.0,deg,3,Car,vehicle,21.1,93.9,79.5,0.14,1,145,145,131,131,0.9034,0.9034
kitti_mini,000061,pitch,1.0,deg,5,Van,vehicle,43.7,39.6,46.2,0.0,3,14,14,14,14,1.0,1.0
kitti_mini,000061,pitch,2.0,deg,0,Van,vehicle,18.8,186.7,144.3,0.05,3,989,987,849,849,0.8584,0.8602
kitti_mini,000061,pitch,2.0,deg,1,Car,vehicle,14.7,41.3,115.8,0.79,3,108,97,75,75,0.6944,0.7732
kitti_mini,000061,pitch,2.0,deg,2,Car,vehicle,40.9,42.5,36.4,0.0,2,6,6,0,0,0.0,0.0
kitti_mini,000061,pitch,2.0,deg,3,Car,vehicle,21.1,93.9,79.5,0.14,1,145,145,106,106,0.731,0.731
kitti_mini,000061,pitch,2.0,deg,5,Van,vehicle,43.7,39.6,46.2,0.0,3,14,14,0,0,0.0,0.0
kitti_mini,000061,pitch,3.0,deg,0,Van,vehicle,18.8,186.7,144.3,0.05,3,989,985,726,726,0.7341,0.7371
kitti_mini,000061,pitch,3.0,deg,1,Car,vehicle,14.7,41.3,115.8,0.79,3,108,91,57,57,0.5278,0.6264
kitti_mini,000061,pitch,3.0,deg,2,Car,vehicle,40.9,42.5,36.4,0.0,2,6,6,0,0,0.0,0.0
kitti_mini,000061,pitch,3.0,deg,3,Car,vehicle,21.1,93.9,79.5,0.14,1,145,145,80,80,0.5517,0.5517
kitti_mini,000061,pitch,3.0,deg,5,Van,vehicle,43.7,39.6,46.2,0.0,3,14,14,0,0,0.0,0.0
kitti_mini,000061,yaw,0.0,deg,0,Van,vehicle,18.8,186.7,144.3,0.05,3,989,989,989,989,1.0,1.0
kitti_mini,000061,yaw,0.0,deg,1,Car,vehicle,14.7,41.3,115.8,0.79,3,108,108,108,108,1.0,1.0
kitti_mini,000061,yaw,0.0,deg,2,Car,vehicle,40.9,42.5,36.4,0.0,2,6,6,6,6,1.0,1.0
kitti_mini,000061,yaw,0.0,deg,3,Car,vehicle,21.1,93.9,79.5,0.14,1,145,145,145,145,1.0,1.0
kitti_mini,000061,yaw,0.0,deg,5,Van,vehicle,43.7,39.6,46.2,0.0,3,14,14,14,14,1.0,1.0
kitti_mini,000061,yaw,0.5,deg,0,Van,vehicle,18.8,186.7,144.3,0.05,3,989,989,987,987,0.998,0.998
kitti_mini,000061,yaw,0.5,deg,1,Car,vehicle,14.7,41.3,115.8,0.79,3,108,73,73,73,0.6759,1.0
kitti_mini,000061,yaw,0.5,deg,2,Car,vehicle,40.9,42.5,36.4,0.0,2,6,6,6,6,1.0,1.0
kitti_mini,000061,yaw,0.5,deg,3,Car,vehicle,21.1,93.9,79.5,0.14,1,145,145,145,145,1.0,1.0
kitti_mini,000061,yaw,0.5,deg,5,Van,vehicle,43.7,39.6,46.2,0.0,3,14,14,11,11,0.7857,0.7857
kitti_mini,000061,yaw,1.0,deg,0,Van,vehicle,18.8,186.7,144.3,0.05,3,989,989,959,959,0.9697,0.9697
kitti_mini,000061,yaw,1.0,deg,1,Car,vehicle,14.7,41.3,115.8,0.79,3,108,34,34,34,0.3148,1.0
kitti_mini,000061,yaw,1.0,deg,2,Car,vehicle,40.9,42.5,36.4,0.0,2,6,6,4,4,0.6667,0.6667
kitti_mini,000061,yaw,1.0,deg,3,Car,vehicle,21.1,93.9,79.5,0.14,1,145,144,144,144,0.9931,1.0
kitti_mini,000061,yaw,1.0,deg,5,Van,vehicle,43.7,39.6,46.2,0.0,3,14,14,9,9,0.6429,0.6429
kitti_mini,000061,yaw,2.0,deg,0,Van,vehicle,18.8,186.7,144.3,0.05,3,989,989,855,855,0.8645,0.8645
kitti_mini,000061,yaw,2.0,deg,1,Car,vehicle,14.7,41.3,115.8,0.79,3,108,0,0,0,0.0,
kitti_mini,000061,yaw,2.0,deg,2,Car,vehicle,40.9,42.5,36.4,0.0,2,6,6,0,0,0.0,0.0
kitti_mini,000061,yaw,2.0,deg,3,Car,vehicle,21.1,93.9,79.5,0.14,1,145,121,121,121,0.8345,1.0
kitti_mini,000061,yaw,2.0,deg,5,Van,vehicle,43.7,39.6,46.2,0.0,3,14,14,5,5,0.3571,0.3571
kitti_mini,000061,yaw,3.0,deg,0,Van,vehicle,18.8,186.7,144.3,0.05,3,989,989,739,739,0.7472,0.7472
kitti_mini,000061,yaw,3.0,deg,1,Car,vehicle,14.7,41.3,115.8,0.79,3,108,0,0,0,0.0,
kitti_mini,000061,yaw,3.0,deg,2,Car,vehicle,40.9,42.5,36.4,0.0,2,6,6,0,0,0.0,0.0
kitti_mini,000061,yaw,3.0,deg,3,Car,vehicle,21.1,93.9,79.5,0.14,1,145,65,65,65,0.4483,1.0
kitti_mini,000061,yaw,3.0,deg,5,Van,vehicle,43.7,39.6,46.2,0.0,3,14,14,0,0,0.0,0.0
kitti_mini,000061,tx,0.0,m,0,Van,vehicle,18.8,186.7,144.3,0.05,3,989,989,989,989,1.0,1.0
kitti_mini,000061,tx,0.0,m,1,Car,vehicle,14.7,41.3,115.8,0.79,3,108,108,108,108,1.0,1.0
kitti_mini,000061,tx,0.0,m,2,Car,vehicle,40.9,42.5,36.4,0.0,2,6,6,6,6,1.0,1.0
kitti_mini,000061,tx,0.0,m,3,Car,vehicle,21.1,93.9,79.5,0.14,1,145,145,145,145,1.0,1.0
kitti_mini,000061,tx,0.0,m,5,Van,vehicle,43.7,39.6,46.2,0.0,3,14,14,14,14,1.0,1.0
kitti_mini,000061,tx,0.02,m,0,Van,vehicle,18.8,186.7,144.3,0.05,3,989,989,989,989,1.0,1.0
kitti_mini,000061,tx,0.02,m,1,Car,vehicle,14.7,41.3,115.8,0.79,3,108,113,108,113,1.0,1.0
kitti_mini,000061,tx,0.02,m,2,Car,vehicle,40.9,42.5,36.4,0.0,2,6,6,6,6,1.0,1.0
kitti_mini,000061,tx,0.02,m,3,Car,vehicle,21.1,93.9,79.5,0.14,1,145,145,145,145,1.0,1.0
kitti_mini,000061,tx,0.02,m,5,Van,vehicle,43.7,39.6,46.2,0.0,3,14,14,14,14,1.0,1.0
kitti_mini,000061,tx,0.05,m,0,Van,vehicle,18.8,186.7,144.3,0.05,3,989,989,989,989,1.0,1.0
kitti_mini,000061,tx,0.05,m,1,Car,vehicle,14.7,41.3,115.8,0.79,3,108,120,108,120,1.0,1.0
kitti_mini,000061,tx,0.05,m,2,Car,vehicle,40.9,42.5,36.4,0.0,2,6,6,6,6,1.0,1.0
kitti_mini,000061,tx,0.05,m,3,Car,vehicle,21.1,93.9,79.5,0.14,1,145,145,145,145,1.0,1.0
kitti_mini,000061,tx,0.05,m,5,Van,vehicle,43.7,39.6,46.2,0.0,3,14,14,14,14,1.0,1.0
kitti_mini,000061,tx,0.1,m,0,Van,vehicle,18.8,186.7,144.3,0.05,3,989,989,989,989,1.0,1.0
kitti_mini,000061,tx,0.1,m,1,Car,vehicle,14.7,41.3,115.8,0.79,3,108,128,107,127,0.9907,0.9922
kitti_mini,000061,tx,0.1,m,2,Car,vehicle,40.9,42.5,36.4,0.0,2,6,6,6,6,1.0,1.0
kitti_mini,000061,tx,0.1,m,3,Car,vehicle,21.1,93.9,79.5,0.14,1,145,145,145,145,1.0,1.0
kitti_mini,000061,tx,0.1,m,5,Van,vehicle,43.7,39.6,46.2,0.0,3,14,14,14,14,1.0,1.0
kitti_mini,000061,tx,0.2,m,0,Van,vehicle,18.8,186.7,144.3,0.05,3,989,989,989,989,1.0,1.0
kitti_mini,000061,tx,0.2,m,1,Car,vehicle,14.7,41.3,115.8,0.79,3,108,150,101,143,0.9352,0.9533
kitti_mini,000061,tx,0.2,m,2,Car,vehicle,40.9,42.5,36.4,0.0,2,6,6,6,6,1.0,1.0
kitti_mini,000061,tx,0.2,m,3,Car,vehicle,21.1,93.9,79.5,0.14,1,145,145,145,145,1.0,1.0
kitti_mini,000061,tx,0.2,m,5,Van,vehicle,43.7,39.6,46.2,0.0,3,14,14,14,14,1.0,1.0
kitti_mini,000061,ty,0.0,m,0,Van,vehicle,18.8,186.7,144.3,0.05,3,989,989,989,989,1.0,1.0
kitti_mini,000061,ty,0.0,m,1,Car,vehicle,14.7,41.3,115.8,0.79,3,108,108,108,108,1.0,1.0
kitti_mini,000061,ty,0.0,m,2,Car,vehicle,40.9,42.5,36.4,0.0,2,6,6,6,6,1.0,1.0
kitti_mini,000061,ty,0.0,m,3,Car,vehicle,21.1,93.9,79.5,0.14,1,145,145,145,145,1.0,1.0
kitti_mini,000061,ty,0.0,m,5,Van,vehicle,43.7,39.6,46.2,0.0,3,14,14,14,14,1.0,1.0
kitti_mini,000061,ty,0.02,m,0,Van,vehicle,18.8,186.7,144.3,0.05,3,989,989,989,989,1.0,1.0
kitti_mini,000061,ty,0.02,m,1,Car,vehicle,14.7,41.3,115.8,0.79,3,108,103,103,103,0.9537,1.0
kitti_mini,000061,ty,0.02,m,2,Car,vehicle,40.9,42.5,36.4,0.0,2,6,6,6,6,1.0,1.0
kitti_mini,000061,ty,0.02,m,3,Car,vehicle,21.1,93.9,79.5,0.14,1,145,145,145,145,1.0,1.0
kitti_mini,000061,ty,0.02,m,5,Van,vehicle,43.7,39.6,46.2,0.0,3,14,14,14,14,1.0,1.0
kitti_mini,000061,ty,0.05,m,0,Van,vehicle,18.8,186.7,144.3,0.05,3,989,989,989,989,1.0,1.0
kitti_mini,000061,ty,0.05,m,1,Car,vehicle,14.7,41.3,115.8,0.79,3,108,96,96,96,0.8889,1.0
kitti_mini,000061,ty,0.05,m,2,Car,vehicle,40.9,42.5,36.4,0.0,2,6,6,6,6,1.0,1.0
kitti_mini,000061,ty,0.05,m,3,Car,vehicle,21.1,93.9,79.5,0.14,1,145,145,145,145,1.0,1.0
kitti_mini,000061,ty,0.05,m,5,Van,vehicle,43.7,39.6,46.2,0.0,3,14,14,14,14,1.0,1.0
kitti_mini,000061,ty,0.1,m,0,Van,vehicle,18.8,186.7,144.3,0.05,3,989,989,989,989,1.0,1.0
kitti_mini,000061,ty,0.1,m,1,Car,vehicle,14.7,41.3,115.8,0.79,3,108,85,85,85,0.787,1.0
kitti_mini,000061,ty,0.1,m,2,Car,vehicle,40.9,42.5,36.4,0.0,2,6,6,6,6,1.0,1.0
kitti_mini,000061,ty,0.1,m,3,Car,vehicle,21.1,93.9,79.5,0.14,1,145,145,145,145,1.0,1.0
kitti_mini,000061,ty,0.1,m,5,Van,vehicle,43.7,39.6,46.2,0.0,3,14,14,14,14,1.0,1.0
kitti_mini,000061,ty,0.2,m,0,Van,vehicle,18.8,186.7,144.3,0.05,3,989,989,987,987,0.998,0.998
kitti_mini,000061,ty,0.2,m,1,Car,vehicle,14.7,41.3,115.8,0.79,3,108,62,62,62,0.5741,1.0
kitti_mini,000061,ty,0.2,m,2,Car,vehicle,40.9,42.5,36.4,0.0,2,6,6,6,6,1.0,1.0
kitti_mini,000061,ty,0.2,m,3,Car,vehicle,21.1,93.9,79.5,0.14,1,145,145,145,145,1.0,1.0
kitti_mini,000061,ty,0.2,m,5,Van,vehicle,43.7,39.6,46.2,0.0,3,14,14,13,13,0.9286,0.9286
kitti_mini,000061,tz,0.0,m,0,Van,vehicle,18.8,186.7,144.3,0.05,3,989,989,989,989,1.0,1.0
kitti_mini,000061,tz,0.0,m,1,Car,vehicle,14.7,41.3,115.8,0.79,3,108,108,108,108,1.0,1.0
kitti_mini,000061,tz,0.0,m,2,Car,vehicle,40.9,42.5,36.4,0.0,2,6,6,6,6,1.0,1.0
kitti_mini,000061,tz,0.0,m,3,Car,vehicle,21.1,93.9,79.5,0.14,1,145,145,145,145,1.0,1.0
kitti_mini,000061,tz,0.0,m,5,Van,vehicle,43.7,39.6,46.2,0.0,3,14,14,14,14,1.0,1.0
kitti_mini,000061,tz,0.02,m,0,Van,vehicle,18.8,186.7,144.3,0.05,3,989,989,989,989,1.0,1.0
kitti_mini,000061,tz,0.02,m,1,Car,vehicle,14.7,41.3,115.8,0.79,3,108,108,108,108,1.0,1.0
kitti_mini,000061,tz,0.02,m,2,Car,vehicle,40.9,42.5,36.4,0.0,2,6,6,6,6,1.0,1.0
kitti_mini,000061,tz,0.02,m,3,Car,vehicle,21.1,93.9,79.5,0.14,1,145,145,145,145,1.0,1.0
kitti_mini,000061,tz,0.02,m,5,Van,vehicle,43.7,39.6,46.2,0.0,3,14,14,14,14,1.0,1.0
kitti_mini,000061,tz,0.05,m,0,Van,vehicle,18.8,186.7,144.3,0.05,3,989,989,989,989,1.0,1.0
kitti_mini,000061,tz,0.05,m,1,Car,vehicle,14.7,41.3,115.8,0.79,3,108,108,108,108,1.0,1.0
kitti_mini,000061,tz,0.05,m,2,Car,vehicle,40.9,42.5,36.4,0.0,2,6,6,6,6,1.0,1.0
kitti_mini,000061,tz,0.05,m,3,Car,vehicle,21.1,93.9,79.5,0.14,1,145,145,145,145,1.0,1.0
kitti_mini,000061,tz,0.05,m,5,Van,vehicle,43.7,39.6,46.2,0.0,3,14,14,14,14,1.0,1.0
kitti_mini,000061,tz,0.1,m,0,Van,vehicle,18.8,186.7,144.3,0.05,3,989,989,989,989,1.0,1.0
kitti_mini,000061,tz,0.1,m,1,Car,vehicle,14.7,41.3,115.8,0.79,3,108,108,108,108,1.0,1.0
kitti_mini,000061,tz,0.1,m,2,Car,vehicle,40.9,42.5,36.4,0.0,2,6,6,6,6,1.0,1.0
kitti_mini,000061,tz,0.1,m,3,Car,vehicle,21.1,93.9,79.5,0.14,1,145,145,145,145,1.0,1.0
kitti_mini,000061,tz,0.1,m,5,Van,vehicle,43.7,39.6,46.2,0.0,3,14,14,14,14,1.0,1.0
kitti_mini,000061,tz,0.2,m,0,Van,vehicle,18.8,186.7,144.3,0.05,3,989,989,989,989,1.0,1.0
kitti_mini,000061,tz,0.2,m,1,Car,vehicle,14.7,41.3,115.8,0.79,3,108,108,105,105,0.9722,0.9722
kitti_mini,000061,tz,0.2,m,2,Car,vehicle,40.9,42.5,36.4,0.0,2,6,6,6,6,1.0,1.0
kitti_mini,000061,tz,0.2,m,3,Car,vehicle,21.1,93.9,79.5,0.14,1,145,145,137,137,0.9448,0.9448
kitti_mini,000061,tz,0.2,m,5,Van,vehicle,43.7,39.6,46.2,0.0,3,14,14,14,14,1.0,1.0
