dataset,frame,axis,level,unit,obj_id,type,group,distance_m,bbox_w_px,bbox_h_px,truncated,occluded,n_points_fixed,n_points_template,hits_fixed,hits_template,hit_ratio_fixed,hit_ratio_template
nuscenes_mini_subset,scene-0103_000,yaw,0.0,deg,0,Pedestrian,pedestrian,37.0,29.5,62.6,0.0,2,1,1,1,1,1.0,1.0
nuscenes_mini_subset,scene-0103_000,yaw,0.0,deg,1,Pedestrian,pedestrian,18.3,70.5,148.4,0.0,0,8,8,8,8,1.0,1.0
nuscenes_mini_subset,scene-0103_000,yaw,0.0,deg,2,Pedestrian,pedestrian,30.7,41.8,87.3,0.0,0,5,5,5,5,1.0,1.0
nuscenes_mini_subset,scene-0103_000,yaw,0.0,deg,3,Car,vehicle,42.7,91.4,49.0,0.0,0,4,4,4,4,1.0,1.0
nuscenes_mini_subset,scene-0103_000,yaw,0.0,deg,4,Pedestrian,pedestrian,20.6,64.2,121.7,0.0,0,9,9,9,9,1.0,1.0
nuscenes_mini_subset,scene-0103_000,yaw,0.0,deg,5,Pedestrian,pedestrian,28.4,42.9,91.8,0.0,0,5,5,5,5,1.0,1.0
nuscenes_mini_subset,scene-0103_000,yaw,0.0,deg,6,Pedestrian,pedestrian,38.4,24.2,57.4,0.0,0,2,2,2,2,1.0,1.0
nuscenes_mini_subset,scene-0103_000,yaw,0.0,deg,7,Pedestrian,pedestrian,39.4,17.2,63.5,0.0,2,1,1,1,1,1.0,1.0
nuscenes_mini_subset,scene-0103_000,yaw,0.0,deg,8,Pedestrian,pedestrian,31.7,38.8,76.9,0.0,0,4,4,4,4,1.0,1.0
nuscenes_mini_subset,scene-0103_000,yaw,0.0,deg,9,Car,vehicle,72.8,39.3,28.4,0.0,0,1,1,1,1,1.0,1.0
nuscenes_mini_subset,scene-0103_000,yaw,0.0,deg,10,Pedestrian,pedestrian,53.6,14.0,40.6,0.0,0,1,1,1,1,1.0,1.0
nuscenes_mini_subset,scene-0103_000,yaw,0.0,deg,11,Pedestrian,pedestrian,55.1,20.6,44.3,0.0,0,1,1,1,1,1.0,1.0
nuscenes_mini_subset,scene-0103_000,yaw,0.0,deg,12,Pedestrian,pedestrian,30.2,52.1,71.6,0.0,2,3,3,3,3,1.0,1.0
nuscenes_mini_subset,scene-0103_000,yaw,0.0,deg,13,Pedestrian,pedestrian,37.5,33.7,67.9,0.0,0,3,3,3,3,1.0,1.0
nuscenes_mini_subset,scene-0103_000,yaw,0.5,deg,0,Pedestrian,pedestrian,37.0,29.5,62.6,0.0,2,1,1,1,1,1.0,1.0
nuscenes_mini_subset,scene-0103_000,yaw,0.5,deg,1,Pedestrian,pedestrian,18.3,70.5,148.4,0.0,0,8,8,8,8,1.0,1.0
nuscenes_mini_subset,scene-0103_000,yaw,0.5,deg,2,Pedestrian,pedestrian,30.7,41.8,87.3,0.0,0,5,5,5,5,1.0,1.0
nuscenes_mini_subset,scene-0103_000,yaw,0.5,deg,3,Car,vehicle,42.7,91.4,49.0,0.0,0,4,4,4,4,1.0,1.0
nuscenes_mini_subset,scene-0103_000,yaw,0.5,deg,4,Pedestrian,pedestrian,20.6,64.2,121.7,0.0,0,9,9,9,9,1.0,1.0
nuscenes_mini_subset,scene-0103_000,yaw,0.5,deg,5,Pedestrian,pedestrian,28.4,42.9,91.8,0.0,0,5,5,4,4,0.8,0.8
nuscenes_mini_subset,scene-0103_000,yaw,0.5,deg,6,Pedestrian,pedestrian,38.4,24.2,57.4,0.0,0,2,2,1,1,0.5,0.5
nuscenes_mini_subset,scene-0103_000,yaw,0.5,deg,7,Pedestrian,pedestrian,39.4,17.2,63.5,0.0,2,1,1,0,0,0.0,0.0
nuscenes_mini_subset,scene-0103_000,yaw,0.5,deg,8,Pedestrian,pedestrian,31.7,38.8,76.9,0.0,0,4,4,4,4,1.0,1.0
nuscenes_mini_subset,scene-0103_000,yaw,0.5,deg,9,Car,vehicle,72.8,39.3,28.4,0.0,0,1,1,1,1,1.0,1.0
nuscenes_mini_subset,scene-0103_000,yaw,0.5,deg,10,Pedestrian,pedestrian,53.6,14.0,40.6,0.0,0,1,1,0,0,0.0,0.0
nuscenes_mini_subset,scene-0103_000,yaw,0.5,deg,11,Pedestrian,pedestrian,55.1,20.6,44.3,0.0,0,1,1,0,0,0.0,0.0
nuscenes_mini_subset,scene-0103_000,yaw,0.5,deg,12,Pedestrian,pedestrian,30.2,52.1,71.6,0.0,2,3,3,2,2,0.6667,0.6667
nuscenes_mini_subset,scene-0103_000,yaw,0.5,deg,13,Pedestrian,pedestrian,37.5,33.7,67.9,0.0,0,3,3,3,3,1.0,1.0
nuscenes_mini_subset,scene-0103_000,yaw,1.0,deg,0,Pedestrian,pedestrian,37.0,29.5,62.6,0.0,2,1,1,0,0,0.0,0.0
nuscenes_mini_subset,scene-0103_000,yaw,1.0,deg,1,Pedestrian,pedestrian,18.3,70.5,148.4,0.0,0,8,8,7,7,0.875,0.875
nuscenes_mini_subset,scene-0103_000,yaw,1.0,deg,2,Pedestrian,pedestrian,30.7,41.8,87.3,0.0,0,5,5,1,1,0.2,0.2
nuscenes_mini_subset,scene-0103_000,yaw,1.0,deg,3,Car,vehicle,42.7,91.4,49.0,0.0,0,4,4,4,4,1.0,1.0
nuscenes_mini_subset,scene-0103_000,yaw,1.0,deg,4,Pedestrian,pedestrian,20.6,64.2,121.7,0.0,0,9,9,7,7,0.7778,0.7778
nuscenes_mini_subset,scene-0103_000,yaw,1.0,deg,5,Pedestrian,pedestrian,28.4,42.9,91.8,0.0,0,5,5,1,1,0.2,0.2
nuscenes_mini_subset,scene-0103_000,yaw,1.0,deg,6,Pedestrian,pedestrian,38.4,24.2,57.4,0.0,0,2,2,0,0,0.0,0.0
nuscenes_mini_subset,scene-0103_000,yaw,1.0,deg,7,Pedestrian,pedestrian,39.4,17.2,63.5,0.0,2,1,1,0,0,0.0,0.0
nuscenes_mini_subset,scene-0103_000,yaw,1.0,deg,8,Pedestrian,pedestrian,31.7,38.8,76.9,0.0,0,4,4,1,1,0.25,0.25
nuscenes_mini_subset,scene-0103_000,yaw,1.0,deg,9,Car,vehicle,72.8,39.3,28.4,0.0,0,1,1,1,1,1.0,1.0
nuscenes_mini_subset,scene-0103_000,yaw,1.0,deg,10,Pedestrian,pedestrian,53.6,14.0,40.6,0.0,0,1,1,0,0,0.0,0.0
nuscenes_mini_subset,scene-0103_000,yaw,1.0,deg,11,Pedestrian,pedestrian,55.1,20.6,44.3,0.0,0,1,1,0,0,0.0,0.0
nuscenes_mini_subset,scene-0103_000,yaw,1.0,deg,12,Pedestrian,pedestrian,30.2,52.1,71.6,0.0,2,3,3,1,1,0.3333,0.3333
nuscenes_mini_subset,scene-0103_000,yaw,1.0,deg,13,Pedestrian,pedestrian,37.5,33.7,67.9,0.0,0,3,3,1,1,0.3333,0.3333
nuscenes_mini_subset,scene-0103_000,yaw,2.0,deg,0,Pedestrian,pedestrian,37.0,29.5,62.6,0.0,2,1,1,0,0,0.0,0.0
nuscenes_mini_subset,scene-0103_000,yaw,2.0,deg,1,Pedestrian,pedestrian,18.3,70.5,148.4,0.0,0,8,8,1,1,0.125,0.125
nuscenes_mini_subset,scene-0103_000,yaw,2.0,deg,2,Pedestrian,pedestrian,30.7,41.8,87.3,0.0,0,5,5,0,0,0.0,0.0
nuscenes_mini_subset,scene-0103_000,yaw,2.0,deg,3,Car,vehicle,42.7,91.4,49.0,0.0,0,4,4,2,2,0.5,0.5
nuscenes_mini_subset,scene-0103_000,yaw,2.0,deg,4,Pedestrian,pedestrian,20.6,64.2,121.7,0.0,0,9,9,0,0,0.0,0.0
nuscenes_mini_subset,scene-0103_000,yaw,2.0,deg,5,Pedestrian,pedestrian,28.4,42.9,91.8,0.0,0,5,5,0,0,0.0,0.0
nuscenes_mini_subset,scene-0103_000,yaw,2.0,deg,6,Pedestrian,pedestrian,38.4,24.2,57.4,0.0,0,2,2,0,0,0.0,0.0
nuscenes_mini_subset,scene-0103_000,yaw,2.0,deg,7,Pedestrian,pedestrian,39.4,17.2,63.5,0.0,2,1,1,0,0,0.0,0.0
nuscenes_mini_subset,scene-0103_000,yaw,2.0,deg,8,Pedestrian,pedestrian,31.7,38.8,76.9,0.0,0,4,4,0,0,0.0,0.0
nuscenes_mini_subset,scene-0103_000,yaw,2.0,deg,9,Car,vehicle,72.8,39.3,28.4,0.0,0,1,1,0,0,0.0,0.0
nuscenes_mini_subset,scene-0103_000,yaw,2.0,deg,10,Pedestrian,pedestrian,53.6,14.0,40.6,0.0,0,1,1,0,0,0.0,0.0
nuscenes_mini_subset,scene-0103_000,yaw,2.0,deg,11,Pedestrian,pedestrian,55.1,20.6,44.3,0.0,0,1,1,0,0,0.0,0.0
nuscenes_mini_subset,scene-0103_000,yaw,2.0,deg,12,Pedestrian,pedestrian,30.2,52.1,71.6,0.0,2,3,3,0,0,0.0,0.0
nuscenes_mini_subset,scene-0103_000,yaw,2.0,deg,13,Pedestrian,pedestrian,37.5,33.7,67.9,0.0,0,3,3,0,0,0.0,0.0
nuscenes_mini_subset,scene-0103_000,yaw,3.0,deg,0,Pedestrian,pedestrian,37.0,29.5,62.6,0.0,2,1,1,0,0,0.0,0.0
nuscenes_mini_subset,scene-0103_000,yaw,3.0,deg,1,Pedestrian,pedestrian,18.3,70.5,148.4,0.0,0,8,8,0,0,0.0,0.0
nuscenes_mini_subset,scene-0103_000,yaw,3.0,deg,2,Pedestrian,pedestrian,30.7,41.8,87.3,0.0,0,5,5,0,0,0.0,0.0
nuscenes_mini_subset,scene-0103_000,yaw,3.0,deg,3,Car,vehicle,42.7,91.4,49.0,0.0,0,4,4,1,1,0.25,0.25
nuscenes_mini_subset,scene-0103_000,yaw,3.0,deg,4,Pedestrian,pedestrian,20.6,64.2,121.7,0.0,0,9,9,0,0,0.0,0.0
nuscenes_mini_subset,scene-0103_000,yaw,3.0,deg,5,Pedestrian,pedestrian,28.4,42.9,91.8,0.0,0,5,5,0,0,0.0,0.0
nuscenes_mini_subset,scene-0103_000,yaw,3.0,deg,6,Pedestrian,pedestrian,38.4,24.2,57.4,0.0,0,2,2,0,0,0.0,0.0
nuscenes_mini_subset,scene-0103_000,yaw,3.0,deg,7,Pedestrian,pedestrian,39.4,17.2,63.5,0.0,2,1,1,0,0,0.0,0.0
nuscenes_mini_subset,scene-0103_000,yaw,3.0,deg,8,Pedestrian,pedestrian,31.7,38.8,76.9,0.0,0,4,4,0,0,0.0,0.0
nuscenes_mini_subset,scene-0103_000,yaw,3.0,deg,9,Car,vehicle,72.8,39.3,28.4,0.0,0,1,1,0,0,0.0,0.0
nuscenes_mini_subset,scene-0103_000,yaw,3.0,deg,10,Pedestrian,pedestrian,53.6,14.0,40.6,0.0,0,1,1,0,0,0.0,0.0
nuscenes_mini_subset,scene-0103_000,yaw,3.0,deg,11,Pedestrian,pedestrian,55.1,20.6,44.3,0.0,0,1,1,0,0,0.0,0.0
nuscenes_mini_subset,scene-0103_000,yaw,3.0,deg,12,Pedestrian,pedestrian,30.2,52.1,71.6,0.0,2,3,3,0,0,0.0,0.0
nuscenes_mini_subset,scene-0103_000,yaw,3.0,deg,13,Pedestrian,pedestrian,37.5,33.7,67.9,0.0,0,3,3,0,0,0.0,0.0
nuscenes_mini_subset,scene-0103_001,yaw,0.0,deg,0,Pedestrian,pedestrian,32.4,34.9,72.6,0.0,0,2,2,2,2,1.0,1.0
nuscenes_mini_subset,scene-0103_001,yaw,0.0,deg,1,Pedestrian,pedestrian,13.7,76.6,212.3,0.36,0,16,16,16,16,1.0,1.0
nuscenes_mini_subset,scene-0103_001,yaw,0.0,deg,2,Pedestrian,pedestrian,25.7,54.8,106.0,0.0,0,5,5,5,5,1.0,1.0
nuscenes_mini_subset,scene-0103_001,yaw,0.0,deg,3,Pedestrian,pedestrian,33.3,27.2,64.9,0.0,0,2,2,2,2,1.0,1.0
nuscenes_mini_subset,scene-0103_001,yaw,0.0,deg,4,Car,vehicle,41.3,70.1,50.5,0.0,0,2,2,2,2,1.0,1.0
nuscenes_mini_subset,scene-0103_001,yaw,0.0,deg,5,Car,vehicle,62.8,104.0,34.2,0.0,2,1,1,1,1,1.0,1.0
nuscenes_mini_subset,scene-0103_001,yaw,0.0,deg,6,Pedestrian,pedestrian,25.2,51.5,105.5,0.0,0,4,4,4,4,1.0,1.0
nuscenes_mini_subset,scene-0103_001,yaw,0.0,deg,7,Pedestrian,pedestrian,34.0,26.7,65.4,0.0,2,0,0,0,0,,
nuscenes_mini_subset,scene-0103_001,yaw,0.0,deg,8,Pedestrian,pedestrian,35.6,21.6,72.9,0.0,2,1,1,1,1,1.0,1.0
nuscenes_mini_subset,scene-0103_001,yaw,0.0,deg,9,Pedestrian,pedestrian,27.3,45.7,90.2,0.0,0,5,5,5,5,1.0,1.0
nuscenes_mini_subset,scene-0103_001,yaw,0.0,deg,10,Car,vehicle,64.4,44.7,32.2,0.0,0,0,0,0,0,,
nuscenes_mini_subset,scene-0103_001,yaw,0.0,deg,11,Pedestrian,pedestrian,49.9,15.0,43.7,0.0,0,2,2,2,2,1.0,1.0
nuscenes_mini_subset,scene-0103_001,yaw,0.0,deg,12,Pedestrian,pedestrian,30.7,37.1,79.9,0.0,0,3,3,3,3,1.0,1.0
nuscenes_mini_subset,scene-0103_001,yaw,0.0,deg,13,Car,vehicle,76.5,42.4,27.8,0.0,1,1,1,1,1,1.0,1.0
nuscenes_mini_subset,scene-0103_001,yaw,0.0,deg,14,Car,vehicle,39.1,93.1,62.9,0.0,0,3,3,3,3,1.0,1.0
nuscenes_mini_subset,scene-0103_001,yaw,0.0,deg,15,Pedestrian,pedestrian,51.7,22.4,47.3,0.0,0,2,2,2,2,1.0,1.0
nuscenes_mini_subset,scene-0103_001,yaw,0.0,deg,16,Pedestrian,pedestrian,26.5,66.0,86.1,0.0,2,5,5,5,5,1.0,1.0
nuscenes_mini_subset,scene-0103_001,yaw,0.0,deg,17,Pedestrian,pedestrian,32.9,40.1,78.7,0.0,0,3,3,3,3,1.0,1.0
nuscenes_mini_subset,scene-0103_001,yaw,0.0,deg,18,Pedestrian,pedestrian,27.2,40.5,94.7,0.0,0,6,6,6,6,1.0,1.0
nuscenes_mini_subset,scene-0103_001,yaw,0.5,deg,0,Pedestrian,pedestrian,32.4,34.9,72.6,0.0,0,2,2,2,2,1.0,1.0
nuscenes_mini_subset,scene-0103_001,yaw,0.5,deg,1,Pedestrian,pedestrian,13.7,76.6,212.3,0.36,0,16,20,16,20,1.0,1.0
nuscenes_mini_subset,scene-0103_001,yaw,0.5,deg,2,Pedestrian,pedestrian,25.7,54.8,106.0,0.0,0,5,5,4,4,0.8,0.8
nuscenes_mini_subset,scene-0103_001,yaw,0.5,deg,3,Pedestrian,pedestrian,33.3,27.2,64.9,0.0,0,2,2,1,1,0.5,0.5
nuscenes_mini_subset,scene-0103_001,yaw,0.5,deg,4,Car,vehicle,41.3,70.1,50.5,0.0,0,2,2,2,2,1.0,1.0
nuscenes_mini_subset,scene-0103_001,yaw,0.5,deg,5,Car,vehicle,62.8,104.0,34.2,0.0,2,1,1,1,1,1.0,1.0
nuscenes_mini_subset,scene-0103_001,yaw,0.5,deg,6,Pedestrian,pedestrian,25.2,51.5,105.5,0.0,0,4,4,3,3,0.75,0.75
nuscenes_mini_subset,scene-0103_001,yaw,0.5,deg,7,Pedestrian,pedestrian,34.0,26.7,65.4,0.0,2,0,0,0,0,,
nuscenes_mini_subset,scene-0103_001,yaw,0.5,deg,8,Pedestrian,pedestrian,35.6,21.6,72.9,0.0,2,1,1,1,1,1.0,1.0
nuscenes_mini_subset,scene-0103_001,yaw,0.5,deg,9,Pedestrian,pedestrian,27.3,45.7,90.2,0.0,0,5,5,5,5,1.0,1.0
nuscenes_mini_subset,scene-0103_001,yaw,0.5,deg,10,Car,vehicle,64.4,44.7,32.2,0.0,0,0,0,0,0,,
nuscenes_mini_subset,scene-0103_001,yaw,0.5,deg,11,Pedestrian,pedestrian,49.9,15.0,43.7,0.0,0,2,2,1,1,0.5,0.5
nuscenes_mini_subset,scene-0103_001,yaw,0.5,deg,12,Pedestrian,pedestrian,30.7,37.1,79.9,0.0,0,3,3,2,2,0.6667,0.6667
nuscenes_mini_subset,scene-0103_001,yaw,0.5,deg,13,Car,vehicle,76.5,42.4,27.8,0.0,1,1,1,1,1,1.0,1.0
nuscenes_mini_subset,scene-0103_001,yaw,0.5,deg,14,Car,vehicle,39.1,93.1,62.9,0.0,0,3,3,3,3,1.0,1.0
nuscenes_mini_subset,scene-0103_001,yaw,0.5,deg,15,Pedestrian,pedestrian,51.7,22.4,47.3,0.0,0,2,2,0,0,0.0,0.0
nuscenes_mini_subset,scene-0103_001,yaw,0.5,deg,16,Pedestrian,pedestrian,26.5,66.0,86.1,0.0,2,5,5,4,4,0.8,0.8
nuscenes_mini_subset,scene-0103_001,yaw,0.5,deg,17,Pedestrian,pedestrian,32.9,40.1,78.7,0.0,0,3,3,3,3,1.0,1.0
nuscenes_mini_subset,scene-0103_001,yaw,0.5,deg,18,Pedestrian,pedestrian,27.2,40.5,94.7,0.0,0,6,6,5,5,0.8333,0.8333
nuscenes_mini_subset,scene-0103_001,yaw,1.0,deg,0,Pedestrian,pedestrian,32.4,34.9,72.6,0.0,0,2,2,1,1,0.5,0.5
nuscenes_mini_subset,scene-0103_001,yaw,1.0,deg,1,Pedestrian,pedestrian,13.7,76.6,212.3,0.36,0,16,21,16,21,1.0,1.0
nuscenes_mini_subset,scene-0103_001,yaw,1.0,deg,2,Pedestrian,pedestrian,25.7,54.8,106.0,0.0,0,5,5,3,3,0.6,0.6
nuscenes_mini_subset,scene-0103_001,yaw,1.0,deg,3,Pedestrian,pedestrian,33.3,27.2,64.9,0.0,0,2,2,0,0,0.0,0.0
nuscenes_mini_subset,scene-0103_001,yaw,1.0,deg,4,Car,vehicle,41.3,70.1,50.5,0.0,0,2,2,1,1,0.5,0.5
nuscenes_mini_subset,scene-0103_001,yaw,1.0,deg,5,Car,vehicle,62.8,104.0,34.2,0.0,2,1,1,0,0,0.0,0.0
nuscenes_mini_subset,scene-0103_001,yaw,1.0,deg,6,Pedestrian,pedestrian,25.2,51.5,105.5,0.0,0,4,4,2,2,0.5,0.5
nuscenes_mini_subset,scene-0103_001,yaw,1.0,deg,7,Pedestrian,pedestrian,34.0,26.7,65.4,0.0,2,0,0,0,0,,
nuscenes_mini_subset,scene-0103_001,yaw,1.0,deg,8,Pedestrian,pedestrian,35.6,21.6,72.9,0.0,2,1,1,0,0,0.0,0.0
nuscenes_mini_subset,scene-0103_001,yaw,1.0,deg,9,Pedestrian,pedestrian,27.3,45.7,90.2,0.0,0,5,5,2,2,0.4,0.4
nuscenes_mini_subset,scene-0103_001,yaw,1.0,deg,10,Car,vehicle,64.4,44.7,32.2,0.0,0,0,0,0,0,,
nuscenes_mini_subset,scene-0103_001,yaw,1.0,deg,11,Pedestrian,pedestrian,49.9,15.0,43.7,0.0,0,2,2,0,0,0.0,0.0
nuscenes_mini_subset,scene-0103_001,yaw,1.0,deg,12,Pedestrian,pedestrian,30.7,37.1,79.9,0.0,0,3,3,0,0,0.0,0.0
nuscenes_mini_subset,scene-0103_001,yaw,1.0,deg,13,Car,vehicle,76.5,42.4,27.8,0.0,1,1,1,0,0,0.0,0.0
nuscenes_mini_subset,scene-0103_001,yaw,1.0,deg,14,Car,vehicle,39.1,93.1,62.9,0.0,0,3,3,3,3,1.0,1.0
nuscenes_mini_subset,scene-0103_001,yaw,1.0,deg,15,Pedestrian,pedestrian,51.7,22.4,47.3,0.0,0,2,2,0,0,0.0,0.0
nuscenes_mini_subset,scene-0103_001,yaw,1.0,deg,16,Pedestrian,pedestrian,26.5,66.0,86.1,0.0,2,5,5,3,3,0.6,0.6
nuscenes_mini_subset,scene-0103_001,yaw,1.0,deg,17,Pedestrian,pedestrian,32.9,40.1,78.7,0.0,0,3,3,1,1,0.3333,0.3333
nuscenes_mini_subset,scene-0103_001,yaw,1.0,deg,18,Pedestrian,pedestrian,27.2,40.5,94.7,0.0,0,6,6,1,1,0.1667,0.1667
nuscenes_mini_subset,scene-0103_001,yaw,2.0,deg,0,Pedestrian,pedestrian,32.4,34.9,72.6,0.0,0,2,2,0,0,0.0,0.0
nuscenes_mini_subset,scene-0103_001,yaw,2.0,deg,1,Pedestrian,pedestrian,13.7,76.6,212.3,0.36,0,16,21,9,14,0.5625,0.6667
nuscenes_mini_subset,scene-0103_001,yaw,2.0,deg,2,Pedestrian,pedestrian,25.7,54.8,106.0,0.0,0,5,5,0,0,0.0,0.0
nuscenes_mini_subset,scene-0103_001,yaw,2.0,deg,3,Pedestrian,pedestrian,33.3,27.2,64.9,0.0,0,2,2,0,0,0.0,0.0
nuscenes_mini_subset,scene-0103_001,yaw,2.0,deg,4,Car,vehicle,41.3,70.1,50.5,0.0,0,2,2,0,0,0.0,0.0
nuscenes_mini_subset,scene-0103_001,yaw,2.0,deg,5,Car,vehicle,62.8,104.0,34.2,0.0,2,1,1,0,0,0.0,0.0
nuscenes_mini_subset,scene-0103_001,yaw,2.0,deg,6,Pedestrian,pedestrian,25.2,51.5,105.5,0.0,0,4,4,0,0,0.0,0.0
nuscenes_mini_subset,scene-0103_001,yaw,2.0,deg,7,Pedestrian,pedestrian,34.0,26.7,65.4,0.0,2,0,0,0,0,,
nuscenes_mini_subset,scene-0103_001,yaw,2.0,deg,8,Pedestrian,pedestrian,35.6,21.6,72.9,0.0,2,1,1,0,0,0.0,0.0
nuscenes_mini_subset,scene-0103_001,yaw,2.0,deg,9,Pedestrian,pedestrian,27.3,45.7,90.2,0.0,0,5,5,0,0,0.0,0.0
nuscenes_mini_subset,scene-0103_001,yaw,2.0,deg,10,Car,vehicle,64.4,44.7,32.2,0.0,0,0,0,0,0,,
nuscenes_mini_subset,scene-0103_001,yaw,2.0,deg,11,Pedestrian,pedestrian,49.9,15.0,43.7,0.0,0,2,2,0,0,0.0,0.0
nuscenes_mini_subset,scene-0103_001,yaw,2.0,deg,12,Pedestrian,pedestrian,30.7,37.1,79.9,0.0,0,3,3,0,0,0.0,0.0
nuscenes_mini_subset,scene-0103_001,yaw,2.0,deg,13,Car,vehicle,76.5,42.4,27.8,0.0,1,1,1,0,0,0.0,0.0
nuscenes_mini_subset,scene-0103_001,yaw,2.0,deg,14,Car,vehicle,39.1,93.1,62.9,0.0,0,3,3,1,1,0.3333,0.3333
nuscenes_mini_subset,scene-0103_001,yaw,2.0,deg,15,Pedestrian,pedestrian,51.7,22.4,47.3,0.0,0,2,2,0,0,0.0,0.0
nuscenes_mini_subset,scene-0103_001,yaw,2.0,deg,16,Pedestrian,pedestrian,26.5,66.0,86.1,0.0,2,5,5,0,0,0.0,0.0
nuscenes_mini_subset,scene-0103_001,yaw,2.0,deg,17,Pedestrian,pedestrian,32.9,40.1,78.7,0.0,0,3,3,0,0,0.0,0.0
nuscenes_mini_subset,scene-0103_001,yaw,2.0,deg,18,Pedestrian,pedestrian,27.2,40.5,94.7,0.0,0,6,6,0,0,0.0,0.0
nuscenes_mini_subset,scene-0103_001,yaw,3.0,deg,0,Pedestrian,pedestrian,32.4,34.9,72.6,0.0,0,2,2,0,0,0.0,0.0
nuscenes_mini_subset,scene-0103_001,yaw,3.0,deg,1,Pedestrian,pedestrian,13.7,76.6,212.3,0.36,0,16,21,0,1,0.0,0.0476
nuscenes_mini_subset,scene-0103_001,yaw,3.0,deg,2,Pedestrian,pedestrian,25.7,54.8,106.0,0.0,0,5,5,0,0,0.0,0.0
nuscenes_mini_subset,scene-0103_001,yaw,3.0,deg,3,Pedestrian,pedestrian,33.3,27.2,64.9,0.0,0,2,2,0,0,0.0,0.0
nuscenes_mini_subset,scene-0103_001,yaw,3.0,deg,4,Car,vehicle,41.3,70.1,50.5,0.0,0,2,2,0,0,0.0,0.0
nuscenes_mini_subset,scene-0103_001,yaw,3.0,deg,5,Car,vehicle,62.8,104.0,34.2,0.0,2,1,1,0,0,0.0,0.0
nuscenes_mini_subset,scene-0103_001,yaw,3.0,deg,6,Pedestrian,pedestrian,25.2,51.5,105.5,0.0,0,4,4,0,0,0.0,0.0
nuscenes_mini_subset,scene-0103_001,yaw,3.0,deg,7,Pedestrian,pedestrian,34.0,26.7,65.4,0.0,2,0,0,0,0,,
nuscenes_mini_subset,scene-0103_001,yaw,3.0,deg,8,Pedestrian,pedestrian,35.6,21.6,72.9,0.0,2,1,1,0,0,0.0,0.0
nuscenes_mini_subset,scene-0103_001,yaw,3.0,deg,9,Pedestrian,pedestrian,27.3,45.7,90.2,0.0,0,5,5,0,0,0.0,0.0
nuscenes_mini_subset,scene-0103_001,yaw,3.0,deg,10,Car,vehicle,64.4,44.7,32.2,0.0,0,0,0,0,0,,
nuscenes_mini_subset,scene-0103_001,yaw,3.0,deg,11,Pedestrian,pedestrian,49.9,15.0,43.7,0.0,0,2,2,0,0,0.0,0.0
nuscenes_mini_subset,scene-0103_001,yaw,3.0,deg,12,Pedestrian,pedestrian,30.7,37.1,79.9,0.0,0,3,3,0,0,0.0,0.0
nuscenes_mini_subset,scene-0103_001,yaw,3.0,deg,13,Car,vehicle,76.5,42.4,27.8,0.0,1,1,1,0,0,0.0,0.0
nuscenes_mini_subset,scene-0103_001,yaw,3.0,deg,14,Car,vehicle,39.1,93.1,62.9,0.0,0,3,3,0,0,0.0,0.0
nuscenes_mini_subset,scene-0103_001,yaw,3.0,deg,15,Pedestrian,pedestrian,51.7,22.4,47.3,0.0,0,2,2,0,0,0.0,0.0
nuscenes_mini_subset,scene-0103_001,yaw,3.0,deg,16,Pedestrian,pedestrian,26.5,66.0,86.1,0.0,2,5,5,0,0,0.0,0.0
nuscenes_mini_subset,scene-0103_001,yaw,3.0,deg,17,Pedestrian,pedestrian,32.9,40.1,78.7,0.0,0,3,3,0,0,0.0,0.0
nuscenes_mini_subset,scene-0103_001,yaw,3.0,deg,18,Pedestrian,pedestrian,27.2,40.5,94.7,0.0,0,6,6,0,0,0.0,0.0
nuscenes_mini_subset,scene-0103_002,yaw,0.0,deg,0,Pedestrian,pedestrian,27.9,43.2,86.9,0.0,0,4,4,4,4,1.0,1.0
nuscenes_mini_subset,scene-0103_002,yaw,0.0,deg,1,Pedestrian,pedestrian,21.1,75.1,132.9,0.0,0,11,11,11,11,1.0,1.0
nuscenes_mini_subset,scene-0103_002,yaw,0.0,deg,2,Pedestrian,pedestrian,28.8,31.1,75.4,0.0,0,5,5,5,5,1.0,1.0
nuscenes_mini_subset,scene-0103_002,yaw,0.0,deg,3,Car,vehicle,40.4,67.6,51.9,0.0,0,4,4,4,4,1.0,1.0
nuscenes_mini_subset,scene-0103_002,yaw,0.0,deg,4,Car,vehicle,58.6,111.5,36.9,0.0,2,0,0,0,0,,
nuscenes_mini_subset,scene-0103_002,yaw,0.0,deg,5,Pedestrian,pedestrian,22.0,63.0,123.1,0.0,0,8,8,8,8,1.0,1.0
nuscenes_mini_subset,scene-0103_002,yaw,0.0,deg,6,Pedestrian,pedestrian,29.6,29.6,75.5,0.0,0,3,3,3,3,1.0,1.0
nuscenes_mini_subset,scene-0103_002,yaw,0.0,deg,7,Pedestrian,pedestrian,31.9,28.5,85.9,0.0,1,2,2,2,2,1.0,1.0
nuscenes_mini_subset,scene-0103_002,yaw,0.0,deg,8,Pedestrian,pedestrian,23.0,55.1,109.9,0.0,0,5,5,5,5,1.0,1.0
nuscenes_mini_subset,scene-0103_002,yaw,0.0,deg,9,Car,vehicle,56.2,51.7,37.3,0.0,0,0,0,0,0,,
nuscenes_mini_subset,scene-0103_002,yaw,0.0,deg,10,Car,vehicle,43.0,87.3,49.3,0.0,2,1,1,1,1,1.0,1.0
nuscenes_mini_subset,scene-0103_002,yaw,0.0,deg,11,Pedestrian,pedestrian,46.4,18.0,47.4,0.0,0,1,1,1,1,1.0,1.0
nuscenes_mini_subset,scene-0103_002,yaw,0.0,deg,12,Pedestrian,pedestrian,26.2,43.8,95.1,0.0,0,4,4,4,4,1.0,1.0
nuscenes_mini_subset,scene-0103_002,yaw,0.0,deg,13,Car,vehicle,72.3,44.7,29.9,0.0,1,0,0,0,0,,
nuscenes_mini_subset,scene-0103_002,yaw,0.0,deg,14,Car,vehicle,31.2,118.4,81.4,0.0,0,0,0,0,0,,
nuscenes_mini_subset,scene-0103_002,yaw,0.0,deg,15,Pedestrian,pedestrian,30.9,40.3,81.0,0.0,2,2,2,2,2,1.0,1.0
nuscenes_mini_subset,scene-0103_002,yaw,0.0,deg,16,Pedestrian,pedestrian,48.4,24.4,50.6,0.0,0,1,1,1,1,1.0,1.0
nuscenes_mini_subset,scene-0103_002,yaw,0.0,deg,17,Truck,vehicle,105.4,39.9,37.3,0.0,2,3,3,3,3,1.0,1.0
nuscenes_mini_subset,scene-0103_002,yaw,0.0,deg,18,Pedestrian,pedestrian,28.4,49.9,94.4,0.0,2,2,2,2,2,1.0,1.0
nuscenes_mini_subset,scene-0103_002,yaw,0.0,deg,19,Pedestrian,pedestrian,24.0,49.5,109.4,0.0,0,4,4,4,4,1.0,1.0
nuscenes_mini_subset,scene-0103_002,yaw,0.5,deg,0,Pedestrian,pedestrian,27.9,43.2,86.9,0.0,0,4,4,4,4,1.0,1.0
nuscenes_mini_subset,scene-0103_002,yaw,0.5,deg,1,Pedestrian,pedestrian,21.1,75.1,132.9,0.0,0,11,11,8,8,0.7273,0.7273
nuscenes_mini_subset,scene-0103_002,yaw,0.5,deg,2,Pedestrian,pedestrian,28.8,31.1,75.4,0.0,0,5,5,3,3,0.6,0.6
nuscenes_mini_subset,scene-0103_002,yaw,0.5,deg,3,Car,vehicle,40.4,67.6,51.9,0.0,0,4,4,4,4,1.0,1.0
nuscenes_mini_subset,scene-0103_002,yaw,0.5,deg,4,Car,vehicle,58.6,111.5,36.9,0.0,2,0,0,0,0,,
nuscenes_mini_subset,scene-0103_002,yaw,0.5,deg,5,Pedestrian,pedestrian,22.0,63.0,123.1,0.0,0,8,8,7,7,0.875,0.875
nuscenes_mini_subset,scene-0103_002,yaw,0.5,deg,6,Pedestrian,pedestrian,29.6,29.6,75.5,0.0,0,3,3,3,3,1.0,1.0
nuscenes_mini_subset,scene-0103_002,yaw,0.5,deg,7,Pedestrian,pedestrian,31.9,28.5,85.9,0.0,1,2,2,1,1,0.5,0.5
nuscenes_mini_subset,scene-0103_002,yaw,0.5,deg,8,Pedestrian,pedestrian,23.0,55.1,109.9,0.0,0,5,5,5,5,1.0,1.0
nuscenes_mini_subset,scene-0103_002,yaw,0.5,deg,9,Car,vehicle,56.2,51.7,37.3,0.0,0,0,0,0,0,,
nuscenes_mini_subset,scene-0103_002,yaw,0.5,deg,10,Car,vehicle,43.0,87.3,49.3,0.0,2,1,1,0,0,0.0,0.0
nuscenes_mini_subset,scene-0103_002,yaw,0.5,deg,11,Pedestrian,pedestrian,46.4,18.0,47.4,0.0,0,1,1,1,1,1.0,1.0
nuscenes_mini_subset,scene-0103_002,yaw,0.5,deg,12,Pedestrian,pedestrian,26.2,43.8,95.1,0.0,0,4,4,2,2,0.5,0.5
nuscenes_mini_subset,scene-0103_002,yaw,0.5,deg,13,Car,vehicle,72.3,44.7,29.9,0.0,1,0,0,0,0,,
nuscenes_mini_subset,scene-0103_002,yaw,0.5,deg,14,Car,vehicle,31.2,118.4,81.4,0.0,0,0,0,0,0,,
nuscenes_mini_subset,scene-0103_002,yaw,0.5,deg,15,Pedestrian,pedestrian,30.9,40.3,81.0,0.0,2,2,2,2,2,1.0,1.0
nuscenes_mini_subset,scene-0103_002,yaw,0.5,deg,16,Pedestrian,pedestrian,48.4,24.4,50.6,0.0,0,1,1,0,0,0.0,0.0
nuscenes_mini_subset,scene-0103_002,yaw,0.5,deg,17,Truck,vehicle,105.4,39.9,37.3,0.0,2,3,3,2,2,0.6667,0.6667
nuscenes_mini_subset,scene-0103_002,yaw,0.5,deg,18,Pedestrian,pedestrian,28.4,49.9,94.4,0.0,2,2,2,2,2,1.0,1.0
nuscenes_mini_subset,scene-0103_002,yaw,0.5,deg,19,Pedestrian,pedestrian,24.0,49.5,109.4,0.0,0,4,4,4,4,1.0,1.0
nuscenes_mini_subset,scene-0103_002,yaw,1.0,deg,0,Pedestrian,pedestrian,27.9,43.2,86.9,0.0,0,4,4,0,0,0.0,0.0
nuscenes_mini_subset,scene-0103_002,yaw,1.0,deg,1,Pedestrian,pedestrian,21.1,75.1,132.9,0.0,0,11,11,7,7,0.6364,0.6364
nuscenes_mini_subset,scene-0103_002,yaw,1.0,deg,2,Pedestrian,pedestrian,28.8,31.1,75.4,0.0,0,5,5,0,0,0.0,0.0
nuscenes_mini_subset,scene-0103_002,yaw,1.0,deg,3,Car,vehicle,40.4,67.6,51.9,0.0,0,4,4,3,3,0.75,0.75
nuscenes_mini_subset,scene-0103_002,yaw,1.0,deg,4,Car,vehicle,58.6,111.5,36.9,0.0,2,0,0,0,0,,
nuscenes_mini_subset,scene-0103_002,yaw,1.0,deg,5,Pedestrian,pedestrian,22.0,63.0,123.1,0.0,0,8,8,6,6,0.75,0.75
nuscenes_mini_subset,scene-0103_002,yaw,1.0,deg,6,Pedestrian,pedestrian,29.6,29.6,75.5,0.0,0,3,3,1,1,0.3333,0.3333
nuscenes_mini_subset,scene-0103_002,yaw,1.0,deg,7,Pedestrian,pedestrian,31.9,28.5,85.9,0.0,1,2,2,0,0,0.0,0.0
nuscenes_mini_subset,scene-0103_002,yaw,1.0,deg,8,Pedestrian,pedestrian,23.0,55.1,109.9,0.0,0,5,5,1,1,0.2,0.2
nuscenes_mini_subset,scene-0103_002,yaw,1.0,deg,9,Car,vehicle,56.2,51.7,37.3,0.0,0,0,0,0,0,,
nuscenes_mini_subset,scene-0103_002,yaw,1.0,deg,10,Car,vehicle,43.0,87.3,49.3,0.0,2,1,1,0,0,0.0,0.0
nuscenes_mini_subset,scene-0103_002,yaw,1.0,deg,11,Pedestrian,pedestrian,46.4,18.0,47.4,0.0,0,1,1,0,0,0.0,0.0
nuscenes_mini_subset,scene-0103_002,yaw,1.0,deg,12,Pedestrian,pedestrian,26.2,43.8,95.1,0.0,0,4,4,0,0,0.0,0.0
nuscenes_mini_subset,scene-0103_002,yaw,1.0,deg,13,Car,vehicle,72.3,44.7,29.9,0.0,1,0,0,0,0,,
nuscenes_mini_subset,scene-0103_002,yaw,1.0,deg,14,Car,vehicle,31.2,118.4,81.4,0.0,0,0,0,0,0,,
nuscenes_mini_subset,scene-0103_002,yaw,1.0,deg,15,Pedestrian,pedestrian,30.9,40.3,81.0,0.0,2,2,2,1,1,0.5,0.5
nuscenes_mini_subset,scene-0103_002,yaw,1.0,deg,16,Pedestrian,pedestrian,48.4,24.4,50.6,0.0,0,1,1,0,0,0.0,0.0
nuscenes_mini_subset,scene-0103_002,yaw,1.0,deg,17,Truck,vehicle,105.4,39.9,37.3,0.0,2,3,3,0,0,0.0,0.0
nuscenes_mini_subset,scene-0103_002,yaw,1.0,deg,18,Pedestrian,pedestrian,28.4,49.9,94.4,0.0,2,2,2,0,0,0.0,0.0
nuscenes_mini_subset,scene-0103_002,yaw,1.0,deg,19,Pedestrian,pedestrian,24.0,49.5,109.4,0.0,0,4,4,2,2,0.5,0.5
nuscenes_mini_subset,scene-0103_002,yaw,2.0,deg,0,Pedestrian,pedestrian,27.9,43.2,86.9,0.0,0,4,4,0,0,0.0,0.0
nuscenes_mini_subset,scene-0103_002,yaw,2.0,deg,1,Pedestrian,pedestrian,21.1,75.1,132.9,0.0,0,11,11,1,1,0.0909,0.0909
nuscenes_mini_subset,scene-0103_002,yaw,2.0,deg,2,Pedestrian,pedestrian,28.8,31.1,75.4,0.0,0,5,5,0,0,0.0,0.0
nuscenes_mini_subset,scene-0103_002,yaw,2.0,deg,3,Car,vehicle,40.4,67.6,51.9,0.0,0,4,4,1,1,0.25,0.25
nuscenes_mini_subset,scene-0103_002,yaw,2.0,deg,4,Car,vehicle,58.6,111.5,36.9,0.0,2,0,0,0,0,,
nuscenes_mini_subset,scene-0103_002,yaw,2.0,deg,5,Pedestrian,pedestrian,22.0,63.0,123.1,0.0,0,8,8,0,0,0.0,0.0
nuscenes_mini_subset,scene-0103_002,yaw,2.0,deg,6,Pedestrian,pedestrian,29.6,29.6,75.5,0.0,0,3,3,0,0,0.0,0.0
nuscenes_mini_subset,scene-0103_002,yaw,2.0,deg,7,Pedestrian,pedestrian,31.9,28.5,85.9,0.0,1,2,0,0,0,0.0,
nuscenes_mini_subset,scene-0103_002,yaw,2.0,deg,8,Pedestrian,pedestrian,23.0,55.1,109.9,0.0,0,5,5,0,0,0.0,0.0
nuscenes_mini_subset,scene-0103_002,yaw,2.0,deg,9,Car,vehicle,56.2,51.7,37.3,0.0,0,0,0,0,0,,
nuscenes_mini_subset,scene-0103_002,yaw,2.0,deg,10,Car,vehicle,43.0,87.3,49.3,0.0,2,1,1,0,0,0.0,0.0
nuscenes_mini_subset,scene-0103_002,yaw,2.0,deg,11,Pedestrian,pedestrian,46.4,18.0,47.4,0.0,0,1,1,0,0,0.0,0.0
nuscenes_mini_subset,scene-0103_002,yaw,2.0,deg,12,Pedestrian,pedestrian,26.2,43.8,95.1,0.0,0,4,4,0,0,0.0,0.0
nuscenes_mini_subset,scene-0103_002,yaw,2.0,deg,13,Car,vehicle,72.3,44.7,29.9,0.0,1,0,0,0,0,,
nuscenes_mini_subset,scene-0103_002,yaw,2.0,deg,14,Car,vehicle,31.2,118.4,81.4,0.0,0,0,0,0,0,,
nuscenes_mini_subset,scene-0103_002,yaw,2.0,deg,15,Pedestrian,pedestrian,30.9,40.3,81.0,0.0,2,2,2,0,0,0.0,0.0
nuscenes_mini_subset,scene-0103_002,yaw,2.0,deg,16,Pedestrian,pedestrian,48.4,24.4,50.6,0.0,0,1,1,0,0,0.0,0.0
nuscenes_mini_subset,scene-0103_002,yaw,2.0,deg,17,Truck,vehicle,105.4,39.9,37.3,0.0,2,3,3,0,0,0.0,0.0
nuscenes_mini_subset,scene-0103_002,yaw,2.0,deg,18,Pedestrian,pedestrian,28.4,49.9,94.4,0.0,2,2,2,0,0,0.0,0.0
nuscenes_mini_subset,scene-0103_002,yaw,2.0,deg,19,Pedestrian,pedestrian,24.0,49.5,109.4,0.0,0,4,4,0,0,0.0,0.0
nuscenes_mini_subset,scene-0103_002,yaw,3.0,deg,0,Pedestrian,pedestrian,27.9,43.2,86.9,0.0,0,4,4,0,0,0.0,0.0
nuscenes_mini_subset,scene-0103_002,yaw,3.0,deg,1,Pedestrian,pedestrian,21.1,75.1,132.9,0.0,0,11,11,0,0,0.0,0.0
nuscenes_mini_subset,scene-0103_002,yaw,3.0,deg,2,Pedestrian,pedestrian,28.8,31.1,75.4,0.0,0,5,5,0,0,0.0,0.0
nuscenes_mini_subset,scene-0103_002,yaw,3.0,deg,3,Car,vehicle,40.4,67.6,51.9,0.0,0,4,4,0,0,0.0,0.0
nuscenes_mini_subset,scene-0103_002,yaw,3.0,deg,4,Car,vehicle,58.6,111.5,36.9,0.0,2,0,0,0,0,,
nuscenes_mini_subset,scene-0103_002,yaw,3.0,deg,5,Pedestrian,pedestrian,22.0,63.0,123.1,0.0,0,8,8,0,0,0.0,0.0
nuscenes_mini_subset,scene-0103_002,yaw,3.0,deg,6,Pedestrian,pedestrian,29.6,29.6,75.5,0.0,0,3,3,0,0,0.0,0.0
nuscenes_mini_subset,scene-0103_002,yaw,3.0,deg,7,Pedestrian,pedestrian,31.9,28.5,85.9,0.0,1,2,0,0,0,0.0,
nuscenes_mini_subset,scene-0103_002,yaw,3.0,deg,8,Pedestrian,pedestrian,23.0,55.1,109.9,0.0,0,5,5,0,0,0.0,0.0
nuscenes_mini_subset,scene-0103_002,yaw,3.0,deg,9,Car,vehicle,56.2,51.7,37.3,0.0,0,0,0,0,0,,
nuscenes_mini_subset,scene-0103_002,yaw,3.0,deg,10,Car,vehicle,43.0,87.3,49.3,0.0,2,1,1,0,0,0.0,0.0
nuscenes_mini_subset,scene-0103_002,yaw,3.0,deg,11,Pedestrian,pedestrian,46.4,18.0,47.4,0.0,0,1,1,0,0,0.0,0.0
nuscenes_mini_subset,scene-0103_002,yaw,3.0,deg,12,Pedestrian,pedestrian,26.2,43.8,95.1,0.0,0,4,4,0,0,0.0,0.0
nuscenes_mini_subset,scene-0103_002,yaw,3.0,deg,13,Car,vehicle,72.3,44.7,29.9,0.0,1,0,0,0,0,,
nuscenes_mini_subset,scene-0103_002,yaw,3.0,deg,14,Car,vehicle,31.2,118.4,81.4,0.0,0,0,0,0,0,,
nuscenes_mini_subset,scene-0103_002,yaw,3.0,deg,15,Pedestrian,pedestrian,30.9,40.3,81.0,0.0,2,2,2,0,0,0.0,0.0
nuscenes_mini_subset,scene-0103_002,yaw,3.0,deg,16,Pedestrian,pedestrian,48.4,24.4,50.6,0.0,0,1,1,0,0,0.0,0.0
nuscenes_mini_subset,scene-0103_002,yaw,3.0,deg,17,Truck,vehicle,105.4,39.9,37.3,0.0,2,3,3,0,0,0.0,0.0
nuscenes_mini_subset,scene-0103_002,yaw,3.0,deg,18,Pedestrian,pedestrian,28.4,49.9,94.4,0.0,2,2,2,0,0,0.0,0.0
nuscenes_mini_subset,scene-0103_002,yaw,3.0,deg,19,Pedestrian,pedestrian,24.0,49.5,109.4,0.0,0,4,4,0,0,0.0,0.0
nuscenes_mini_subset,scene-0103_003,yaw,0.0,deg,0,Pedestrian,pedestrian,23.6,56.9,106.8,0.0,0,5,5,5,5,1.0,1.0
nuscenes_mini_subset,scene-0103_003,yaw,0.0,deg,1,Pedestrian,pedestrian,16.5,106.9,178.7,0.0,0,15,15,15,15,1.0,1.0
nuscenes_mini_subset,scene-0103_003,yaw,0.0,deg,2,Pedestrian,pedestrian,24.5,40.7,89.3,0.0,0,4,4,4,4,1.0,1.0
nuscenes_mini_subset,scene-0103_003,yaw,0.0,deg,3,Car,vehicle,39.9,68.1,50.1,0.0,0,7,7,7,7,1.0,1.0
nuscenes_mini_subset,scene-0103_003,yaw,0.0,deg,4,Pedestrian,pedestrian,42.6,20.1,40.7,0.0,0,1,1,1,1,1.0,1.0
nuscenes_mini_subset,scene-0103_003,yaw,0.0,deg,5,Car,vehicle,54.4,120.1,39.5,0.0,1,0,0,0,0,,
nuscenes_mini_subset,scene-0103_003,yaw,0.0,deg,6,Pedestrian,pedestrian,19.0,77.3,146.6,0.0,0,4,4,4,4,1.0,1.0
nuscenes_mini_subset,scene-0103_003,yaw,0.0,deg,7,Pedestrian,pedestrian,25.3,32.5,88.9,0.0,2,1,1,1,1,1.0,1.0
nuscenes_mini_subset,scene-0103_003,yaw,0.0,deg,8,Pedestrian,pedestrian,19.0,72.9,137.5,0.0,0,8,8,8,8,1.0,1.0
nuscenes_mini_subset,scene-0103_003,yaw,0.0,deg,9,Car,vehicle,47.9,61.5,42.9,0.0,0,4,4,4,4,1.0,1.0
nuscenes_mini_subset,scene-0103_003,yaw,0.0,deg,10,Car,vehicle,38.8,98.8,53.7,0.0,2,0,0,0,0,,
nuscenes_mini_subset,scene-0103_003,yaw,0.0,deg,11,Pedestrian,pedestrian,42.9,21.7,51.4,0.0,0,1,1,1,1,1.0,1.0
nuscenes_mini_subset,scene-0103_003,yaw,0.0,deg,12,Pedestrian,pedestrian,21.7,54.5,116.5,0.0,0,3,3,3,3,1.0,1.0
nuscenes_mini_subset,scene-0103_003,yaw,0.0,deg,13,Car,vehicle,68.2,47.6,31.1,0.0,1,0,0,0,0,,
nuscenes_mini_subset,scene-0103_003,yaw,0.0,deg,14,Car,vehicle,22.6,171.0,113.3,0.0,0,12,12,12,12,1.0,1.0
nuscenes_mini_subset,scene-0103_003,yaw,0.0,deg,15,Pedestrian,pedestrian,26.8,46.3,94.3,0.0,0,4,4,4,4,1.0,1.0
nuscenes_mini_subset,scene-0103_003,yaw,0.0,deg,16,Pedestrian,pedestrian,45.0,26.5,54.3,0.0,0,1,1,1,1,1.0,1.0
nuscenes_mini_subset,scene-0103_003,yaw,0.0,deg,17,Pedestrian,pedestrian,62.4,14.7,36.6,0.0,0,1,1,1,1,1.0,1.0
nuscenes_mini_subset,scene-0103_003,yaw,0.0,deg,18,Truck,vehicle,101.2,41.3,38.9,0.0,2,0,0,0,0,,
nuscenes_mini_subset,scene-0103_003,yaw,0.0,deg,19,Pedestrian,pedestrian,24.2,65.4,115.8,0.0,2,4,4,4,4,1.0,1.0
nuscenes_mini_subset,scene-0103_003,yaw,0.0,deg,20,Pedestrian,pedestrian,20.9,62.3,128.4,0.0,2,1,1,1,1,1.0,1.0
nuscenes_mini_subset,scene-0103_003,yaw,0.5,deg,0,Pedestrian,pedestrian,23.6,56.9,106.8,0.0,0,5,5,5,5,1.0,1.0
nuscenes_mini_subset,scene-0103_003,yaw,0.5,deg,1,Pedestrian,pedestrian,16.5,106.9,178.7,0.0,0,15,15,15,15,1.0,1.0
nuscenes_mini_subset,scene-0103_003,yaw,0.5,deg,2,Pedestrian,pedestrian,24.5,40.7,89.3,0.0,0,4,4,4,4,1.0,1.0
nuscenes_mini_subset,scene-0103_003,yaw,0.5,deg,3,Car,vehicle,39.9,68.1,50.1,0.0,0,7,7,6,6,0.8571,0.8571
nuscenes_mini_subset,scene-0103_003,yaw,0.5,deg,4,Pedestrian,pedestrian,42.6,20.1,40.7,0.0,0,1,1,1,1,1.0,1.0
nuscenes_mini_subset,scene-0103_003,yaw,0.5,deg,5,Car,vehicle,54.4,120.1,39.5,0.0,1,0,0,0,0,,
nuscenes_mini_subset,scene-0103_003,yaw,0.5,deg,6,Pedestrian,pedestrian,19.0,77.3,146.6,0.0,0,4,4,4,4,1.0,1.0
nuscenes_mini_subset,scene-0103_003,yaw,0.5,deg,7,Pedestrian,pedestrian,25.3,32.5,88.9,0.0,2,1,1,1,1,1.0,1.0
nuscenes_mini_subset,scene-0103_003,yaw,0.5,deg,8,Pedestrian,pedestrian,19.0,72.9,137.5,0.0,0,8,8,8,8,1.0,1.0
nuscenes_mini_subset,scene-0103_003,yaw,0.5,deg,9,Car,vehicle,47.9,61.5,42.9,0.0,0,4,4,3,3,0.75,0.75
nuscenes_mini_subset,scene-0103_003,yaw,0.5,deg,10,Car,vehicle,38.8,98.8,53.7,0.0,2,0,0,0,0,,
nuscenes_mini_subset,scene-0103_003,yaw,0.5,deg,11,Pedestrian,pedestrian,42.9,21.7,51.4,0.0,0,1,1,1,1,1.0,1.0
nuscenes_mini_subset,scene-0103_003,yaw,0.5,deg,12,Pedestrian,pedestrian,21.7,54.5,116.5,0.0,0,3,3,2,2,0.6667,0.6667
nuscenes_mini_subset,scene-0103_003,yaw,0.5,deg,13,Car,vehicle,68.2,47.6,31.1,0.0,1,0,0,0,0,,
nuscenes_mini_subset,scene-0103_003,yaw,0.5,deg,14,Car,vehicle,22.6,171.0,113.3,0.0,0,12,12,12,12,1.0,1.0
nuscenes_mini_subset,scene-0103_003,yaw,0.5,deg,15,Pedestrian,pedestrian,26.8,46.3,94.3,0.0,0,4,4,3,3,0.75,0.75
nuscenes_mini_subset,scene-0103_003,yaw,0.5,deg,16,Pedestrian,pedestrian,45.0,26.5,54.3,0.0,0,1,1,0,0,0.0,0.0
nuscenes_mini_subset,scene-0103_003,yaw,0.5,deg,17,Pedestrian,pedestrian,62.4,14.7,36.6,0.0,0,1,1,0,0,0.0,0.0
nuscenes_mini_subset,scene-0103_003,yaw,0.5,deg,18,Truck,vehicle,101.2,41.3,38.9,0.0,2,0,0,0,0,,
nuscenes_mini_subset,scene-0103_003,yaw,0.5,deg,19,Pedestrian,pedestrian,24.2,65.4,115.8,0.0,2,4,4,4,4,1.0,1.0
nuscenes_mini_subset,scene-0103_003,yaw,0.5,deg,20,Pedestrian,pedestrian,20.9,62.3,128.4,0.0,2,1,1,1,1,1.0,1.0
nuscenes_mini_subset,scene-0103_003,yaw,1.0,deg,0,Pedestrian,pedestrian,23.6,56.9,106.8,0.0,0,5,5,3,3,0.6,0.6
nuscenes_mini_subset,scene-0103_003,yaw,1.0,deg,1,Pedestrian,pedestrian,16.5,106.9,178.7,0.0,0,15,15,12,12,0.8,0.8
nuscenes_mini_subset,scene-0103_003,yaw,1.0,deg,2,Pedestrian,pedestrian,24.5,40.7,89.3,0.0,0,4,4,1,1,0.25,0.25
nuscenes_mini_subset,scene-0103_003,yaw,1.0,deg,3,Car,vehicle,39.9,68.1,50.1,0.0,0,7,7,5,5,0.7143,0.7143
nuscenes_mini_subset,scene-0103_003,yaw,1.0,deg,4,Pedestrian,pedestrian,42.6,20.1,40.7,0.0,0,1,1,0,0,0.0,0.0
nuscenes_mini_subset,scene-0103_003,yaw,1.0,deg,5,Car,vehicle,54.4,120.1,39.5,0.0,1,0,0,0,0,,
nuscenes_mini_subset,scene-0103_003,yaw,1.0,deg,6,Pedestrian,pedestrian,19.0,77.3,146.6,0.0,0,4,4,4,4,1.0,1.0
nuscenes_mini_subset,scene-0103_003,yaw,1.0,deg,7,Pedestrian,pedestrian,25.3,32.5,88.9,0.0,2,1,1,0,0,0.0,0.0
nuscenes_mini_subset,scene-0103_003,yaw,1.0,deg,8,Pedestrian,pedestrian,19.0,72.9,137.5,0.0,0,8,8,5,5,0.625,0.625
nuscenes_mini_subset,scene-0103_003,yaw,1.0,deg,9,Car,vehicle,47.9,61.5,42.9,0.0,0,4,4,2,2,0.5,0.5
nuscenes_mini_subset,scene-0103_003,yaw,1.0,deg,10,Car,vehicle,38.8,98.8,53.7,0.0,2,0,0,0,0,,
nuscenes_mini_subset,scene-0103_003,yaw,1.0,deg,11,Pedestrian,pedestrian,42.9,21.7,51.4,0.0,0,1,1,0,0,0.0,0.0
nuscenes_mini_subset,scene-0103_003,yaw,1.0,deg,12,Pedestrian,pedestrian,21.7,54.5,116.5,0.0,0,3,3,2,2,0.6667,0.6667
nuscenes_mini_subset,scene-0103_003,yaw,1.0,deg,13,Car,vehicle,68.2,47.6,31.1,0.0,1,0,0,0,0,,
nuscenes_mini_subset,scene-0103_003,yaw,1.0,deg,14,Car,vehicle,22.6,171.0,113.3,0.0,0,12,12,12,12,1.0,1.0
nuscenes_mini_subset,scene-0103_003,yaw,1.0,deg,15,Pedestrian,pedestrian,26.8,46.3,94.3,0.0,0,4,4,1,1,0.25,0.25
nuscenes_mini_subset,scene-0103_003,yaw,1.0,deg,16,Pedestrian,pedestrian,45.0,26.5,54.3,0.0,0,1,1,0,0,0.0,0.0
nuscenes_mini_subset,scene-0103_003,yaw,1.0,deg,17,Pedestrian,pedestrian,62.4,14.7,36.6,0.0,0,1,1,0,0,0.0,0.0
nuscenes_mini_subset,scene-0103_003,yaw,1.0,deg,18,Truck,vehicle,101.2,41.3,38.9,0.0,2,0,0,0,0,,
nuscenes_mini_subset,scene-0103_003,yaw,1.0,deg,19,Pedestrian,pedestrian,24.2,65.4,115.8,0.0,2,4,4,4,4,1.0,1.0
nuscenes_mini_subset,scene-0103_003,yaw,1.0,deg,20,Pedestrian,pedestrian,20.9,62.3,128.4,0.0,2,1,1,0,0,0.0,0.0
nuscenes_mini_subset,scene-0103_003,yaw,2.0,deg,0,Pedestrian,pedestrian,23.6,56.9,106.8,0.0,0,5,5,0,0,0.0,0.0
nuscenes_mini_subset,scene-0103_003,yaw,2.0,deg,1,Pedestrian,pedestrian,16.5,106.9,178.7,0.0,0,15,15,3,3,0.2,0.2
nuscenes_mini_subset,scene-0103_003,yaw,2.0,deg,2,Pedestrian,pedestrian,24.5,40.7,89.3,0.0,0,4,4,0,0,0.0,0.0
nuscenes_mini_subset,scene-0103_003,yaw,2.0,deg,3,Car,vehicle,39.9,68.1,50.1,0.0,0,7,7,2,2,0.2857,0.2857
nuscenes_mini_subset,scene-0103_003,yaw,2.0,deg,4,Pedestrian,pedestrian,42.6,20.1,40.7,0.0,0,1,1,0,0,0.0,0.0
nuscenes_mini_subset,scene-0103_003,yaw,2.0,deg,5,Car,vehicle,54.4,120.1,39.5,0.0,1,0,0,0,0,,
nuscenes_mini_subset,scene-0103_003,yaw,2.0,deg,6,Pedestrian,pedestrian,19.0,77.3,146.6,0.0,0,4,4,1,1,0.25,0.25
nuscenes_mini_subset,scene-0103_003,yaw,2.0,deg,7,Pedestrian,pedestrian,25.3,32.5,88.9,0.0,2,1,1,0,0,0.0,0.0
nuscenes_mini_subset,scene-0103_003,yaw,2.0,deg,8,Pedestrian,pedestrian,19.0,72.9,137.5,0.0,0,8,8,0,0,0.0,0.0
nuscenes_mini_subset,scene-0103_003,yaw,2.0,deg,9,Car,vehicle,47.9,61.5,42.9,0.0,0,4,4,0,0,0.0,0.0
nuscenes_mini_subset,scene-0103_003,yaw,2.0,deg,10,Car,vehicle,38.8,98.8,53.7,0.0,2,0,0,0,0,,
nuscenes_mini_subset,scene-0103_003,yaw,2.0,deg,11,Pedestrian,pedestrian,42.9,21.7,51.4,0.0,0,1,1,0,0,0.0,0.0
nuscenes_mini_subset,scene-0103_003,yaw,2.0,deg,12,Pedestrian,pedestrian,21.7,54.5,116.5,0.0,0,3,3,0,0,0.0,0.0
nuscenes_mini_subset,scene-0103_003,yaw,2.0,deg,13,Car,vehicle,68.2,47.6,31.1,0.0,1,0,0,0,0,,
nuscenes_mini_subset,scene-0103_003,yaw,2.0,deg,14,Car,vehicle,22.6,171.0,113.3,0.0,0,12,12,11,11,0.9167,0.9167
nuscenes_mini_subset,scene-0103_003,yaw,2.0,deg,15,Pedestrian,pedestrian,26.8,46.3,94.3,0.0,0,4,4,0,0,0.0,0.0
nuscenes_mini_subset,scene-0103_003,yaw,2.0,deg,16,Pedestrian,pedestrian,45.0,26.5,54.3,0.0,0,1,1,0,0,0.0,0.0
nuscenes_mini_subset,scene-0103_003,yaw,2.0,deg,17,Pedestrian,pedestrian,62.4,14.7,36.6,0.0,0,1,1,0,0,0.0,0.0
nuscenes_mini_subset,scene-0103_003,yaw,2.0,deg,18,Truck,vehicle,101.2,41.3,38.9,0.0,2,0,0,0,0,,
nuscenes_mini_subset,scene-0103_003,yaw,2.0,deg,19,Pedestrian,pedestrian,24.2,65.4,115.8,0.0,2,4,4,1,1,0.25,0.25
nuscenes_mini_subset,scene-0103_003,yaw,2.0,deg,20,Pedestrian,pedestrian,20.9,62.3,128.4,0.0,2,1,1,0,0,0.0,0.0
nuscenes_mini_subset,scene-0103_003,yaw,3.0,deg,0,Pedestrian,pedestrian,23.6,56.9,106.8,0.0,0,5,5,0,0,0.0,0.0
nuscenes_mini_subset,scene-0103_003,yaw,3.0,deg,1,Pedestrian,pedestrian,16.5,106.9,178.7,0.0,0,15,15,0,0,0.0,0.0
nuscenes_mini_subset,scene-0103_003,yaw,3.0,deg,2,Pedestrian,pedestrian,24.5,40.7,89.3,0.0,0,4,4,0,0,0.0,0.0
nuscenes_mini_subset,scene-0103_003,yaw,3.0,deg,3,Car,vehicle,39.9,68.1,50.1,0.0,0,7,7,0,0,0.0,0.0
nuscenes_mini_subset,scene-0103_003,yaw,3.0,deg,4,Pedestrian,pedestrian,42.6,20.1,40.7,0.0,0,1,1,0,0,0.0,0.0
nuscenes_mini_subset,scene-0103_003,yaw,3.0,deg,5,Car,vehicle,54.4,120.1,39.5,0.0,1,0,0,0,0,,
nuscenes_mini_subset,scene-0103_003,yaw,3.0,deg,6,Pedestrian,pedestrian,19.0,77.3,146.6,0.0,0,4,4,0,0,0.0,0.0
nuscenes_mini_subset,scene-0103_003,yaw,3.0,deg,7,Pedestrian,pedestrian,25.3,32.5,88.9,0.0,2,1,1,0,0,0.0,0.0
nuscenes_mini_subset,scene-0103_003,yaw,3.0,deg,8,Pedestrian,pedestrian,19.0,72.9,137.5,0.0,0,8,8,0,0,0.0,0.0
nuscenes_mini_subset,scene-0103_003,yaw,3.0,deg,9,Car,vehicle,47.9,61.5,42.9,0.0,0,4,4,0,0,0.0,0.0
nuscenes_mini_subset,scene-0103_003,yaw,3.0,deg,10,Car,vehicle,38.8,98.8,53.7,0.0,2,0,0,0,0,,
nuscenes_mini_subset,scene-0103_003,yaw,3.0,deg,11,Pedestrian,pedestrian,42.9,21.7,51.4,0.0,0,1,1,0,0,0.0,0.0
nuscenes_mini_subset,scene-0103_003,yaw,3.0,deg,12,Pedestrian,pedestrian,21.7,54.5,116.5,0.0,0,3,3,0,0,0.0,0.0
nuscenes_mini_subset,scene-0103_003,yaw,3.0,deg,13,Car,vehicle,68.2,47.6,31.1,0.0,1,0,0,0,0,,
nuscenes_mini_subset,scene-0103_003,yaw,3.0,deg,14,Car,vehicle,22.6,171.0,113.3,0.0,0,12,12,6,6,0.5,0.5
nuscenes_mini_subset,scene-0103_003,yaw,3.0,deg,15,Pedestrian,pedestrian,26.8,46.3,94.3,0.0,0,4,4,0,0,0.0,0.0
nuscenes_mini_subset,scene-0103_003,yaw,3.0,deg,16,Pedestrian,pedestrian,45.0,26.5,54.3,0.0,0,1,1,0,0,0.0,0.0
nuscenes_mini_subset,scene-0103_003,yaw,3.0,deg,17,Pedestrian,pedestrian,62.4,14.7,36.6,0.0,0,1,1,0,0,0.0,0.0
nuscenes_mini_subset,scene-0103_003,yaw,3.0,deg,18,Truck,vehicle,101.2,41.3,38.9,0.0,2,0,0,0,0,,
nuscenes_mini_subset,scene-0103_003,yaw,3.0,deg,19,Pedestrian,pedestrian,24.2,65.4,115.8,0.0,2,4,4,0,0,0.0,0.0
nuscenes_mini_subset,scene-0103_003,yaw,3.0,deg,20,Pedestrian,pedestrian,20.9,62.3,128.4,0.0,2,1,1,0,0,0.0,0.0
nuscenes_mini_subset,scene-0103_004,yaw,0.0,deg,0,Pedestrian,pedestrian,19.6,34.0,139.6,0.59,0,3,3,3,3,1.0,1.0
nuscenes_mini_subset,scene-0103_004,yaw,0.0,deg,1,Pedestrian,pedestrian,20.2,54.3,110.7,0.0,0,6,6,6,6,1.0,1.0
nuscenes_mini_subset,scene-0103_004,yaw,0.0,deg,2,Car,vehicle,40.5,66.8,49.2,0.0,0,1,1,1,1,1.0,1.0
nuscenes_mini_subset,scene-0103_004,yaw,0.0,deg,3,Pedestrian,pedestrian,39.0,22.6,44.8,0.0,2,0,0,0,0,,
nuscenes_mini_subset,scene-0103_004,yaw,0.0,deg,4,Car,vehicle,50.3,130.5,43.1,0.0,1,0,0,0,0,,
nuscenes_mini_subset,scene-0103_004,yaw,0.0,deg,5,Pedestrian,pedestrian,21.0,44.8,109.4,0.0,0,7,7,7,7,1.0,1.0
nuscenes_mini_subset,scene-0103_004,yaw,0.0,deg,6,Car,vehicle,50.4,117.6,44.2,0.0,2,1,1,1,1,1.0,1.0
nuscenes_mini_subset,scene-0103_004,yaw,0.0,deg,7,Pedestrian,pedestrian,15.4,105.0,184.2,0.0,0,16,16,16,16,1.0,1.0
nuscenes_mini_subset,scene-0103_004,yaw,0.0,deg,8,Car,vehicle,39.4,77.0,52.8,0.0,0,0,0,0,0,,
nuscenes_mini_subset,scene-0103_004,yaw,0.0,deg,9,Car,vehicle,34.5,114.6,60.3,0.0,0,1,1,1,1,1.0,1.0
nuscenes_mini_subset,scene-0103_004,yaw,0.0,deg,10,Pedestrian,pedestrian,39.4,25.6,56.6,0.0,2,1,1,1,1,1.0,1.0
nuscenes_mini_subset,scene-0103_004,yaw,0.0,deg,11,Pedestrian,pedestrian,17.5,78.9,150.5,0.0,0,9,9,9,9,1.0,1.0
nuscenes_mini_subset,scene-0103_004,yaw,0.0,deg,12,Pedestrian,pedestrian,22.8,39.0,96.6,0.0,0,3,3,3,3,1.0,1.0
nuscenes_mini_subset,scene-0103_004,yaw,0.0,deg,13,Car,vehicle,64.0,51.1,33.4,0.0,1,0,0,0,0,,
nuscenes_mini_subset,scene-0103_004,yaw,0.0,deg,15,Car,vehicle,14.0,342.9,203.1,0.0,0,53,53,53,53,1.0,1.0
nuscenes_mini_subset,scene-0103_004,yaw,0.0,deg,16,Car,vehicle,48.8,63.3,42.1,0.0,0,5,5,5,5,1.0,1.0
nuscenes_mini_subset,scene-0103_004,yaw,0.0,deg,17,Pedestrian,pedestrian,22.6,43.1,113.9,0.0,2,2,2,2,2,1.0,1.0
nuscenes_mini_subset,scene-0103_004,yaw,0.0,deg,18,Pedestrian,pedestrian,41.7,29.2,58.6,0.0,0,1,1,1,1,1.0,1.0
nuscenes_mini_subset,scene-0103_004,yaw,0.0,deg,19,Pedestrian,pedestrian,59.1,15.6,38.5,0.0,0,2,2,2,2,1.0,1.0
nuscenes_mini_subset,scene-0103_004,yaw,0.0,deg,20,Truck,vehicle,97.0,43.0,41.9,0.0,2,1,1,1,1,1.0,1.0
nuscenes_mini_subset,scene-0103_004,yaw,0.0,deg,21,Pedestrian,pedestrian,17.8,40.6,156.6,0.51,0,4,4,4,4,1.0,1.0
nuscenes_mini_subset,scene-0103_004,yaw,0.5,deg,0,Pedestrian,pedestrian,19.6,34.0,139.6,0.59,0,3,0,0,0,0.0,
nuscenes_mini_subset,scene-0103_004,yaw,0.5,deg,1,Pedestrian,pedestrian,20.2,54.3,110.7,0.0,0,6,6,4,4,0.6667,0.6667
nuscenes_mini_subset,scene-0103_004,yaw,0.5,deg,2,Car,vehicle,40.5,66.8,49.2,0.0,0,1,1,1,1,1.0,1.0
nuscenes_mini_subset,scene-0103_004,yaw,0.5,deg,3,Pedestrian,pedestrian,39.0,22.6,44.8,0.0,2,0,0,0,0,,
nuscenes_mini_subset,scene-0103_004,yaw,0.5,deg,4,Car,vehicle,50.3,130.5,43.1,0.0,1,0,0,0,0,,
nuscenes_mini_subset,scene-0103_004,yaw,0.5,deg,5,Pedestrian,pedestrian,21.0,44.8,109.4,0.0,0,7,7,7,7,1.0,1.0
nuscenes_mini_subset,scene-0103_004,yaw,0.5,deg,6,Car,vehicle,50.4,117.6,44.2,0.0,2,1,1,1,1,1.0,1.0
nuscenes_mini_subset,scene-0103_004,yaw,0.5,deg,7,Pedestrian,pedestrian,15.4,105.0,184.2,0.0,0,16,16,16,16,1.0,1.0
nuscenes_mini_subset,scene-0103_004,yaw,0.5,deg,8,Car,vehicle,39.4,77.0,52.8,0.0,0,0,0,0,0,,
nuscenes_mini_subset,scene-0103_004,yaw,0.5,deg,9,Car,vehicle,34.5,114.6,60.3,0.0,0,1,1,1,1,1.0,1.0
nuscenes_mini_subset,scene-0103_004,yaw,0.5,deg,10,Pedestrian,pedestrian,39.4,25.6,56.6,0.0,2,1,1,1,1,1.0,1.0
nuscenes_mini_subset,scene-0103_004,yaw,0.5,deg,11,Pedestrian,pedestrian,17.5,78.9,150.5,0.0,0,9,9,9,9,1.0,1.0
nuscenes_mini_subset,scene-0103_004,yaw,0.5,deg,12,Pedestrian,pedestrian,22.8,39.0,96.6,0.0,0,3,3,3,3,1.0,1.0
nuscenes_mini_subset,scene-0103_004,yaw,0.5,deg,13,Car,vehicle,64.0,51.1,33.4,0.0,1,0,0,0,0,,
nuscenes_mini_subset,scene-0103_004,yaw,0.5,deg,15,Car,vehicle,14.0,342.9,203.1,0.0,0,53,53,53,53,1.0,1.0
nuscenes_mini_subset,scene-0103_004,yaw,0.5,deg,16,Car,vehicle,48.8,63.3,42.1,0.0,0,5,5,5,5,1.0,1.0
nuscenes_mini_subset,scene-0103_004,yaw,0.5,deg,17,Pedestrian,pedestrian,22.6,43.1,113.9,0.0,2,2,2,2,2,1.0,1.0
nuscenes_mini_subset,scene-0103_004,yaw,0.5,deg,18,Pedestrian,pedestrian,41.7,29.2,58.6,0.0,0,1,1,0,0,0.0,0.0
nuscenes_mini_subset,scene-0103_004,yaw,0.5,deg,19,Pedestrian,pedestrian,59.1,15.6,38.5,0.0,0,2,2,0,0,0.0,0.0
nuscenes_mini_subset,scene-0103_004,yaw,0.5,deg,20,Truck,vehicle,97.0,43.0,41.9,0.0,2,1,1,0,0,0.0,0.0
nuscenes_mini_subset,scene-0103_004,yaw,0.5,deg,21,Pedestrian,pedestrian,17.8,40.6,156.6,0.51,0,4,9,3,7,0.75,0.7778
nuscenes_mini_subset,scene-0103_004,yaw,1.0,deg,0,Pedestrian,pedestrian,19.6,34.0,139.6,0.59,0,3,0,0,0,0.0,
nuscenes_mini_subset,scene-0103_004,yaw,1.0,deg,1,Pedestrian,pedestrian,20.2,54.3,110.7,0.0,0,6,6,4,4,0.6667,0.6667
nuscenes_mini_subset,scene-0103_004,yaw,1.0,deg,2,Car,vehicle,40.5,66.8,49.2,0.0,0,1,1,0,0,0.0,0.0
nuscenes_mini_subset,scene-0103_004,yaw,1.0,deg,3,Pedestrian,pedestrian,39.0,22.6,44.8,0.0,2,0,0,0,0,,
nuscenes_mini_subset,scene-0103_004,yaw,1.0,deg,4,Car,vehicle,50.3,130.5,43.1,0.0,1,0,0,0,0,,
nuscenes_mini_subset,scene-0103_004,yaw,1.0,deg,5,Pedestrian,pedestrian,21.0,44.8,109.4,0.0,0,7,7,2,2,0.2857,0.2857
nuscenes_mini_subset,scene-0103_004,yaw,1.0,deg,6,Car,vehicle,50.4,117.6,44.2,0.0,2,1,1,1,1,1.0,1.0
nuscenes_mini_subset,scene-0103_004,yaw,1.0,deg,7,Pedestrian,pedestrian,15.4,105.0,184.2,0.0,0,16,16,15,15,0.9375,0.9375
nuscenes_mini_subset,scene-0103_004,yaw,1.0,deg,8,Car,vehicle,39.4,77.0,52.8,0.0,0,0,0,0,0,,
nuscenes_mini_subset,scene-0103_004,yaw,1.0,deg,9,Car,vehicle,34.5,114.6,60.3,0.0,0,1,1,1,1,1.0,1.0
nuscenes_mini_subset,scene-0103_004,yaw,1.0,deg,10,Pedestrian,pedestrian,39.4,25.6,56.6,0.0,2,1,1,0,0,0.0,0.0
nuscenes_mini_subset,scene-0103_004,yaw,1.0,deg,11,Pedestrian,pedestrian,17.5,78.9,150.5,0.0,0,9,9,7,7,0.7778,0.7778
nuscenes_mini_subset,scene-0103_004,yaw,1.0,deg,12,Pedestrian,pedestrian,22.8,39.0,96.6,0.0,0,3,3,0,0,0.0,0.0
nuscenes_mini_subset,scene-0103_004,yaw,1.0,deg,13,Car,vehicle,64.0,51.1,33.4,0.0,1,0,0,0,0,,
nuscenes_mini_subset,scene-0103_004,yaw,1.0,deg,15,Car,vehicle,14.0,342.9,203.1,0.0,0,53,53,53,53,1.0,1.0
nuscenes_mini_subset,scene-0103_004,yaw,1.0,deg,16,Car,vehicle,48.8,63.3,42.1,0.0,0,5,5,4,4,0.8,0.8
nuscenes_mini_subset,scene-0103_004,yaw,1.0,deg,17,Pedestrian,pedestrian,22.6,43.1,113.9,0.0,2,2,2,0,0,0.0,0.0
nuscenes_mini_subset,scene-0103_004,yaw,1.0,deg,18,Pedestrian,pedestrian,41.7,29.2,58.6,0.0,0,1,1,0,0,0.0,0.0
nuscenes_mini_subset,scene-0103_004,yaw,1.0,deg,19,Pedestrian,pedestrian,59.1,15.6,38.5,0.0,0,2,2,0,0,0.0,0.0
nuscenes_mini_subset,scene-0103_004,yaw,1.0,deg,20,Truck,vehicle,97.0,43.0,41.9,0.0,2,1,1,0,0,0.0,0.0
nuscenes_mini_subset,scene-0103_004,yaw,1.0,deg,21,Pedestrian,pedestrian,17.8,40.6,156.6,0.51,0,4,9,2,7,0.5,0.7778
nuscenes_mini_subset,scene-0103_004,yaw,2.0,deg,0,Pedestrian,pedestrian,19.6,34.0,139.6,0.59,0,3,0,0,0,0.0,
nuscenes_mini_subset,scene-0103_004,yaw,2.0,deg,1,Pedestrian,pedestrian,20.2,54.3,110.7,0.0,0,6,6,0,0,0.0,0.0
nuscenes_mini_subset,scene-0103_004,yaw,2.0,deg,2,Car,vehicle,40.5,66.8,49.2,0.0,0,1,1,0,0,0.0,0.0
nuscenes_mini_subset,scene-0103_004,yaw,2.0,deg,3,Pedestrian,pedestrian,39.0,22.6,44.8,0.0,2,0,0,0,0,,
nuscenes_mini_subset,scene-0103_004,yaw,2.0,deg,4,Car,vehicle,50.3,130.5,43.1,0.0,1,0,0,0,0,,
nuscenes_mini_subset,scene-0103_004,yaw,2.0,deg,5,Pedestrian,pedestrian,21.0,44.8,109.4,0.0,0,7,7,0,0,0.0,0.0
nuscenes_mini_subset,scene-0103_004,yaw,2.0,deg,6,Car,vehicle,50.4,117.6,44.2,0.0,2,1,1,1,1,1.0,1.0
nuscenes_mini_subset,scene-0103_004,yaw,2.0,deg,7,Pedestrian,pedestrian,15.4,105.0,184.2,0.0,0,16,14,7,7,0.4375,0.5
nuscenes_mini_subset,scene-0103_004,yaw,2.0,deg,8,Car,vehicle,39.4,77.0,52.8,0.0,0,0,0,0,0,,
nuscenes_mini_subset,scene-0103_004,yaw,2.0,deg,9,Car,vehicle,34.5,114.6,60.3,0.0,0,1,1,0,0,0.0,0.0
nuscenes_mini_subset,scene-0103_004,yaw,2.0,deg,10,Pedestrian,pedestrian,39.4,25.6,56.6,0.0,2,1,1,0,0,0.0,0.0
nuscenes_mini_subset,scene-0103_004,yaw,2.0,deg,11,Pedestrian,pedestrian,17.5,78.9,150.5,0.0,0,9,9,0,0,0.0,0.0
nuscenes_mini_subset,scene-0103_004,yaw,2.0,deg,12,Pedestrian,pedestrian,22.8,39.0,96.6,0.0,0,3,3,0,0,0.0,0.0
nuscenes_mini_subset,scene-0103_004,yaw,2.0,deg,13,Car,vehicle,64.0,51.1,33.4,0.0,1,0,0,0,0,,
nuscenes_mini_subset,scene-0103_004,yaw,2.0,deg,15,Car,vehicle,14.0,342.9,203.1,0.0,0,53,53,51,51,0.9623,0.9623
nuscenes_mini_subset,scene-0103_004,yaw,2.0,deg,16,Car,vehicle,48.8,63.3,42.1,0.0,0,5,5,1,1,0.2,0.2
nuscenes_mini_subset,scene-0103_004,yaw,2.0,deg,17,Pedestrian,pedestrian,22.6,43.1,113.9,0.0,2,2,2,0,0,0.0,0.0
nuscenes_mini_subset,scene-0103_004,yaw,2.0,deg,18,Pedestrian,pedestrian,41.7,29.2,58.6,0.0,0,1,1,0,0,0.0,0.0
nuscenes_mini_subset,scene-0103_004,yaw,2.0,deg,19,Pedestrian,pedestrian,59.1,15.6,38.5,0.0,0,2,2,0,0,0.0,0.0
nuscenes_mini_subset,scene-0103_004,yaw,2.0,deg,20,Truck,vehicle,97.0,43.0,41.9,0.0,2,1,1,0,0,0.0,0.0
nuscenes_mini_subset,scene-0103_004,yaw,2.0,deg,21,Pedestrian,pedestrian,17.8,40.6,156.6,0.51,0,4,9,0,0,0.0,0.0
nuscenes_mini_subset,scene-0103_004,yaw,3.0,deg,0,Pedestrian,pedestrian,19.6,34.0,139.6,0.59,0,3,0,0,0,0.0,
nuscenes_mini_subset,scene-0103_004,yaw,3.0,deg,1,Pedestrian,pedestrian,20.2,54.3,110.7,0.0,0,6,6,0,0,0.0,0.0
nuscenes_mini_subset,scene-0103_004,yaw,3.0,deg,2,Car,vehicle,40.5,66.8,49.2,0.0,0,1,1,0,0,0.0,0.0
nuscenes_mini_subset,scene-0103_004,yaw,3.0,deg,3,Pedestrian,pedestrian,39.0,22.6,44.8,0.0,2,0,0,0,0,,
nuscenes_mini_subset,scene-0103_004,yaw,3.0,deg,4,Car,vehicle,50.3,130.5,43.1,0.0,1,0,0,0,0,,
nuscenes_mini_subset,scene-0103_004,yaw,3.0,deg,5,Pedestrian,pedestrian,21.0,44.8,109.4,0.0,0,7,7,0,0,0.0,0.0
nuscenes_mini_subset,scene-0103_004,yaw,3.0,deg,6,Car,vehicle,50.4,117.6,44.2,0.0,2,1,1,0,0,0.0,0.0
nuscenes_mini_subset,scene-0103_004,yaw,3.0,deg,7,Pedestrian,pedestrian,15.4,105.0,184.2,0.0,0,16,3,0,0,0.0,0.0
nuscenes_mini_subset,scene-0103_004,yaw,3.0,deg,8,Car,vehicle,39.4,77.0,52.8,0.0,0,0,0,0,0,,
nuscenes_mini_subset,scene-0103_004,yaw,3.0,deg,9,Car,vehicle,34.5,114.6,60.3,0.0,0,1,1,0,0,0.0,0.0
nuscenes_mini_subset,scene-0103_004,yaw,3.0,deg,10,Pedestrian,pedestrian,39.4,25.6,56.6,0.0,2,1,1,0,0,0.0,0.0
nuscenes_mini_subset,scene-0103_004,yaw,3.0,deg,11,Pedestrian,pedestrian,17.5,78.9,150.5,0.0,0,9,9,0,0,0.0,0.0
nuscenes_mini_subset,scene-0103_004,yaw,3.0,deg,12,Pedestrian,pedestrian,22.8,39.0,96.6,0.0,0,3,3,0,0,0.0,0.0
nuscenes_mini_subset,scene-0103_004,yaw,3.0,deg,13,Car,vehicle,64.0,51.1,33.4,0.0,1,0,0,0,0,,
nuscenes_mini_subset,scene-0103_004,yaw,3.0,deg,15,Car,vehicle,14.0,342.9,203.1,0.0,0,53,53,47,47,0.8868,0.8868
nuscenes_mini_subset,scene-0103_004,yaw,3.0,deg,16,Car,vehicle,48.8,63.3,42.1,0.0,0,5,5,0,0,0.0,0.0
nuscenes_mini_subset,scene-0103_004,yaw,3.0,deg,17,Pedestrian,pedestrian,22.6,43.1,113.9,0.0,2,2,2,0,0,0.0,0.0
nuscenes_mini_subset,scene-0103_004,yaw,3.0,deg,18,Pedestrian,pedestrian,41.7,29.2,58.6,0.0,0,1,1,0,0,0.0,0.0
nuscenes_mini_subset,scene-0103_004,yaw,3.0,deg,19,Pedestrian,pedestrian,59.1,15.6,38.5,0.0,0,2,2,0,0,0.0,0.0
nuscenes_mini_subset,scene-0103_004,yaw,3.0,deg,20,Truck,vehicle,97.0,43.0,41.9,0.0,2,1,1,0,0,0.0,0.0
nuscenes_mini_subset,scene-0103_004,yaw,3.0,deg,21,Pedestrian,pedestrian,17.8,40.6,156.6,0.51,0,4,9,0,0,0.0,0.0
nuscenes_mini_subset,scene-0103_005,yaw,0.0,deg,0,Pedestrian,pedestrian,15.9,81.7,147.4,0.0,0,13,13,13,13,1.0,1.0
nuscenes_mini_subset,scene-0103_005,yaw,0.0,deg,1,Car,vehicle,39.7,68.0,50.1,0.0,0,2,2,2,2,1.0,1.0
nuscenes_mini_subset,scene-0103_005,yaw,0.0,deg,2,Pedestrian,pedestrian,35.3,26.0,50.2,0.0,0,2,2,2,2,1.0,1.0
nuscenes_mini_subset,scene-0103_005,yaw,0.0,deg,3,Car,vehicle,46.0,143.1,47.5,0.0,0,0,0,0,0,,
nuscenes_mini_subset,scene-0103_005,yaw,0.0,deg,4,Pedestrian,pedestrian,16.7,50.5,144.7,0.25,0,8,8,8,8,1.0,1.0
nuscenes_mini_subset,scene-0103_005,yaw,0.0,deg,5,Car,vehicle,46.1,132.1,48.9,0.0,2,6,6,6,6,1.0,1.0
nuscenes_mini_subset,scene-0103_005,yaw,0.0,deg,6,Car,vehicle,30.7,103.5,68.9,0.0,0,0,0,0,0,,
nuscenes_mini_subset,scene-0103_005,yaw,0.0,deg,7,Car,vehicle,30.1,137.7,70.3,0.0,0,5,5,5,5,1.0,1.0
nuscenes_mini_subset,scene-0103_005,yaw,0.0,deg,8,Pedestrian,pedestrian,35.8,30.5,63.2,0.0,0,3,3,3,3,1.0,1.0
nuscenes_mini_subset,scene-0103_005,yaw,0.0,deg,9,Pedestrian,pedestrian,18.4,54.7,123.7,0.0,0,7,7,7,7,1.0,1.0
nuscenes_mini_subset,scene-0103_005,yaw,0.0,deg,10,Car,vehicle,59.7,55.5,36.8,0.0,2,0,0,0,0,,
nuscenes_mini_subset,scene-0103_005,yaw,0.0,deg,12,Car,vehicle,6.2,299.6,655.4,0.92,0,65,65,65,65,1.0,1.0
nuscenes_mini_subset,scene-0103_005,yaw,0.0,deg,13,Car,vehicle,44.6,68.8,46.6,0.0,0,0,0,0,0,,
nuscenes_mini_subset,scene-0103_005,yaw,0.0,deg,14,Pedestrian,pedestrian,18.3,60.0,146.4,0.0,2,2,2,2,2,1.0,1.0
nuscenes_mini_subset,scene-0103_005,yaw,0.0,deg,15,Pedestrian,pedestrian,38.2,32.5,64.0,0.0,0,1,1,1,1,1.0,1.0
nuscenes_mini_subset,scene-0103_005,yaw,0.0,deg,16,Pedestrian,pedestrian,55.6,16.6,41.0,0.0,0,1,1,1,1,1.0,1.0
nuscenes_mini_subset,scene-0103_005,yaw,0.0,deg,17,Truck,vehicle,92.7,45.1,44.8,0.0,2,2,2,2,2,1.0,1.0
nuscenes_mini_subset,scene-0103_005,yaw,0.0,deg,18,Car,vehicle,66.1,41.5,32.1,0.0,0,0,0,0,0,,
nuscenes_mini_subset,scene-0103_005,yaw,0.0,deg,19,Pedestrian,pedestrian,56.0,16.9,42.1,0.0,0,1,1,1,1,1.0,1.0
nuscenes_mini_subset,scene-0103_005,yaw,0.5,deg,0,Pedestrian,pedestrian,15.9,81.7,147.4,0.0,0,13,13,13,13,1.0,1.0
nuscenes_mini_subset,scene-0103_005,yaw,0.5,deg,1,Car,vehicle,39.7,68.0,50.1,0.0,0,2,2,1,1,0.5,0.5
nuscenes_mini_subset,scene-0103_005,yaw,0.5,deg,2,Pedestrian,pedestrian,35.3,26.0,50.2,0.0,0,2,2,2,2,1.0,1.0
nuscenes_mini_subset,scene-0103_005,yaw,0.5,deg,3,Car,vehicle,46.0,143.1,47.5,0.0,0,0,0,0,0,,
nuscenes_mini_subset,scene-0103_005,yaw,0.5,deg,4,Pedestrian,pedestrian,16.7,50.5,144.7,0.25,0,8,9,8,9,1.0,1.0
nuscenes_mini_subset,scene-0103_005,yaw,0.5,deg,5,Car,vehicle,46.1,132.1,48.9,0.0,2,6,6,6,6,1.0,1.0
nuscenes_mini_subset,scene-0103_005,yaw,0.5,deg,6,Car,vehicle,30.7,103.5,68.9,0.0,0,0,0,0,0,,
nuscenes_mini_subset,scene-0103_005,yaw,0.5,deg,7,Car,vehicle,30.1,137.7,70.3,0.0,0,5,5,5,5,1.0,1.0
nuscenes_mini_subset,scene-0103_005,yaw,0.5,deg,8,Pedestrian,pedestrian,35.8,30.5,63.2,0.0,0,3,3,2,2,0.6667,0.6667
nuscenes_mini_subset,scene-0103_005,yaw,0.5,deg,9,Pedestrian,pedestrian,18.4,54.7,123.7,0.0,0,7,7,7,7,1.0,1.0
nuscenes_mini_subset,scene-0103_005,yaw,0.5,deg,10,Car,vehicle,59.7,55.5,36.8,0.0,2,0,0,0,0,,
nuscenes_mini_subset,scene-0103_005,yaw,0.5,deg,12,Car,vehicle,6.2,299.6,655.4,0.92,0,65,63,63,63,0.9692,1.0
nuscenes_mini_subset,scene-0103_005,yaw,0.5,deg,13,Car,vehicle,44.6,68.8,46.6,0.0,0,0,0,0,0,,
nuscenes_mini_subset,scene-0103_005,yaw,0.5,deg,14,Pedestrian,pedestrian,18.3,60.0,146.4,0.0,2,2,2,2,2,1.0,1.0
nuscenes_mini_subset,scene-0103_005,yaw,0.5,deg,15,Pedestrian,pedestrian,38.2,32.5,64.0,0.0,0,1,1,0,0,0.0,0.0
nuscenes_mini_subset,scene-0103_005,yaw,0.5,deg,16,Pedestrian,pedestrian,55.6,16.6,41.0,0.0,0,1,1,0,0,0.0,0.0
nuscenes_mini_subset,scene-0103_005,yaw,0.5,deg,17,Truck,vehicle,92.7,45.1,44.8,0.0,2,2,2,1,1,0.5,0.5
nuscenes_mini_subset,scene-0103_005,yaw,0.5,deg,18,Car,vehicle,66.1,41.5,32.1,0.0,0,0,0,0,0,,
nuscenes_mini_subset,scene-0103_005,yaw,0.5,deg,19,Pedestrian,pedestrian,56.0,16.9,42.1,0.0,0,1,1,1,1,1.0,1.0
nuscenes_mini_subset,scene-0103_005,yaw,1.0,deg,0,Pedestrian,pedestrian,15.9,81.7,147.4,0.0,0,13,13,12,12,0.9231,0.9231
nuscenes_mini_subset,scene-0103_005,yaw,1.0,deg,1,Car,vehicle,39.7,68.0,50.1,0.0,0,2,2,1,1,0.5,0.5
nuscenes_mini_subset,scene-0103_005,yaw,1.0,deg,2,Pedestrian,pedestrian,35.3,26.0,50.2,0.0,0,2,2,0,0,0.0,0.0
nuscenes_mini_subset,scene-0103_005,yaw,1.0,deg,3,Car,vehicle,46.0,143.1,47.5,0.0,0,0,0,0,0,,
nuscenes_mini_subset,scene-0103_005,yaw,1.0,deg,4,Pedestrian,pedestrian,16.7,50.5,144.7,0.25,0,8,9,3,4,0.375,0.4444
nuscenes_mini_subset,scene-0103_005,yaw,1.0,deg,5,Car,vehicle,46.1,132.1,48.9,0.0,2,6,6,6,6,1.0,1.0
nuscenes_mini_subset,scene-0103_005,yaw,1.0,deg,6,Car,vehicle,30.7,103.5,68.9,0.0,0,0,0,0,0,,
nuscenes_mini_subset,scene-0103_005,yaw,1.0,deg,7,Car,vehicle,30.1,137.7,70.3,0.0,0,5,5,5,5,1.0,1.0
nuscenes_mini_subset,scene-0103_005,yaw,1.0,deg,8,Pedestrian,pedestrian,35.8,30.5,63.2,0.0,0,3,3,1,1,0.3333,0.3333
nuscenes_mini_subset,scene-0103_005,yaw,1.0,deg,9,Pedestrian,pedestrian,18.4,54.7,123.7,0.0,0,7,7,5,5,0.7143,0.7143
nuscenes_mini_subset,scene-0103_005,yaw,1.0,deg,10,Car,vehicle,59.7,55.5,36.8,0.0,2,0,0,0,0,,
nuscenes_mini_subset,scene-0103_005,yaw,1.0,deg,12,Car,vehicle,6.2,299.6,655.4,0.92,0,65,58,58,58,0.8923,1.0
nuscenes_mini_subset,scene-0103_005,yaw,1.0,deg,13,Car,vehicle,44.6,68.8,46.6,0.0,0,0,0,0,0,,
nuscenes_mini_subset,scene-0103_005,yaw,1.0,deg,14,Pedestrian,pedestrian,18.3,60.0,146.4,0.0,2,2,2,0,0,0.0,0.0
nuscenes_mini_subset,scene-0103_005,yaw,1.0,deg,15,Pedestrian,pedestrian,38.2,32.5,64.0,0.0,0,1,1,0,0,0.0,0.0
nuscenes_mini_subset,scene-0103_005,yaw,1.0,deg,16,Pedestrian,pedestrian,55.6,16.6,41.0,0.0,0,1,1,0,0,0.0,0.0
nuscenes_mini_subset,scene-0103_005,yaw,1.0,deg,17,Truck,vehicle,92.7,45.1,44.8,0.0,2,2,2,1,1,0.5,0.5
nuscenes_mini_subset,scene-0103_005,yaw,1.0,deg,18,Car,vehicle,66.1,41.5,32.1,0.0,0,0,0,0,0,,
nuscenes_mini_subset,scene-0103_005,yaw,1.0,deg,19,Pedestrian,pedestrian,56.0,16.9,42.1,0.0,0,1,1,0,0,0.0,0.0
nuscenes_mini_subset,scene-0103_005,yaw,2.0,deg,0,Pedestrian,pedestrian,15.9,81.7,147.4,0.0,0,13,13,3,3,0.2308,0.2308
nuscenes_mini_subset,scene-0103_005,yaw,2.0,deg,1,Car,vehicle,39.7,68.0,50.1,0.0,0,2,2,0,0,0.0,0.0
nuscenes_mini_subset,scene-0103_005,yaw,2.0,deg,2,Pedestrian,pedestrian,35.3,26.0,50.2,0.0,0,2,2,0,0,0.0,0.0
nuscenes_mini_subset,scene-0103_005,yaw,2.0,deg,3,Car,vehicle,46.0,143.1,47.5,0.0,0,0,0,0,0,,
nuscenes_mini_subset,scene-0103_005,yaw,2.0,deg,4,Pedestrian,pedestrian,16.7,50.5,144.7,0.25,0,8,9,0,0,0.0,0.0
nuscenes_mini_subset,scene-0103_005,yaw,2.0,deg,5,Car,vehicle,46.1,132.1,48.9,0.0,2,6,6,6,6,1.0,1.0
nuscenes_mini_subset,scene-0103_005,yaw,2.0,deg,6,Car,vehicle,30.7,103.5,68.9,0.0,0,0,0,0,0,,
nuscenes_mini_subset,scene-0103_005,yaw,2.0,deg,7,Car,vehicle,30.1,137.7,70.3,0.0,0,5,5,5,5,1.0,1.0
nuscenes_mini_subset,scene-0103_005,yaw,2.0,deg,8,Pedestrian,pedestrian,35.8,30.5,63.2,0.0,0,3,3,0,0,0.0,0.0
nuscenes_mini_subset,scene-0103_005,yaw,2.0,deg,9,Pedestrian,pedestrian,18.4,54.7,123.7,0.0,0,7,7,0,0,0.0,0.0
nuscenes_mini_subset,scene-0103_005,yaw,2.0,deg,10,Car,vehicle,59.7,55.5,36.8,0.0,2,0,0,0,0,,
nuscenes_mini_subset,scene-0103_005,yaw,2.0,deg,12,Car,vehicle,6.2,299.6,655.4,0.92,0,65,51,51,51,0.7846,1.0
nuscenes_mini_subset,scene-0103_005,yaw,2.0,deg,13,Car,vehicle,44.6,68.8,46.6,0.0,0,0,0,0,0,,
nuscenes_mini_subset,scene-0103_005,yaw,2.0,deg,14,Pedestrian,pedestrian,18.3,60.0,146.4,0.0,2,2,2,0,0,0.0,0.0
nuscenes_mini_subset,scene-0103_005,yaw,2.0,deg,15,Pedestrian,pedestrian,38.2,32.5,64.0,0.0,0,1,1,0,0,0.0,0.0
nuscenes_mini_subset,scene-0103_005,yaw,2.0,deg,16,Pedestrian,pedestrian,55.6,16.6,41.0,0.0,0,1,1,0,0,0.0,0.0
nuscenes_mini_subset,scene-0103_005,yaw,2.0,deg,17,Truck,vehicle,92.7,45.1,44.8,0.0,2,2,2,0,0,0.0,0.0
nuscenes_mini_subset,scene-0103_005,yaw,2.0,deg,18,Car,vehicle,66.1,41.5,32.1,0.0,0,0,0,0,0,,
nuscenes_mini_subset,scene-0103_005,yaw,2.0,deg,19,Pedestrian,pedestrian,56.0,16.9,42.1,0.0,0,1,1,0,0,0.0,0.0
nuscenes_mini_subset,scene-0103_005,yaw,3.0,deg,0,Pedestrian,pedestrian,15.9,81.7,147.4,0.0,0,13,13,0,0,0.0,0.0
nuscenes_mini_subset,scene-0103_005,yaw,3.0,deg,1,Car,vehicle,39.7,68.0,50.1,0.0,0,2,2,0,0,0.0,0.0
nuscenes_mini_subset,scene-0103_005,yaw,3.0,deg,2,Pedestrian,pedestrian,35.3,26.0,50.2,0.0,0,2,2,0,0,0.0,0.0
nuscenes_mini_subset,scene-0103_005,yaw,3.0,deg,3,Car,vehicle,46.0,143.1,47.5,0.0,0,0,0,0,0,,
nuscenes_mini_subset,scene-0103_005,yaw,3.0,deg,4,Pedestrian,pedestrian,16.7,50.5,144.7,0.25,0,8,9,0,0,0.0,0.0
nuscenes_mini_subset,scene-0103_005,yaw,3.0,deg,5,Car,vehicle,46.1,132.1,48.9,0.0,2,6,6,4,4,0.6667,0.6667
nuscenes_mini_subset,scene-0103_005,yaw,3.0,deg,6,Car,vehicle,30.7,103.5,68.9,0.0,0,0,0,0,0,,
nuscenes_mini_subset,scene-0103_005,yaw,3.0,deg,7,Car,vehicle,30.1,137.7,70.3,0.0,0,5,5,3,3,0.6,0.6
nuscenes_mini_subset,scene-0103_005,yaw,3.0,deg,8,Pedestrian,pedestrian,35.8,30.5,63.2,0.0,0,3,3,0,0,0.0,0.0
nuscenes_mini_subset,scene-0103_005,yaw,3.0,deg,9,Pedestrian,pedestrian,18.4,54.7,123.7,0.0,0,7,7,0,0,0.0,0.0
nuscenes_mini_subset,scene-0103_005,yaw,3.0,deg,10,Car,vehicle,59.7,55.5,36.8,0.0,2,0,0,0,0,,
nuscenes_mini_subset,scene-0103_005,yaw,3.0,deg,12,Car,vehicle,6.2,299.6,655.4,0.92,0,65,42,42,42,0.6462,1.0
nuscenes_mini_subset,scene-0103_005,yaw,3.0,deg,13,Car,vehicle,44.6,68.8,46.6,0.0,0,0,0,0,0,,
nuscenes_mini_subset,scene-0103_005,yaw,3.0,deg,14,Pedestrian,pedestrian,18.3,60.0,146.4,0.0,2,2,2,0,0,0.0,0.0
nuscenes_mini_subset,scene-0103_005,yaw,3.0,deg,15,Pedestrian,pedestrian,38.2,32.5,64.0,0.0,0,1,1,0,0,0.0,0.0
nuscenes_mini_subset,scene-0103_005,yaw,3.0,deg,16,Pedestrian,pedestrian,55.6,16.6,41.0,0.0,0,1,1,0,0,0.0,0.0
nuscenes_mini_subset,scene-0103_005,yaw,3.0,deg,17,Truck,vehicle,92.7,45.1,44.8,0.0,2,2,2,0,0,0.0,0.0
nuscenes_mini_subset,scene-0103_005,yaw,3.0,deg,18,Car,vehicle,66.1,41.5,32.1,0.0,0,0,0,0,0,,
nuscenes_mini_subset,scene-0103_005,yaw,3.0,deg,19,Pedestrian,pedestrian,56.0,16.9,42.1,0.0,0,1,1,0,0,0.0,0.0
nuscenes_mini_subset,scene-0103_006,yaw,0.0,deg,0,Car,vehicle,40.0,67.1,49.6,0.0,0,6,6,6,6,1.0,1.0
nuscenes_mini_subset,scene-0103_006,yaw,0.0,deg,1,Pedestrian,pedestrian,31.8,30.6,57.0,0.0,0,2,2,2,2,1.0,1.0
nuscenes_mini_subset,scene-0103_006,yaw,0.0,deg,2,Car,vehicle,41.8,159.2,52.9,0.0,2,3,3,3,3,1.0,1.0
nuscenes_mini_subset,scene-0103_006,yaw,0.0,deg,3,Car,vehicle,42.0,151.3,55.0,0.0,2,7,7,7,7,1.0,1.0
nuscenes_mini_subset,scene-0103_006,yaw,0.0,deg,4,Car,vehicle,22.0,157.8,99.8,0.0,0,19,19,19,19,1.0,1.0
nuscenes_mini_subset,scene-0103_006,yaw,0.0,deg,5,Car,vehicle,25.8,174.0,84.8,0.0,0,14,14,14,14,1.0,1.0
nuscenes_mini_subset,scene-0103_006,yaw,0.0,deg,6,Pedestrian,pedestrian,32.3,36.4,71.9,0.0,0,3,3,3,3,1.0,1.0
nuscenes_mini_subset,scene-0103_006,yaw,0.0,deg,7,Pedestrian,pedestrian,14.1,28.2,172.1,0.68,0,1,1,1,1,1.0,1.0
nuscenes_mini_subset,scene-0103_006,yaw,0.0,deg,8,Car,vehicle,55.4,61.1,38.8,0.0,2,0,0,0,0,,
nuscenes_mini_subset,scene-0103_006,yaw,0.0,deg,10,Car,vehicle,40.3,78.9,51.3,0.0,0,0,0,0,0,,
nuscenes_mini_subset,scene-0103_006,yaw,0.0,deg,11,Pedestrian,pedestrian,34.7,36.5,70.6,0.0,0,3,3,3,3,1.0,1.0
nuscenes_mini_subset,scene-0103_006,yaw,0.0,deg,12,Pedestrian,pedestrian,52.1,17.6,43.3,0.0,0,1,1,1,1,1.0,1.0
nuscenes_mini_subset,scene-0103_006,yaw,0.0,deg,13,Truck,vehicle,88.4,47.5,45.7,0.0,2,1,1,1,1,1.0,1.0
nuscenes_mini_subset,scene-0103_006,yaw,0.0,deg,14,Car,vehicle,59.6,46.9,34.0,0.0,0,0,0,0,0,,
nuscenes_mini_subset,scene-0103_006,yaw,0.0,deg,15,Pedestrian,pedestrian,51.2,17.3,45.6,0.0,0,1,1,1,1,1.0,1.0
nuscenes_mini_subset,scene-0103_006,yaw,0.5,deg,0,Car,vehicle,40.0,67.1,49.6,0.0,0,6,6,6,6,1.0,1.0
nuscenes_mini_subset,scene-0103_006,yaw,0.5,deg,1,Pedestrian,pedestrian,31.8,30.6,57.0,0.0,0,2,2,1,1,0.5,0.5
nuscenes_mini_subset,scene-0103_006,yaw,0.5,deg,2,Car,vehicle,41.8,159.2,52.9,0.0,2,3,3,3,3,1.0,1.0
nuscenes_mini_subset,scene-0103_006,yaw,0.5,deg,3,Car,vehicle,42.0,151.3,55.0,0.0,2,7,7,7,7,1.0,1.0
nuscenes_mini_subset,scene-0103_006,yaw,0.5,deg,4,Car,vehicle,22.0,157.8,99.8,0.0,0,19,19,18,18,0.9474,0.9474
nuscenes_mini_subset,scene-0103_006,yaw,0.5,deg,5,Car,vehicle,25.8,174.0,84.8,0.0,0,14,14,14,14,1.0,1.0
nuscenes_mini_subset,scene-0103_006,yaw,0.5,deg,6,Pedestrian,pedestrian,32.3,36.4,71.9,0.0,0,3,3,3,3,1.0,1.0
nuscenes_mini_subset,scene-0103_006,yaw,0.5,deg,7,Pedestrian,pedestrian,14.1,28.2,172.1,0.68,0,1,4,1,3,1.0,0.75
nuscenes_mini_subset,scene-0103_006,yaw,0.5,deg,8,Car,vehicle,55.4,61.1,38.8,0.0,2,0,0,0,0,,
nuscenes_mini_subset,scene-0103_006,yaw,0.5,deg,10,Car,vehicle,40.3,78.9,51.3,0.0,0,0,0,0,0,,
nuscenes_mini_subset,scene-0103_006,yaw,0.5,deg,11,Pedestrian,pedestrian,34.7,36.5,70.6,0.0,0,3,3,3,3,1.0,1.0
nuscenes_mini_subset,scene-0103_006,yaw,0.5,deg,12,Pedestrian,pedestrian,52.1,17.6,43.3,0.0,0,1,1,0,0,0.0,0.0
nuscenes_mini_subset,scene-0103_006,yaw,0.5,deg,13,Truck,vehicle,88.4,47.5,45.7,0.0,2,1,1,1,1,1.0,1.0
nuscenes_mini_subset,scene-0103_006,yaw,0.5,deg,14,Car,vehicle,59.6,46.9,34.0,0.0,0,0,0,0,0,,
nuscenes_mini_subset,scene-0103_006,yaw,0.5,deg,15,Pedestrian,pedestrian,51.2,17.3,45.6,0.0,0,1,1,0,0,0.0,0.0
nuscenes_mini_subset,scene-0103_006,yaw,1.0,deg,0,Car,vehicle,40.0,67.1,49.6,0.0,0,6,6,4,4,0.6667,0.6667
nuscenes_mini_subset,scene-0103_006,yaw,1.0,deg,1,Pedestrian,pedestrian,31.8,30.6,57.0,0.0,0,2,2,0,0,0.0,0.0
nuscenes_mini_subset,scene-0103_006,yaw,1.0,deg,2,Car,vehicle,41.8,159.2,52.9,0.0,2,3,3,3,3,1.0,1.0
nuscenes_mini_subset,scene-0103_006,yaw,1.0,deg,3,Car,vehicle,42.0,151.3,55.0,0.0,2,7,7,7,7,1.0,1.0
nuscenes_mini_subset,scene-0103_006,yaw,1.0,deg,4,Car,vehicle,22.0,157.8,99.8,0.0,0,19,19,17,17,0.8947,0.8947
nuscenes_mini_subset,scene-0103_006,yaw,1.0,deg,5,Car,vehicle,25.8,174.0,84.8,0.0,0,14,14,14,14,1.0,1.0
nuscenes_mini_subset,scene-0103_006,yaw,1.0,deg,6,Pedestrian,pedestrian,32.3,36.4,71.9,0.0,0,3,3,2,2,0.6667,0.6667
nuscenes_mini_subset,scene-0103_006,yaw,1.0,deg,7,Pedestrian,pedestrian,14.1,28.2,172.1,0.68,0,1,9,0,8,0.0,0.8889
nuscenes_mini_subset,scene-0103_006,yaw,1.0,deg,8,Car,vehicle,55.4,61.1,38.8,0.0,2,0,0,0,0,,
nuscenes_mini_subset,scene-0103_006,yaw,1.0,deg,10,Car,vehicle,40.3,78.9,51.3,0.0,0,0,0,0,0,,
nuscenes_mini_subset,scene-0103_006,yaw,1.0,deg,11,Pedestrian,pedestrian,34.7,36.5,70.6,0.0,0,3,3,1,1,0.3333,0.3333
nuscenes_mini_subset,scene-0103_006,yaw,1.0,deg,12,Pedestrian,pedestrian,52.1,17.6,43.3,0.0,0,1,1,0,0,0.0,0.0
nuscenes_mini_subset,scene-0103_006,yaw,1.0,deg,13,Truck,vehicle,88.4,47.5,45.7,0.0,2,1,1,1,1,1.0,1.0
nuscenes_mini_subset,scene-0103_006,yaw,1.0,deg,14,Car,vehicle,59.6,46.9,34.0,0.0,0,0,0,0,0,,
nuscenes_mini_subset,scene-0103_006,yaw,1.0,deg,15,Pedestrian,pedestrian,51.2,17.3,45.6,0.0,0,1,1,0,0,0.0,0.0
nuscenes_mini_subset,scene-0103_006,yaw,2.0,deg,0,Car,vehicle,40.0,67.1,49.6,0.0,0,6,6,1,1,0.1667,0.1667
nuscenes_mini_subset,scene-0103_006,yaw,2.0,deg,1,Pedestrian,pedestrian,31.8,30.6,57.0,0.0,0,2,2,0,0,0.0,0.0
nuscenes_mini_subset,scene-0103_006,yaw,2.0,deg,2,Car,vehicle,41.8,159.2,52.9,0.0,2,3,3,3,3,1.0,1.0
nuscenes_mini_subset,scene-0103_006,yaw,2.0,deg,3,Car,vehicle,42.0,151.3,55.0,0.0,2,7,7,7,7,1.0,1.0
nuscenes_mini_subset,scene-0103_006,yaw,2.0,deg,4,Car,vehicle,22.0,157.8,99.8,0.0,0,19,19,14,14,0.7368,0.7368
nuscenes_mini_subset,scene-0103_006,yaw,2.0,deg,5,Car,vehicle,25.8,174.0,84.8,0.0,0,14,14,11,11,0.7857,0.7857
nuscenes_mini_subset,scene-0103_006,yaw,2.0,deg,6,Pedestrian,pedestrian,32.3,36.4,71.9,0.0,0,3,3,0,0,0.0,0.0
nuscenes_mini_subset,scene-0103_006,yaw,2.0,deg,7,Pedestrian,pedestrian,14.1,28.2,172.1,0.68,0,1,10,0,1,0.0,0.1
nuscenes_mini_subset,scene-0103_006,yaw,2.0,deg,8,Car,vehicle,55.4,61.1,38.8,0.0,2,0,0,0,0,,
nuscenes_mini_subset,scene-0103_006,yaw,2.0,deg,10,Car,vehicle,40.3,78.9,51.3,0.0,0,0,0,0,0,,
nuscenes_mini_subset,scene-0103_006,yaw,2.0,deg,11,Pedestrian,pedestrian,34.7,36.5,70.6,0.0,0,3,3,0,0,0.0,0.0
nuscenes_mini_subset,scene-0103_006,yaw,2.0,deg,12,Pedestrian,pedestrian,52.1,17.6,43.3,0.0,0,1,1,0,0,0.0,0.0
nuscenes_mini_subset,scene-0103_006,yaw,2.0,deg,13,Truck,vehicle,88.4,47.5,45.7,0.0,2,1,1,0,0,0.0,0.0
nuscenes_mini_subset,scene-0103_006,yaw,2.0,deg,14,Car,vehicle,59.6,46.9,34.0,0.0,0,0,0,0,0,,
nuscenes_mini_subset,scene-0103_006,yaw,2.0,deg,15,Pedestrian,pedestrian,51.2,17.3,45.6,0.0,0,1,1,0,0,0.0,0.0
nuscenes_mini_subset,scene-0103_006,yaw,3.0,deg,0,Car,vehicle,40.0,67.1,49.6,0.0,0,6,6,0,0,0.0,0.0
nuscenes_mini_subset,scene-0103_006,yaw,3.0,deg,1,Pedestrian,pedestrian,31.8,30.6,57.0,0.0,0,2,2,0,0,0.0,0.0
nuscenes_mini_subset,scene-0103_006,yaw,3.0,deg,2,Car,vehicle,41.8,159.2,52.9,0.0,2,3,3,3,3,1.0,1.0
nuscenes_mini_subset,scene-0103_006,yaw,3.0,deg,3,Car,vehicle,42.0,151.3,55.0,0.0,2,7,7,6,6,0.8571,0.8571
nuscenes_mini_subset,scene-0103_006,yaw,3.0,deg,4,Car,vehicle,22.0,157.8,99.8,0.0,0,19,19,11,11,0.5789,0.5789
nuscenes_mini_subset,scene-0103_006,yaw,3.0,deg,5,Car,vehicle,25.8,174.0,84.8,0.0,0,14,14,8,8,0.5714,0.5714
nuscenes_mini_subset,scene-0103_006,yaw,3.0,deg,6,Pedestrian,pedestrian,32.3,36.4,71.9,0.0,0,3,3,0,0,0.0,0.0
nuscenes_mini_subset,scene-0103_006,yaw,3.0,deg,7,Pedestrian,pedestrian,14.1,28.2,172.1,0.68,0,1,10,0,0,0.0,0.0
nuscenes_mini_subset,scene-0103_006,yaw,3.0,deg,8,Car,vehicle,55.4,61.1,38.8,0.0,2,0,0,0,0,,
nuscenes_mini_subset,scene-0103_006,yaw,3.0,deg,10,Car,vehicle,40.3,78.9,51.3,0.0,0,0,0,0,0,,
nuscenes_mini_subset,scene-0103_006,yaw,3.0,deg,11,Pedestrian,pedestrian,34.7,36.5,70.6,0.0,0,3,3,0,0,0.0,0.0
nuscenes_mini_subset,scene-0103_006,yaw,3.0,deg,12,Pedestrian,pedestrian,52.1,17.6,43.3,0.0,0,1,1,0,0,0.0,0.0
nuscenes_mini_subset,scene-0103_006,yaw,3.0,deg,13,Truck,vehicle,88.4,47.5,45.7,0.0,2,1,1,0,0,0.0,0.0
nuscenes_mini_subset,scene-0103_006,yaw,3.0,deg,14,Car,vehicle,59.6,46.9,34.0,0.0,0,0,0,0,0,,
nuscenes_mini_subset,scene-0103_006,yaw,3.0,deg,15,Pedestrian,pedestrian,51.2,17.3,45.6,0.0,0,1,1,0,0,0.0,0.0
nuscenes_mini_subset,scene-0103_007,yaw,0.0,deg,0,Car,vehicle,40.1,66.8,49.4,0.0,0,1,1,1,1,1.0,1.0
nuscenes_mini_subset,scene-0103_007,yaw,0.0,deg,1,Pedestrian,pedestrian,28.3,37.0,66.2,0.0,0,2,2,2,2,1.0,1.0
nuscenes_mini_subset,scene-0103_007,yaw,0.0,deg,2,Car,vehicle,37.4,180.4,59.8,0.0,2,7,7,7,7,1.0,1.0
nuscenes_mini_subset,scene-0103_007,yaw,0.0,deg,3,Car,vehicle,38.0,176.3,62.5,0.0,2,2,2,2,2,1.0,1.0
nuscenes_mini_subset,scene-0103_007,yaw,0.0,deg,4,Car,vehicle,12.8,340.2,194.6,0.0,0,102,102,102,102,1.0,1.0
nuscenes_mini_subset,scene-0103_007,yaw,0.0,deg,5,Car,vehicle,21.5,233.6,107.2,0.0,2,11,11,11,11,1.0,1.0
nuscenes_mini_subset,scene-0103_007,yaw,0.0,deg,7,Pedestrian,pedestrian,28.7,44.3,83.3,0.0,0,2,2,2,2,1.0,1.0
nuscenes_mini_subset,scene-0103_007,yaw,0.0,deg,8,Car,vehicle,67.6,32.8,30.3,0.0,0,1,1,1,1,1.0,1.0
nuscenes_mini_subset,scene-0103_007,yaw,0.0,deg,9,Car,vehicle,51.0,68.4,42.5,0.0,2,0,0,0,0,,
nuscenes_mini_subset,scene-0103_007,yaw,0.0,deg,11,Car,vehicle,36.0,92.1,57.8,0.0,0,8,8,8,8,1.0,1.0
nuscenes_mini_subset,scene-0103_007,yaw,0.0,deg,12,Pedestrian,pedestrian,31.1,42.0,79.2,0.0,0,5,5,5,5,1.0,1.0
nuscenes_mini_subset,scene-0103_007,yaw,0.0,deg,13,Pedestrian,pedestrian,48.5,19.0,46.5,0.0,0,0,0,0,0,,
nuscenes_mini_subset,scene-0103_007,yaw,0.0,deg,14,Truck,vehicle,83.9,50.5,47.1,0.0,2,2,2,2,2,1.0,1.0
nuscenes_mini_subset,scene-0103_007,yaw,0.0,deg,15,Car,vehicle,52.9,54.2,38.2,0.0,0,1,1,1,1,1.0,1.0
nuscenes_mini_subset,scene-0103_007,yaw,0.0,deg,16,Pedestrian,pedestrian,46.3,20.2,50.5,0.0,0,2,2,2,2,1.0,1.0
nuscenes_mini_subset,scene-0103_007,yaw,0.5,deg,0,Car,vehicle,40.1,66.8,49.4,0.0,0,1,1,1,1,1.0,1.0
nuscenes_mini_subset,scene-0103_007,yaw,0.5,deg,1,Pedestrian,pedestrian,28.3,37.0,66.2,0.0,0,2,2,2,2,1.0,1.0
nuscenes_mini_subset,scene-0103_007,yaw,0.5,deg,2,Car,vehicle,37.4,180.4,59.8,0.0,2,7,7,7,7,1.0,1.0
nuscenes_mini_subset,scene-0103_007,yaw,0.5,deg,3,Car,vehicle,38.0,176.3,62.5,0.0,2,2,2,2,2,1.0,1.0
nuscenes_mini_subset,scene-0103_007,yaw,0.5,deg,4,Car,vehicle,12.8,340.2,194.6,0.0,0,102,102,102,102,1.0,1.0
nuscenes_mini_subset,scene-0103_007,yaw,0.5,deg,5,Car,vehicle,21.5,233.6,107.2,0.0,2,11,11,11,11,1.0,1.0
nuscenes_mini_subset,scene-0103_007,yaw,0.5,deg,7,Pedestrian,pedestrian,28.7,44.3,83.3,0.0,0,2,2,2,2,1.0,1.0
nuscenes_mini_subset,scene-0103_007,yaw,0.5,deg,8,Car,vehicle,67.6,32.8,30.3,0.0,0,1,1,0,0,0.0,0.0
nuscenes_mini_subset,scene-0103_007,yaw,0.5,deg,9,Car,vehicle,51.0,68.4,42.5,0.0,2,0,0,0,0,,
nuscenes_mini_subset,scene-0103_007,yaw,0.5,deg,11,Car,vehicle,36.0,92.1,57.8,0.0,0,8,8,8,8,1.0,1.0
nuscenes_mini_subset,scene-0103_007,yaw,0.5,deg,12,Pedestrian,pedestrian,31.1,42.0,79.2,0.0,0,5,5,5,5,1.0,1.0
nuscenes_mini_subset,scene-0103_007,yaw,0.5,deg,13,Pedestrian,pedestrian,48.5,19.0,46.5,0.0,0,0,0,0,0,,
nuscenes_mini_subset,scene-0103_007,yaw,0.5,deg,14,Truck,vehicle,83.9,50.5,47.1,0.0,2,2,2,2,2,1.0,1.0
nuscenes_mini_subset,scene-0103_007,yaw,0.5,deg,15,Car,vehicle,52.9,54.2,38.2,0.0,0,1,1,0,0,0.0,0.0
nuscenes_mini_subset,scene-0103_007,yaw,0.5,deg,16,Pedestrian,pedestrian,46.3,20.2,50.5,0.0,0,2,2,1,1,0.5,0.5
nuscenes_mini_subset,scene-0103_007,yaw,1.0,deg,0,Car,vehicle,40.1,66.8,49.4,0.0,0,1,1,1,1,1.0,1.0
nuscenes_mini_subset,scene-0103_007,yaw,1.0,deg,1,Pedestrian,pedestrian,28.3,37.0,66.2,0.0,0,2,2,0,0,0.0,0.0
nuscenes_mini_subset,scene-0103_007,yaw,1.0,deg,2,Car,vehicle,37.4,180.4,59.8,0.0,2,7,7,7,7,1.0,1.0
nuscenes_mini_subset,scene-0103_007,yaw,1.0,deg,3,Car,vehicle,38.0,176.3,62.5,0.0,2,2,2,2,2,1.0,1.0
nuscenes_mini_subset,scene-0103_007,yaw,1.0,deg,4,Car,vehicle,12.8,340.2,194.6,0.0,0,102,102,101,101,0.9902,0.9902
nuscenes_mini_subset,scene-0103_007,yaw,1.0,deg,5,Car,vehicle,21.5,233.6,107.2,0.0,2,11,11,11,11,1.0,1.0
nuscenes_mini_subset,scene-0103_007,yaw,1.0,deg,7,Pedestrian,pedestrian,28.7,44.3,83.3,0.0,0,2,2,2,2,1.0,1.0
nuscenes_mini_subset,scene-0103_007,yaw,1.0,deg,8,Car,vehicle,67.6,32.8,30.3,0.0,0,1,1,0,0,0.0,0.0
nuscenes_mini_subset,scene-0103_007,yaw,1.0,deg,9,Car,vehicle,51.0,68.4,42.5,0.0,2,0,0,0,0,,
nuscenes_mini_subset,scene-0103_007,yaw,1.0,deg,11,Car,vehicle,36.0,92.1,57.8,0.0,0,8,8,8,8,1.0,1.0
nuscenes_mini_subset,scene-0103_007,yaw,1.0,deg,12,Pedestrian,pedestrian,31.1,42.0,79.2,0.0,0,5,5,4,4,0.8,0.8
nuscenes_mini_subset,scene-0103_007,yaw,1.0,deg,13,Pedestrian,pedestrian,48.5,19.0,46.5,0.0,0,0,0,0,0,,
nuscenes_mini_subset,scene-0103_007,yaw,1.0,deg,14,Truck,vehicle,83.9,50.5,47.1,0.0,2,2,2,2,2,1.0,1.0
nuscenes_mini_subset,scene-0103_007,yaw,1.0,deg,15,Car,vehicle,52.9,54.2,38.2,0.0,0,1,1,0,0,0.0,0.0
nuscenes_mini_subset,scene-0103_007,yaw,1.0,deg,16,Pedestrian,pedestrian,46.3,20.2,50.5,0.0,0,2,2,0,0,0.0,0.0
nuscenes_mini_subset,scene-0103_007,yaw,2.0,deg,0,Car,vehicle,40.1,66.8,49.4,0.0,0,1,1,1,1,1.0,1.0
nuscenes_mini_subset,scene-0103_007,yaw,2.0,deg,1,Pedestrian,pedestrian,28.3,37.0,66.2,0.0,0,2,2,0,0,0.0,0.0
nuscenes_mini_subset,scene-0103_007,yaw,2.0,deg,2,Car,vehicle,37.4,180.4,59.8,0.0,2,7,7,6,6,0.8571,0.8571
nuscenes_mini_subset,scene-0103_007,yaw,2.0,deg,3,Car,vehicle,38.0,176.3,62.5,0.0,2,2,2,2,2,1.0,1.0
nuscenes_mini_subset,scene-0103_007,yaw,2.0,deg,4,Car,vehicle,12.8,340.2,194.6,0.0,0,102,102,97,97,0.951,0.951
nuscenes_mini_subset,scene-0103_007,yaw,2.0,deg,5,Car,vehicle,21.5,233.6,107.2,0.0,2,11,11,8,8,0.7273,0.7273
nuscenes_mini_subset,scene-0103_007,yaw,2.0,deg,7,Pedestrian,pedestrian,28.7,44.3,83.3,0.0,0,2,2,0,0,0.0,0.0
nuscenes_mini_subset,scene-0103_007,yaw,2.0,deg,8,Car,vehicle,67.6,32.8,30.3,0.0,0,1,1,0,0,0.0,0.0
nuscenes_mini_subset,scene-0103_007,yaw,2.0,deg,9,Car,vehicle,51.0,68.4,42.5,0.0,2,0,0,0,0,,
nuscenes_mini_subset,scene-0103_007,yaw,2.0,deg,11,Car,vehicle,36.0,92.1,57.8,0.0,0,8,8,5,5,0.625,0.625
nuscenes_mini_subset,scene-0103_007,yaw,2.0,deg,12,Pedestrian,pedestrian,31.1,42.0,79.2,0.0,0,5,5,0,0,0.0,0.0
nuscenes_mini_subset,scene-0103_007,yaw,2.0,deg,13,Pedestrian,pedestrian,48.5,19.0,46.5,0.0,0,0,0,0,0,,
nuscenes_mini_subset,scene-0103_007,yaw,2.0,deg,14,Truck,vehicle,83.9,50.5,47.1,0.0,2,2,2,0,0,0.0,0.0
nuscenes_mini_subset,scene-0103_007,yaw,2.0,deg,15,Car,vehicle,52.9,54.2,38.2,0.0,0,1,1,0,0,0.0,0.0
nuscenes_mini_subset,scene-0103_007,yaw,2.0,deg,16,Pedestrian,pedestrian,46.3,20.2,50.5,0.0,0,2,2,0,0,0.0,0.0
nuscenes_mini_subset,scene-0103_007,yaw,3.0,deg,0,Car,vehicle,40.1,66.8,49.4,0.0,0,1,1,0,0,0.0,0.0
nuscenes_mini_subset,scene-0103_007,yaw,3.0,deg,1,Pedestrian,pedestrian,28.3,37.0,66.2,0.0,0,2,2,0,0,0.0,0.0
nuscenes_mini_subset,scene-0103_007,yaw,3.0,deg,2,Car,vehicle,37.4,180.4,59.8,0.0,2,7,7,6,6,0.8571,0.8571
nuscenes_mini_subset,scene-0103_007,yaw,3.0,deg,3,Car,vehicle,38.0,176.3,62.5,0.0,2,2,2,2,2,1.0,1.0
nuscenes_mini_subset,scene-0103_007,yaw,3.0,deg,4,Car,vehicle,12.8,340.2,194.6,0.0,0,102,102,92,92,0.902,0.902
nuscenes_mini_subset,scene-0103_007,yaw,3.0,deg,5,Car,vehicle,21.5,233.6,107.2,0.0,2,11,11,8,8,0.7273,0.7273
nuscenes_mini_subset,scene-0103_007,yaw,3.0,deg,7,Pedestrian,pedestrian,28.7,44.3,83.3,0.0,0,2,2,0,0,0.0,0.0
nuscenes_mini_subset,scene-0103_007,yaw,3.0,deg,8,Car,vehicle,67.6,32.8,30.3,0.0,0,1,1,0,0,0.0,0.0
nuscenes_mini_subset,scene-0103_007,yaw,3.0,deg,9,Car,vehicle,51.0,68.4,42.5,0.0,2,0,0,0,0,,
nuscenes_mini_subset,scene-0103_007,yaw,3.0,deg,11,Car,vehicle,36.0,92.1,57.8,0.0,0,8,8,2,2,0.25,0.25
nuscenes_mini_subset,scene-0103_007,yaw,3.0,deg,12,Pedestrian,pedestrian,31.1,42.0,79.2,0.0,0,5,5,0,0,0.0,0.0
nuscenes_mini_subset,scene-0103_007,yaw,3.0,deg,13,Pedestrian,pedestrian,48.5,19.0,46.5,0.0,0,0,0,0,0,,
nuscenes_mini_subset,scene-0103_007,yaw,3.0,deg,14,Truck,vehicle,83.9,50.5,47.1,0.0,2,2,2,0,0,0.0,0.0
nuscenes_mini_subset,scene-0103_007,yaw,3.0,deg,15,Car,vehicle,52.9,54.2,38.2,0.0,0,1,1,0,0,0.0,0.0
nuscenes_mini_subset,scene-0103_007,yaw,3.0,deg,16,Pedestrian,pedestrian,46.3,20.2,50.5,0.0,0,2,2,0,0,0.0,0.0
nuscenes_mini_subset,scene-0103_008,yaw,0.0,deg,0,Car,vehicle,40.5,65.8,49.6,0.0,0,1,1,1,1,1.0,1.0
nuscenes_mini_subset,scene-0103_008,yaw,0.0,deg,1,Pedestrian,pedestrian,24.9,46.2,78.9,0.0,0,2,2,2,2,1.0,1.0
nuscenes_mini_subset,scene-0103_008,yaw,0.0,deg,2,Car,vehicle,33.1,208.9,70.0,0.0,0,5,5,5,5,1.0,1.0
nuscenes_mini_subset,scene-0103_008,yaw,0.0,deg,3,Car,vehicle,33.8,209.5,74.2,0.0,2,1,1,1,1,1.0,1.0
nuscenes_mini_subset,scene-0103_008,yaw,0.0,deg,4,Car,vehicle,4.7,131.4,418.2,1.0,0,26,26,26,26,1.0,1.0
nuscenes_mini_subset,scene-0103_008,yaw,0.0,deg,5,Car,vehicle,17.4,344.8,151.8,0.0,0,48,48,48,48,1.0,1.0
nuscenes_mini_subset,scene-0103_008,yaw,0.0,deg,7,Pedestrian,pedestrian,25.4,56.0,99.2,0.0,0,1,1,1,1,1.0,1.0
nuscenes_mini_subset,scene-0103_008,yaw,0.0,deg,8,Car,vehicle,63.2,35.5,32.6,0.0,0,4,4,4,4,1.0,1.0
nuscenes_mini_subset,scene-0103_008,yaw,0.0,deg,9,Car,vehicle,46.6,77.6,48.3,0.0,2,0,0,0,0,,
nuscenes_mini_subset,scene-0103_008,yaw,0.0,deg,11,Car,vehicle,31.5,108.5,68.3,0.0,0,7,7,7,7,1.0,1.0
nuscenes_mini_subset,scene-0103_008,yaw,0.0,deg,12,Pedestrian,pedestrian,27.4,49.3,90.7,0.0,0,5,5,5,5,1.0,1.0
nuscenes_mini_subset,scene-0103_008,yaw,0.0,deg,13,Pedestrian,pedestrian,44.9,20.6,50.3,0.0,2,0,0,0,0,,
nuscenes_mini_subset,scene-0103_008,yaw,0.0,deg,14,Truck,vehicle,79.5,54.0,49.9,0.0,2,3,3,3,3,1.0,1.0
nuscenes_mini_subset,scene-0103_008,yaw,0.0,deg,15,Car,vehicle,46.3,64.2,44.8,0.0,0,0,0,0,0,,
nuscenes_mini_subset,scene-0103_008,yaw,0.0,deg,16,Pedestrian,pedestrian,41.2,23.9,56.9,0.0,0,2,2,2,2,1.0,1.0
nuscenes_mini_subset,scene-0103_008,yaw,0.5,deg,0,Car,vehicle,40.5,65.8,49.6,0.0,0,1,1,0,0,0.0,0.0
nuscenes_mini_subset,scene-0103_008,yaw,0.5,deg,1,Pedestrian,pedestrian,24.9,46.2,78.9,0.0,0,2,2,2,2,1.0,1.0
nuscenes_mini_subset,scene-0103_008,yaw,0.5,deg,2,Car,vehicle,33.1,208.9,70.0,0.0,0,5,5,5,5,1.0,1.0
nuscenes_mini_subset,scene-0103_008,yaw,0.5,deg,3,Car,vehicle,33.8,209.5,74.2,0.0,2,1,1,1,1,1.0,1.0
nuscenes_mini_subset,scene-0103_008,yaw,0.5,deg,4,Car,vehicle,4.7,131.4,418.2,1.0,0,26,18,18,18,0.6923,1.0
nuscenes_mini_subset,scene-0103_008,yaw,0.5,deg,5,Car,vehicle,17.4,344.8,151.8,0.0,0,48,48,48,48,1.0,1.0
nuscenes_mini_subset,scene-0103_008,yaw,0.5,deg,7,Pedestrian,pedestrian,25.4,56.0,99.2,0.0,0,1,1,1,1,1.0,1.0
nuscenes_mini_subset,scene-0103_008,yaw,0.5,deg,8,Car,vehicle,63.2,35.5,32.6,0.0,0,4,4,3,3,0.75,0.75
nuscenes_mini_subset,scene-0103_008,yaw,0.5,deg,9,Car,vehicle,46.6,77.6,48.3,0.0,2,0,0,0,0,,
nuscenes_mini_subset,scene-0103_008,yaw,0.5,deg,11,Car,vehicle,31.5,108.5,68.3,0.0,0,7,7,7,7,1.0,1.0
nuscenes_mini_subset,scene-0103_008,yaw,0.5,deg,12,Pedestrian,pedestrian,27.4,49.3,90.7,0.0,0,5,5,5,5,1.0,1.0
nuscenes_mini_subset,scene-0103_008,yaw,0.5,deg,13,Pedestrian,pedestrian,44.9,20.6,50.3,0.0,2,0,0,0,0,,
nuscenes_mini_subset,scene-0103_008,yaw,0.5,deg,14,Truck,vehicle,79.5,54.0,49.9,0.0,2,3,3,2,2,0.6667,0.6667
nuscenes_mini_subset,scene-0103_008,yaw,0.5,deg,15,Car,vehicle,46.3,64.2,44.8,0.0,0,0,0,0,0,,
nuscenes_mini_subset,scene-0103_008,yaw,0.5,deg,16,Pedestrian,pedestrian,41.2,23.9,56.9,0.0,0,2,2,1,1,0.5,0.5
nuscenes_mini_subset,scene-0103_008,yaw,1.0,deg,0,Car,vehicle,40.5,65.8,49.6,0.0,0,1,1,0,0,0.0,0.0
nuscenes_mini_subset,scene-0103_008,yaw,1.0,deg,1,Pedestrian,pedestrian,24.9,46.2,78.9,0.0,0,2,2,0,0,0.0,0.0
nuscenes_mini_subset,scene-0103_008,yaw,1.0,deg,2,Car,vehicle,33.1,208.9,70.0,0.0,0,5,5,5,5,1.0,1.0
nuscenes_mini_subset,scene-0103_008,yaw,1.0,deg,3,Car,vehicle,33.8,209.5,74.2,0.0,2,1,1,1,1,1.0,1.0
nuscenes_mini_subset,scene-0103_008,yaw,1.0,deg,4,Car,vehicle,4.7,131.4,418.2,1.0,0,26,12,12,12,0.4615,1.0
nuscenes_mini_subset,scene-0103_008,yaw,1.0,deg,5,Car,vehicle,17.4,344.8,151.8,0.0,0,48,48,48,48,1.0,1.0
nuscenes_mini_subset,scene-0103_008,yaw,1.0,deg,7,Pedestrian,pedestrian,25.4,56.0,99.2,0.0,0,1,1,1,1,1.0,1.0
nuscenes_mini_subset,scene-0103_008,yaw,1.0,deg,8,Car,vehicle,63.2,35.5,32.6,0.0,0,4,4,1,1,0.25,0.25
nuscenes_mini_subset,scene-0103_008,yaw,1.0,deg,9,Car,vehicle,46.6,77.6,48.3,0.0,2,0,0,0,0,,
nuscenes_mini_subset,scene-0103_008,yaw,1.0,deg,11,Car,vehicle,31.5,108.5,68.3,0.0,0,7,7,7,7,1.0,1.0
nuscenes_mini_subset,scene-0103_008,yaw,1.0,deg,12,Pedestrian,pedestrian,27.4,49.3,90.7,0.0,0,5,5,4,4,0.8,0.8
nuscenes_mini_subset,scene-0103_008,yaw,1.0,deg,13,Pedestrian,pedestrian,44.9,20.6,50.3,0.0,2,0,0,0,0,,
nuscenes_mini_subset,scene-0103_008,yaw,1.0,deg,14,Truck,vehicle,79.5,54.0,49.9,0.0,2,3,3,2,2,0.6667,0.6667
nuscenes_mini_subset,scene-0103_008,yaw,1.0,deg,15,Car,vehicle,46.3,64.2,44.8,0.0,0,0,0,0,0,,
nuscenes_mini_subset,scene-0103_008,yaw,1.0,deg,16,Pedestrian,pedestrian,41.2,23.9,56.9,0.0,0,2,2,0,0,0.0,0.0
nuscenes_mini_subset,scene-0103_008,yaw,2.0,deg,0,Car,vehicle,40.5,65.8,49.6,0.0,0,1,1,0,0,0.0,0.0
nuscenes_mini_subset,scene-0103_008,yaw,2.0,deg,1,Pedestrian,pedestrian,24.9,46.2,78.9,0.0,0,2,2,0,0,0.0,0.0
nuscenes_mini_subset,scene-0103_008,yaw,2.0,deg,2,Car,vehicle,33.1,208.9,70.0,0.0,0,5,5,4,4,0.8,0.8
nuscenes_mini_subset,scene-0103_008,yaw,2.0,deg,3,Car,vehicle,33.8,209.5,74.2,0.0,2,1,1,1,1,1.0,1.0
nuscenes_mini_subset,scene-0103_008,yaw,2.0,deg,4,Car,vehicle,4.7,131.4,418.2,1.0,0,26,4,4,4,0.1538,1.0
nuscenes_mini_subset,scene-0103_008,yaw,2.0,deg,5,Car,vehicle,17.4,344.8,151.8,0.0,0,48,48,43,43,0.8958,0.8958
nuscenes_mini_subset,scene-0103_008,yaw,2.0,deg,7,Pedestrian,pedestrian,25.4,56.0,99.2,0.0,0,1,1,0,0,0.0,0.0
nuscenes_mini_subset,scene-0103_008,yaw,2.0,deg,8,Car,vehicle,63.2,35.5,32.6,0.0,0,4,4,0,0,0.0,0.0
nuscenes_mini_subset,scene-0103_008,yaw,2.0,deg,9,Car,vehicle,46.6,77.6,48.3,0.0,2,0,0,0,0,,
nuscenes_mini_subset,scene-0103_008,yaw,2.0,deg,11,Car,vehicle,31.5,108.5,68.3,0.0,0,7,7,5,5,0.7143,0.7143
nuscenes_mini_subset,scene-0103_008,yaw,2.0,deg,12,Pedestrian,pedestrian,27.4,49.3,90.7,0.0,0,5,5,0,0,0.0,0.0
nuscenes_mini_subset,scene-0103_008,yaw,2.0,deg,13,Pedestrian,pedestrian,44.9,20.6,50.3,0.0,2,0,0,0,0,,
nuscenes_mini_subset,scene-0103_008,yaw,2.0,deg,14,Truck,vehicle,79.5,54.0,49.9,0.0,2,3,3,0,0,0.0,0.0
nuscenes_mini_subset,scene-0103_008,yaw,2.0,deg,15,Car,vehicle,46.3,64.2,44.8,0.0,0,0,0,0,0,,
nuscenes_mini_subset,scene-0103_008,yaw,2.0,deg,16,Pedestrian,pedestrian,41.2,23.9,56.9,0.0,0,2,2,0,0,0.0,0.0
nuscenes_mini_subset,scene-0103_008,yaw,3.0,deg,0,Car,vehicle,40.5,65.8,49.6,0.0,0,1,1,0,0,0.0,0.0
nuscenes_mini_subset,scene-0103_008,yaw,3.0,deg,1,Pedestrian,pedestrian,24.9,46.2,78.9,0.0,0,2,2,0,0,0.0,0.0
nuscenes_mini_subset,scene-0103_008,yaw,3.0,deg,2,Car,vehicle,33.1,208.9,70.0,0.0,0,5,5,2,2,0.4,0.4
nuscenes_mini_subset,scene-0103_008,yaw,3.0,deg,3,Car,vehicle,33.8,209.5,74.2,0.0,2,1,1,0,0,0.0,0.0
nuscenes_mini_subset,scene-0103_008,yaw,3.0,deg,4,Car,vehicle,4.7,131.4,418.2,1.0,0,26,2,2,2,0.0769,1.0
nuscenes_mini_subset,scene-0103_008,yaw,3.0,deg,5,Car,vehicle,17.4,344.8,151.8,0.0,0,48,48,38,38,0.7917,0.7917
nuscenes_mini_subset,scene-0103_008,yaw,3.0,deg,7,Pedestrian,pedestrian,25.4,56.0,99.2,0.0,0,1,1,0,0,0.0,0.0
nuscenes_mini_subset,scene-0103_008,yaw,3.0,deg,8,Car,vehicle,63.2,35.5,32.6,0.0,0,4,4,0,0,0.0,0.0
nuscenes_mini_subset,scene-0103_008,yaw,3.0,deg,9,Car,vehicle,46.6,77.6,48.3,0.0,2,0,0,0,0,,
nuscenes_mini_subset,scene-0103_008,yaw,3.0,deg,11,Car,vehicle,31.5,108.5,68.3,0.0,0,7,7,4,4,0.5714,0.5714
nuscenes_mini_subset,scene-0103_008,yaw,3.0,deg,12,Pedestrian,pedestrian,27.4,49.3,90.7,0.0,0,5,5,0,0,0.0,0.0
nuscenes_mini_subset,scene-0103_008,yaw,3.0,deg,13,Pedestrian,pedestrian,44.9,20.6,50.3,0.0,2,0,0,0,0,,
nuscenes_mini_subset,scene-0103_008,yaw,3.0,deg,14,Truck,vehicle,79.5,54.0,49.9,0.0,2,3,3,0,0,0.0,0.0
nuscenes_mini_subset,scene-0103_008,yaw,3.0,deg,15,Car,vehicle,46.3,64.2,44.8,0.0,0,0,0,0,0,,
nuscenes_mini_subset,scene-0103_008,yaw,3.0,deg,16,Pedestrian,pedestrian,41.2,23.9,56.9,0.0,0,2,2,0,0,0.0,0.0
nuscenes_mini_subset,scene-0103_009,yaw,0.0,deg,0,Car,vehicle,41.0,65.0,49.4,0.0,0,3,3,3,3,1.0,1.0
nuscenes_mini_subset,scene-0103_009,yaw,0.0,deg,1,Pedestrian,pedestrian,21.7,25.1,96.2,0.59,2,0,0,0,0,,
nuscenes_mini_subset,scene-0103_009,yaw,0.0,deg,2,Car,vehicle,28.8,246.0,82.3,0.0,0,10,10,10,10,1.0,1.0
nuscenes_mini_subset,scene-0103_009,yaw,0.0,deg,3,Car,vehicle,65.7,49.3,34.4,0.0,2,1,1,1,1,1.0,1.0
nuscenes_mini_subset,scene-0103_009,yaw,0.0,deg,4,Car,vehicle,29.8,254.9,87.9,0.0,2,7,7,7,7,1.0,1.0
nuscenes_mini_subset,scene-0103_009,yaw,0.0,deg,5,Car,vehicle,13.5,252.4,229.0,0.58,0,49,49,49,49,1.0,1.0
nuscenes_mini_subset,scene-0103_009,yaw,0.0,deg,7,Car,vehicle,58.8,38.6,35.4,0.0,0,2,2,2,2,1.0,1.0
nuscenes_mini_subset,scene-0103_009,yaw,0.0,deg,8,Car,vehicle,42.2,89.1,54.6,0.0,2,1,1,1,1,1.0,1.0
nuscenes_mini_subset,scene-0103_009,yaw,0.0,deg,10,Car,vehicle,27.1,132.2,82.0,0.0,0,19,19,19,19,1.0,1.0
nuscenes_mini_subset,scene-0103_009,yaw,0.0,deg,11,Pedestrian,pedestrian,23.9,60.3,106.6,0.0,0,9,9,9,9,1.0,1.0
nuscenes_mini_subset,scene-0103_009,yaw,0.0,deg,12,Pedestrian,pedestrian,41.3,22.7,55.0,0.0,0,0,0,0,0,,
nuscenes_mini_subset,scene-0103_009,yaw,0.0,deg,13,Truck,vehicle,75.0,57.9,53.1,0.0,2,2,2,2,2,1.0,1.0
nuscenes_mini_subset,scene-0103_009,yaw,0.0,deg,14,Car,vehicle,39.6,78.1,53.4,0.0,0,4,4,4,4,1.0,1.0
nuscenes_mini_subset,scene-0103_009,yaw,0.0,deg,15,Pedestrian,pedestrian,36.1,29.0,65.6,0.0,2,1,1,1,1,1.0,1.0
nuscenes_mini_subset,scene-0103_009,yaw,0.5,deg,0,Car,vehicle,41.0,65.0,49.4,0.0,0,3,3,3,3,1.0,1.0
nuscenes_mini_subset,scene-0103_009,yaw,0.5,deg,1,Pedestrian,pedestrian,21.7,25.1,96.2,0.59,2,0,0,0,0,,
nuscenes_mini_subset,scene-0103_009,yaw,0.5,deg,2,Car,vehicle,28.8,246.0,82.3,0.0,0,10,10,10,10,1.0,1.0
nuscenes_mini_subset,scene-0103_009,yaw,0.5,deg,3,Car,vehicle,65.7,49.3,34.4,0.0,2,1,1,1,1,1.0,1.0
nuscenes_mini_subset,scene-0103_009,yaw,0.5,deg,4,Car,vehicle,29.8,254.9,87.9,0.0,2,7,7,7,7,1.0,1.0
nuscenes_mini_subset,scene-0103_009,yaw,0.5,deg,5,Car,vehicle,13.5,252.4,229.0,0.58,0,49,45,45,45,0.9184,1.0
nuscenes_mini_subset,scene-0103_009,yaw,0.5,deg,7,Car,vehicle,58.8,38.6,35.4,0.0,0,2,2,2,2,1.0,1.0
nuscenes_mini_subset,scene-0103_009,yaw,0.5,deg,8,Car,vehicle,42.2,89.1,54.6,0.0,2,1,1,1,1,1.0,1.0
nuscenes_mini_subset,scene-0103_009,yaw,0.5,deg,10,Car,vehicle,27.1,132.2,82.0,0.0,0,19,19,19,19,1.0,1.0
nuscenes_mini_subset,scene-0103_009,yaw,0.5,deg,11,Pedestrian,pedestrian,23.9,60.3,106.6,0.0,0,9,9,9,9,1.0,1.0
nuscenes_mini_subset,scene-0103_009,yaw,0.5,deg,12,Pedestrian,pedestrian,41.3,22.7,55.0,0.0,0,0,0,0,0,,
nuscenes_mini_subset,scene-0103_009,yaw,0.5,deg,13,Truck,vehicle,75.0,57.9,53.1,0.0,2,2,2,2,2,1.0,1.0
nuscenes_mini_subset,scene-0103_009,yaw,0.5,deg,14,Car,vehicle,39.6,78.1,53.4,0.0,0,4,4,4,4,1.0,1.0
nuscenes_mini_subset,scene-0103_009,yaw,0.5,deg,15,Pedestrian,pedestrian,36.1,29.0,65.6,0.0,2,1,1,1,1,1.0,1.0
nuscenes_mini_subset,scene-0103_009,yaw,1.0,deg,0,Car,vehicle,41.0,65.0,49.4,0.0,0,3,3,2,2,0.6667,0.6667
nuscenes_mini_subset,scene-0103_009,yaw,1.0,deg,1,Pedestrian,pedestrian,21.7,25.1,96.2,0.59,2,0,0,0,0,,
nuscenes_mini_subset,scene-0103_009,yaw,1.0,deg,2,Car,vehicle,28.8,246.0,82.3,0.0,0,10,10,10,10,1.0,1.0
nuscenes_mini_subset,scene-0103_009,yaw,1.0,deg,3,Car,vehicle,65.7,49.3,34.4,0.0,2,1,1,1,1,1.0,1.0
nuscenes_mini_subset,scene-0103_009,yaw,1.0,deg,4,Car,vehicle,29.8,254.9,87.9,0.0,2,7,7,7,7,1.0,1.0
nuscenes_mini_subset,scene-0103_009,yaw,1.0,deg,5,Car,vehicle,13.5,252.4,229.0,0.58,0,49,41,41,41,0.8367,1.0
nuscenes_mini_subset,scene-0103_009,yaw,1.0,deg,7,Car,vehicle,58.8,38.6,35.4,0.0,0,2,2,1,1,0.5,0.5
nuscenes_mini_subset,scene-0103_009,yaw,1.0,deg,8,Car,vehicle,42.2,89.1,54.6,0.0,2,1,1,1,1,1.0,1.0
nuscenes_mini_subset,scene-0103_009,yaw,1.0,deg,10,Car,vehicle,27.1,132.2,82.0,0.0,0,19,19,18,18,0.9474,0.9474
nuscenes_mini_subset,scene-0103_009,yaw,1.0,deg,11,Pedestrian,pedestrian,23.9,60.3,106.6,0.0,0,9,9,7,7,0.7778,0.7778
nuscenes_mini_subset,scene-0103_009,yaw,1.0,deg,12,Pedestrian,pedestrian,41.3,22.7,55.0,0.0,0,0,0,0,0,,
nuscenes_mini_subset,scene-0103_009,yaw,1.0,deg,13,Truck,vehicle,75.0,57.9,53.1,0.0,2,2,2,2,2,1.0,1.0
nuscenes_mini_subset,scene-0103_009,yaw,1.0,deg,14,Car,vehicle,39.6,78.1,53.4,0.0,0,4,4,2,2,0.5,0.5
nuscenes_mini_subset,scene-0103_009,yaw,1.0,deg,15,Pedestrian,pedestrian,36.1,29.0,65.6,0.0,2,1,1,1,1,1.0,1.0
nuscenes_mini_subset,scene-0103_009,yaw,2.0,deg,0,Car,vehicle,41.0,65.0,49.4,0.0,0,3,3,2,2,0.6667,0.6667
nuscenes_mini_subset,scene-0103_009,yaw,2.0,deg,1,Pedestrian,pedestrian,21.7,25.1,96.2,0.59,2,0,0,0,0,,
nuscenes_mini_subset,scene-0103_009,yaw,2.0,deg,2,Car,vehicle,28.8,246.0,82.3,0.0,0,10,10,9,9,0.9,0.9
nuscenes_mini_subset,scene-0103_009,yaw,2.0,deg,3,Car,vehicle,65.7,49.3,34.4,0.0,2,1,1,0,0,0.0,0.0
nuscenes_mini_subset,scene-0103_009,yaw,2.0,deg,4,Car,vehicle,29.8,254.9,87.9,0.0,2,7,7,6,6,0.8571,0.8571
nuscenes_mini_subset,scene-0103_009,yaw,2.0,deg,5,Car,vehicle,13.5,252.4,229.0,0.58,0,49,31,31,31,0.6327,1.0
nuscenes_mini_subset,scene-0103_009,yaw,2.0,deg,7,Car,vehicle,58.8,38.6,35.4,0.0,0,2,2,0,0,0.0,0.0
nuscenes_mini_subset,scene-0103_009,yaw,2.0,deg,8,Car,vehicle,42.2,89.1,54.6,0.0,2,1,1,1,1,1.0,1.0
nuscenes_mini_subset,scene-0103_009,yaw,2.0,deg,10,Car,vehicle,27.1,132.2,82.0,0.0,0,19,19,16,16,0.8421,0.8421
nuscenes_mini_subset,scene-0103_009,yaw,2.0,deg,11,Pedestrian,pedestrian,23.9,60.3,106.6,0.0,0,9,9,0,0,0.0,0.0
nuscenes_mini_subset,scene-0103_009,yaw,2.0,deg,12,Pedestrian,pedestrian,41.3,22.7,55.0,0.0,0,0,0,0,0,,
nuscenes_mini_subset,scene-0103_009,yaw,2.0,deg,13,Truck,vehicle,75.0,57.9,53.1,0.0,2,2,2,0,0,0.0,0.0
nuscenes_mini_subset,scene-0103_009,yaw,2.0,deg,14,Car,vehicle,39.6,78.1,53.4,0.0,0,4,4,1,1,0.25,0.25
nuscenes_mini_subset,scene-0103_009,yaw,2.0,deg,15,Pedestrian,pedestrian,36.1,29.0,65.6,0.0,2,1,1,0,0,0.0,0.0
nuscenes_mini_subset,scene-0103_009,yaw,3.0,deg,0,Car,vehicle,41.0,65.0,49.4,0.0,0,3,3,0,0,0.0,0.0
nuscenes_mini_subset,scene-0103_009,yaw,3.0,deg,1,Pedestrian,pedestrian,21.7,25.1,96.2,0.59,2,0,0,0,0,,
nuscenes_mini_subset,scene-0103_009,yaw,3.0,deg,2,Car,vehicle,28.8,246.0,82.3,0.0,0,10,10,9,9,0.9,0.9
nuscenes_mini_subset,scene-0103_009,yaw,3.0,deg,3,Car,vehicle,65.7,49.3,34.4,0.0,2,1,1,0,0,0.0,0.0
nuscenes_mini_subset,scene-0103_009,yaw,3.0,deg,4,Car,vehicle,29.8,254.9,87.9,0.0,2,7,6,6,6,0.8571,1.0
nuscenes_mini_subset,scene-0103_009,yaw,3.0,deg,5,Car,vehicle,13.5,252.4,229.0,0.58,0,49,24,24,24,0.4898,1.0
nuscenes_mini_subset,scene-0103_009,yaw,3.0,deg,7,Car,vehicle,58.8,38.6,35.4,0.0,0,2,2,0,0,0.0,0.0
nuscenes_mini_subset,scene-0103_009,yaw,3.0,deg,8,Car,vehicle,42.2,89.1,54.6,0.0,2,1,1,1,1,1.0,1.0
nuscenes_mini_subset,scene-0103_009,yaw,3.0,deg,10,Car,vehicle,27.1,132.2,82.0,0.0,0,19,19,11,11,0.5789,0.5789
nuscenes_mini_subset,scene-0103_009,yaw,3.0,deg,11,Pedestrian,pedestrian,23.9,60.3,106.6,0.0,0,9,9,0,0,0.0,0.0
nuscenes_mini_subset,scene-0103_009,yaw,3.0,deg,12,Pedestrian,pedestrian,41.3,22.7,55.0,0.0,0,0,0,0,0,,
nuscenes_mini_subset,scene-0103_009,yaw,3.0,deg,13,Truck,vehicle,75.0,57.9,53.1,0.0,2,2,2,0,0,0.0,0.0
nuscenes_mini_subset,scene-0103_009,yaw,3.0,deg,14,Car,vehicle,39.6,78.1,53.4,0.0,0,4,4,0,0,0.0,0.0
nuscenes_mini_subset,scene-0103_009,yaw,3.0,deg,15,Pedestrian,pedestrian,36.1,29.0,65.6,0.0,2,1,1,0,0,0.0,0.0
nuscenes_mini_subset,scene-0103_010,yaw,0.0,deg,0,Car,vehicle,41.2,64.7,47.8,0.0,0,7,7,7,7,1.0,1.0
nuscenes_mini_subset,scene-0103_010,yaw,0.0,deg,1,Car,vehicle,24.6,290.1,96.3,0.0,0,38,38,38,38,1.0,1.0
nuscenes_mini_subset,scene-0103_010,yaw,0.0,deg,2,Car,vehicle,61.4,54.6,37.1,0.0,2,0,0,0,0,,
nuscenes_mini_subset,scene-0103_010,yaw,0.0,deg,3,Car,vehicle,26.2,156.0,106.3,0.52,0,14,14,14,14,1.0,1.0
nuscenes_mini_subset,scene-0103_010,yaw,0.0,deg,5,Car,vehicle,54.4,42.5,37.9,0.0,0,0,0,0,0,,
nuscenes_mini_subset,scene-0103_010,yaw,0.0,deg,6,Car,vehicle,37.9,103.7,60.6,0.0,2,1,1,1,1,1.0,1.0
nuscenes_mini_subset,scene-0103_010,yaw,0.0,deg,8,Car,vehicle,22.8,168.0,97.0,0.0,0,25,25,25,25,1.0,1.0
nuscenes_mini_subset,scene-0103_010,yaw,0.0,deg,9,Pedestrian,pedestrian,20.5,77.7,129.1,0.0,0,9,9,9,9,1.0,1.0
nuscenes_mini_subset,scene-0103_010,yaw,0.0,deg,10,Pedestrian,pedestrian,37.8,25.4,60.5,0.0,0,2,2,2,2,1.0,1.0
nuscenes_mini_subset,scene-0103_010,yaw,0.0,deg,11,Truck,vehicle,70.7,62.3,56.5,0.0,2,4,4,4,4,1.0,1.0
nuscenes_mini_subset,scene-0103_010,yaw,0.0,deg,12,Car,vehicle,34.8,91.6,60.1,0.0,0,0,0,0,0,,
nuscenes_mini_subset,scene-0103_010,yaw,0.0,deg,13,Pedestrian,pedestrian,31.1,36.2,76.7,0.0,0,3,3,3,3,1.0,1.0
nuscenes_mini_subset,scene-0103_010,yaw,0.5,deg,0,Car,vehicle,41.2,64.7,47.8,0.0,0,7,7,6,6,0.8571,0.8571
nuscenes_mini_subset,scene-0103_010,yaw,0.5,deg,1,Car,vehicle,24.6,290.1,96.3,0.0,0,38,38,38,38,1.0,1.0
nuscenes_mini_subset,scene-0103_010,yaw,0.5,deg,2,Car,vehicle,61.4,54.6,37.1,0.0,2,0,0,0,0,,
nuscenes_mini_subset,scene-0103_010,yaw,0.5,deg,3,Car,vehicle,26.2,156.0,106.3,0.52,0,14,13,13,13,0.9286,1.0
nuscenes_mini_subset,scene-0103_010,yaw,0.5,deg,5,Car,vehicle,54.4,42.5,37.9,0.0,0,0,0,0,0,,
nuscenes_mini_subset,scene-0103_010,yaw,0.5,deg,6,Car,vehicle,37.9,103.7,60.6,0.0,2,1,1,1,1,1.0,1.0
nuscenes_mini_subset,scene-0103_010,yaw,0.5,deg,8,Car,vehicle,22.8,168.0,97.0,0.0,0,25,25,25,25,1.0,1.0
nuscenes_mini_subset,scene-0103_010,yaw,0.5,deg,9,Pedestrian,pedestrian,20.5,77.7,129.1,0.0,0,9,9,8,8,0.8889,0.8889
nuscenes_mini_subset,scene-0103_010,yaw,0.5,deg,10,Pedestrian,pedestrian,37.8,25.4,60.5,0.0,0,2,2,1,1,0.5,0.5
nuscenes_mini_subset,scene-0103_010,yaw,0.5,deg,11,Truck,vehicle,70.7,62.3,56.5,0.0,2,4,4,4,4,1.0,1.0
nuscenes_mini_subset,scene-0103_010,yaw,0.5,deg,12,Car,vehicle,34.8,91.6,60.1,0.0,0,0,0,0,0,,
nuscenes_mini_subset,scene-0103_010,yaw,0.5,deg,13,Pedestrian,pedestrian,31.1,36.2,76.7,0.0,0,3,3,3,3,1.0,1.0
nuscenes_mini_subset,scene-0103_010,yaw,1.0,deg,0,Car,vehicle,41.2,64.7,47.8,0.0,0,7,7,4,4,0.5714,0.5714
nuscenes_mini_subset,scene-0103_010,yaw,1.0,deg,1,Car,vehicle,24.6,290.1,96.3,0.0,0,38,38,38,38,1.0,1.0
nuscenes_mini_subset,scene-0103_010,yaw,1.0,deg,2,Car,vehicle,61.4,54.6,37.1,0.0,2,0,0,0,0,,
nuscenes_mini_subset,scene-0103_010,yaw,1.0,deg,3,Car,vehicle,26.2,156.0,106.3,0.52,0,14,9,9,9,0.6429,1.0
nuscenes_mini_subset,scene-0103_010,yaw,1.0,deg,5,Car,vehicle,54.4,42.5,37.9,0.0,0,0,0,0,0,,
nuscenes_mini_subset,scene-0103_010,yaw,1.0,deg,6,Car,vehicle,37.9,103.7,60.6,0.0,2,1,1,1,1,1.0,1.0
nuscenes_mini_subset,scene-0103_010,yaw,1.0,deg,8,Car,vehicle,22.8,168.0,97.0,0.0,0,25,25,24,24,0.96,0.96
nuscenes_mini_subset,scene-0103_010,yaw,1.0,deg,9,Pedestrian,pedestrian,20.5,77.7,129.1,0.0,0,9,9,7,7,0.7778,0.7778
nuscenes_mini_subset,scene-0103_010,yaw,1.0,deg,10,Pedestrian,pedestrian,37.8,25.4,60.5,0.0,0,2,2,0,0,0.0,0.0
nuscenes_mini_subset,scene-0103_010,yaw,1.0,deg,11,Truck,vehicle,70.7,62.3,56.5,0.0,2,4,4,3,3,0.75,0.75
nuscenes_mini_subset,scene-0103_010,yaw,1.0,deg,12,Car,vehicle,34.8,91.6,60.1,0.0,0,0,0,0,0,,
nuscenes_mini_subset,scene-0103_010,yaw,1.0,deg,13,Pedestrian,pedestrian,31.1,36.2,76.7,0.0,0,3,3,2,2,0.6667,0.6667
nuscenes_mini_subset,scene-0103_010,yaw,2.0,deg,0,Car,vehicle,41.2,64.7,47.8,0.0,0,7,7,1,1,0.1429,0.1429
nuscenes_mini_subset,scene-0103_010,yaw,2.0,deg,1,Car,vehicle,24.6,290.1,96.3,0.0,0,38,38,37,37,0.9737,0.9737
nuscenes_mini_subset,scene-0103_010,yaw,2.0,deg,2,Car,vehicle,61.4,54.6,37.1,0.0,2,0,0,0,0,,
nuscenes_mini_subset,scene-0103_010,yaw,2.0,deg,3,Car,vehicle,26.2,156.0,106.3,0.52,0,14,6,6,6,0.4286,1.0
nuscenes_mini_subset,scene-0103_010,yaw,2.0,deg,5,Car,vehicle,54.4,42.5,37.9,0.0,0,0,0,0,0,,
nuscenes_mini_subset,scene-0103_010,yaw,2.0,deg,6,Car,vehicle,37.9,103.7,60.6,0.0,2,1,1,1,1,1.0,1.0
nuscenes_mini_subset,scene-0103_010,yaw,2.0,deg,8,Car,vehicle,22.8,168.0,97.0,0.0,0,25,25,22,22,0.88,0.88
nuscenes_mini_subset,scene-0103_010,yaw,2.0,deg,9,Pedestrian,pedestrian,20.5,77.7,129.1,0.0,0,9,9,1,1,0.1111,0.1111
nuscenes_mini_subset,scene-0103_010,yaw,2.0,deg,10,Pedestrian,pedestrian,37.8,25.4,60.5,0.0,0,2,2,0,0,0.0,0.0
nuscenes_mini_subset,scene-0103_010,yaw,2.0,deg,11,Truck,vehicle,70.7,62.3,56.5,0.0,2,4,4,1,1,0.25,0.25
nuscenes_mini_subset,scene-0103_010,yaw,2.0,deg,12,Car,vehicle,34.8,91.6,60.1,0.0,0,0,0,0,0,,
nuscenes_mini_subset,scene-0103_010,yaw,2.0,deg,13,Pedestrian,pedestrian,31.1,36.2,76.7,0.0,0,3,3,0,0,0.0,0.0
nuscenes_mini_subset,scene-0103_010,yaw,3.0,deg,0,Car,vehicle,41.2,64.7,47.8,0.0,0,7,7,0,0,0.0,0.0
nuscenes_mini_subset,scene-0103_010,yaw,3.0,deg,1,Car,vehicle,24.6,290.1,96.3,0.0,0,38,38,34,34,0.8947,0.8947
nuscenes_mini_subset,scene-0103_010,yaw,3.0,deg,2,Car,vehicle,61.4,54.6,37.1,0.0,2,0,0,0,0,,
nuscenes_mini_subset,scene-0103_010,yaw,3.0,deg,3,Car,vehicle,26.2,156.0,106.3,0.52,0,14,3,3,3,0.2143,1.0
nuscenes_mini_subset,scene-0103_010,yaw,3.0,deg,5,Car,vehicle,54.4,42.5,37.9,0.0,0,0,0,0,0,,
nuscenes_mini_subset,scene-0103_010,yaw,3.0,deg,6,Car,vehicle,37.9,103.7,60.6,0.0,2,1,1,1,1,1.0,1.0
nuscenes_mini_subset,scene-0103_010,yaw,3.0,deg,8,Car,vehicle,22.8,168.0,97.0,0.0,0,25,25,19,19,0.76,0.76
nuscenes_mini_subset,scene-0103_010,yaw,3.0,deg,9,Pedestrian,pedestrian,20.5,77.7,129.1,0.0,0,9,9,0,0,0.0,0.0
nuscenes_mini_subset,scene-0103_010,yaw,3.0,deg,10,Pedestrian,pedestrian,37.8,25.4,60.5,0.0,0,2,2,0,0,0.0,0.0
nuscenes_mini_subset,scene-0103_010,yaw,3.0,deg,11,Truck,vehicle,70.7,62.3,56.5,0.0,2,4,4,0,0,0.0,0.0
nuscenes_mini_subset,scene-0103_010,yaw,3.0,deg,12,Car,vehicle,34.8,91.6,60.1,0.0,0,0,0,0,0,,
nuscenes_mini_subset,scene-0103_010,yaw,3.0,deg,13,Pedestrian,pedestrian,31.1,36.2,76.7,0.0,0,3,3,0,0,0.0,0.0
nuscenes_mini_subset,scene-0103_011,yaw,0.0,deg,0,Car,vehicle,43.4,61.3,45.3,0.0,0,1,1,1,1,1.0,1.0
nuscenes_mini_subset,scene-0103_011,yaw,0.0,deg,1,Car,vehicle,20.9,353.0,115.1,0.0,0,45,45,45,45,1.0,1.0
nuscenes_mini_subset,scene-0103_011,yaw,0.0,deg,2,Car,vehicle,57.7,60.2,39.9,0.0,0,1,1,1,1,1.0,1.0
nuscenes_mini_subset,scene-0103_011,yaw,0.0,deg,3,Car,vehicle,23.0,26.3,129.5,0.94,0,1,1,1,1,1.0,1.0
nuscenes_mini_subset,scene-0103_011,yaw,0.0,deg,5,Car,vehicle,50.6,46.5,41.0,0.0,0,1,1,1,1,1.0,1.0
nuscenes_mini_subset,scene-0103_011,yaw,0.0,deg,6,Car,vehicle,34.2,120.9,66.4,0.0,2,1,1,1,1,1.0,1.0
nuscenes_mini_subset,scene-0103_011,yaw,0.0,deg,8,Car,vehicle,19.0,217.4,119.7,0.0,0,34,34,34,34,1.0,1.0
nuscenes_mini_subset,scene-0103_011,yaw,0.0,deg,9,Pedestrian,pedestrian,17.6,53.3,157.6,0.48,0,8,8,8,8,1.0,1.0
nuscenes_mini_subset,scene-0103_011,yaw,0.0,deg,10,Pedestrian,pedestrian,34.7,28.1,66.2,0.0,2,2,2,2,2,1.0,1.0
nuscenes_mini_subset,scene-0103_011,yaw,0.0,deg,11,Truck,vehicle,66.8,66.6,60.0,0.0,2,3,3,3,3,1.0,1.0
nuscenes_mini_subset,scene-0103_011,yaw,0.0,deg,12,Car,vehicle,30.5,108.1,69.1,0.0,0,1,1,1,1,1.0,1.0
nuscenes_mini_subset,scene-0103_011,yaw,0.0,deg,13,Pedestrian,pedestrian,26.7,45.7,90.8,0.0,0,3,3,3,3,1.0,1.0
nuscenes_mini_subset,scene-0103_011,yaw,0.5,deg,0,Car,vehicle,43.4,61.3,45.3,0.0,0,1,1,1,1,1.0,1.0
nuscenes_mini_subset,scene-0103_011,yaw,0.5,deg,1,Car,vehicle,20.9,353.0,115.1,0.0,0,45,45,45,45,1.0,1.0
nuscenes_mini_subset,scene-0103_011,yaw,0.5,deg,2,Car,vehicle,57.7,60.2,39.9,0.0,0,1,1,1,1,1.0,1.0
nuscenes_mini_subset,scene-0103_011,yaw,0.5,deg,3,Car,vehicle,23.0,26.3,129.5,0.94,0,1,1,1,1,1.0,1.0
nuscenes_mini_subset,scene-0103_011,yaw,0.5,deg,5,Car,vehicle,50.6,46.5,41.0,0.0,0,1,1,1,1,1.0,1.0
nuscenes_mini_subset,scene-0103_011,yaw,0.5,deg,6,Car,vehicle,34.2,120.9,66.4,0.0,2,1,1,1,1,1.0,1.0
nuscenes_mini_subset,scene-0103_011,yaw,0.5,deg,8,Car,vehicle,19.0,217.4,119.7,0.0,0,34,34,34,34,1.0,1.0
nuscenes_mini_subset,scene-0103_011,yaw,0.5,deg,9,Pedestrian,pedestrian,17.6,53.3,157.6,0.48,0,8,13,8,12,1.0,0.9231
nuscenes_mini_subset,scene-0103_011,yaw,0.5,deg,10,Pedestrian,pedestrian,34.7,28.1,66.2,0.0,2,2,2,1,1,0.5,0.5
nuscenes_mini_subset,scene-0103_011,yaw,0.5,deg,11,Truck,vehicle,66.8,66.6,60.0,0.0,2,3,3,3,3,1.0,1.0
nuscenes_mini_subset,scene-0103_011,yaw,0.5,deg,12,Car,vehicle,30.5,108.1,69.1,0.0,0,1,1,1,1,1.0,1.0
nuscenes_mini_subset,scene-0103_011,yaw,0.5,deg,13,Pedestrian,pedestrian,26.7,45.7,90.8,0.0,0,3,3,3,3,1.0,1.0
nuscenes_mini_subset,scene-0103_011,yaw,1.0,deg,0,Car,vehicle,43.4,61.3,45.3,0.0,0,1,1,1,1,1.0,1.0
nuscenes_mini_subset,scene-0103_011,yaw,1.0,deg,1,Car,vehicle,20.9,353.0,115.1,0.0,0,45,45,45,45,1.0,1.0
nuscenes_mini_subset,scene-0103_011,yaw,1.0,deg,2,Car,vehicle,57.7,60.2,39.9,0.0,0,1,1,1,1,1.0,1.0
nuscenes_mini_subset,scene-0103_011,yaw,1.0,deg,3,Car,vehicle,23.0,26.3,129.5,0.94,0,1,0,0,0,0.0,
nuscenes_mini_subset,scene-0103_011,yaw,1.0,deg,5,Car,vehicle,50.6,46.5,41.0,0.0,0,1,1,0,0,0.0,0.0
nuscenes_mini_subset,scene-0103_011,yaw,1.0,deg,6,Car,vehicle,34.2,120.9,66.4,0.0,2,1,1,1,1,1.0,1.0
nuscenes_mini_subset,scene-0103_011,yaw,1.0,deg,8,Car,vehicle,19.0,217.4,119.7,0.0,0,34,34,34,34,1.0,1.0
nuscenes_mini_subset,scene-0103_011,yaw,1.0,deg,9,Pedestrian,pedestrian,17.6,53.3,157.6,0.48,0,8,13,4,9,0.5,0.6923
nuscenes_mini_subset,scene-0103_011,yaw,1.0,deg,10,Pedestrian,pedestrian,34.7,28.1,66.2,0.0,2,2,2,0,0,0.0,0.0
nuscenes_mini_subset,scene-0103_011,yaw,1.0,deg,11,Truck,vehicle,66.8,66.6,60.0,0.0,2,3,3,3,3,1.0,1.0
nuscenes_mini_subset,scene-0103_011,yaw,1.0,deg,12,Car,vehicle,30.5,108.1,69.1,0.0,0,1,1,1,1,1.0,1.0
nuscenes_mini_subset,scene-0103_011,yaw,1.0,deg,13,Pedestrian,pedestrian,26.7,45.7,90.8,0.0,0,3,3,2,2,0.6667,0.6667
nuscenes_mini_subset,scene-0103_011,yaw,2.0,deg,0,Car,vehicle,43.4,61.3,45.3,0.0,0,1,1,1,1,1.0,1.0
nuscenes_mini_subset,scene-0103_011,yaw,2.0,deg,1,Car,vehicle,20.9,353.0,115.1,0.0,0,45,45,45,45,1.0,1.0
nuscenes_mini_subset,scene-0103_011,yaw,2.0,deg,2,Car,vehicle,57.7,60.2,39.9,0.0,0,1,1,0,0,0.0,0.0
nuscenes_mini_subset,scene-0103_011,yaw,2.0,deg,3,Car,vehicle,23.0,26.3,129.5,0.94,0,1,0,0,0,0.0,
nuscenes_mini_subset,scene-0103_011,yaw,2.0,deg,5,Car,vehicle,50.6,46.5,41.0,0.0,0,1,1,0,0,0.0,0.0
nuscenes_mini_subset,scene-0103_011,yaw,2.0,deg,6,Car,vehicle,34.2,120.9,66.4,0.0,2,1,1,1,1,1.0,1.0
nuscenes_mini_subset,scene-0103_011,yaw,2.0,deg,8,Car,vehicle,19.0,217.4,119.7,0.0,0,34,34,30,30,0.8824,0.8824
nuscenes_mini_subset,scene-0103_011,yaw,2.0,deg,9,Pedestrian,pedestrian,17.6,53.3,157.6,0.48,0,8,13,0,2,0.0,0.1538
nuscenes_mini_subset,scene-0103_011,yaw,2.0,deg,10,Pedestrian,pedestrian,34.7,28.1,66.2,0.0,2,2,2,0,0,0.0,0.0
nuscenes_mini_subset,scene-0103_011,yaw,2.0,deg,11,Truck,vehicle,66.8,66.6,60.0,0.0,2,3,3,1,1,0.3333,0.3333
nuscenes_mini_subset,scene-0103_011,yaw,2.0,deg,12,Car,vehicle,30.5,108.1,69.1,0.0,0,1,1,1,1,1.0,1.0
nuscenes_mini_subset,scene-0103_011,yaw,2.0,deg,13,Pedestrian,pedestrian,26.7,45.7,90.8,0.0,0,3,3,0,0,0.0,0.0
nuscenes_mini_subset,scene-0103_011,yaw,3.0,deg,0,Car,vehicle,43.4,61.3,45.3,0.0,0,1,1,0,0,0.0,0.0
nuscenes_mini_subset,scene-0103_011,yaw,3.0,deg,1,Car,vehicle,20.9,353.0,115.1,0.0,0,45,45,42,42,0.9333,0.9333
nuscenes_mini_subset,scene-0103_011,yaw,3.0,deg,2,Car,vehicle,57.7,60.2,39.9,0.0,0,1,1,0,0,0.0,0.0
nuscenes_mini_subset,scene-0103_011,yaw,3.0,deg,3,Car,vehicle,23.0,26.3,129.5,0.94,0,1,0,0,0,0.0,
nuscenes_mini_subset,scene-0103_011,yaw,3.0,deg,5,Car,vehicle,50.6,46.5,41.0,0.0,0,1,1,0,0,0.0,0.0
nuscenes_mini_subset,scene-0103_011,yaw,3.0,deg,6,Car,vehicle,34.2,120.9,66.4,0.0,2,1,1,1,1,1.0,1.0
nuscenes_mini_subset,scene-0103_011,yaw,3.0,deg,8,Car,vehicle,19.0,217.4,119.7,0.0,0,34,34,24,24,0.7059,0.7059
nuscenes_mini_subset,scene-0103_011,yaw,3.0,deg,9,Pedestrian,pedestrian,17.6,53.3,157.6,0.48,0,8,13,0,0,0.0,0.0
nuscenes_mini_subset,scene-0103_011,yaw,3.0,deg,10,Pedestrian,pedestrian,34.7,28.1,66.2,0.0,2,2,2,0,0,0.0,0.0
nuscenes_mini_subset,scene-0103_011,yaw,3.0,deg,11,Truck,vehicle,66.8,66.6,60.0,0.0,2,3,3,0,0,0.0,0.0
nuscenes_mini_subset,scene-0103_011,yaw,3.0,deg,12,Car,vehicle,30.5,108.1,69.1,0.0,0,1,1,0,0,0.0,0.0
nuscenes_mini_subset,scene-0103_011,yaw,3.0,deg,13,Pedestrian,pedestrian,26.7,45.7,90.8,0.0,0,3,3,0,0,0.0,0.0
nuscenes_mini_subset,scene-0103_012,yaw,0.0,deg,0,Car,vehicle,17.9,430.1,139.6,0.0,0,47,47,47,47,1.0,1.0
nuscenes_mini_subset,scene-0103_012,yaw,0.0,deg,1,Car,vehicle,54.5,65.6,42.5,0.0,0,0,0,0,0,,
nuscenes_mini_subset,scene-0103_012,yaw,0.0,deg,3,Car,vehicle,60.0,75.5,45.5,0.0,2,1,1,1,1,1.0,1.0
nuscenes_mini_subset,scene-0103_012,yaw,0.0,deg,4,Car,vehicle,47.3,50.5,43.9,0.0,0,4,4,4,4,1.0,1.0
nuscenes_mini_subset,scene-0103_012,yaw,0.0,deg,5,Car,vehicle,31.0,140.4,75.0,0.0,2,1,1,1,1,1.0,1.0
nuscenes_mini_subset,scene-0103_012,yaw,0.0,deg,7,Car,vehicle,15.9,285.3,149.7,0.0,0,61,61,61,61,1.0,1.0
nuscenes_mini_subset,scene-0103_012,yaw,0.0,deg,8,Pedestrian,pedestrian,32.3,30.8,71.5,0.0,2,1,1,1,1,1.0,1.0
nuscenes_mini_subset,scene-0103_012,yaw,0.0,deg,9,Truck,vehicle,63.6,70.9,63.2,0.0,2,1,1,1,1,1.0,1.0
nuscenes_mini_subset,scene-0103_012,yaw,0.0,deg,10,Car,vehicle,26.8,127.8,79.7,0.0,0,11,11,11,11,1.0,1.0
nuscenes_mini_subset,scene-0103_012,yaw,0.0,deg,11,Car,vehicle,87.0,27.2,28.9,0.0,2,1,1,1,1,1.0,1.0
nuscenes_mini_subset,scene-0103_012,yaw,0.0,deg,12,Pedestrian,pedestrian,23.0,57.9,107.7,0.0,0,6,6,6,6,1.0,1.0
nuscenes_mini_subset,scene-0103_012,yaw,0.0,deg,13,Car,vehicle,37.2,114.1,72.5,0.0,1,2,2,2,2,1.0,1.0
nuscenes_mini_subset,scene-0103_012,yaw,0.5,deg,0,Car,vehicle,17.9,430.1,139.6,0.0,0,47,47,47,47,1.0,1.0
nuscenes_mini_subset,scene-0103_012,yaw,0.5,deg,1,Car,vehicle,54.5,65.6,42.5,0.0,0,0,0,0,0,,
nuscenes_mini_subset,scene-0103_012,yaw,0.5,deg,3,Car,vehicle,60.0,75.5,45.5,0.0,2,1,1,1,1,1.0,1.0
nuscenes_mini_subset,scene-0103_012,yaw,0.5,deg,4,Car,vehicle,47.3,50.5,43.9,0.0,0,4,4,4,4,1.0,1.0
nuscenes_mini_subset,scene-0103_012,yaw,0.5,deg,5,Car,vehicle,31.0,140.4,75.0,0.0,2,1,1,1,1,1.0,1.0
nuscenes_mini_subset,scene-0103_012,yaw,0.5,deg,7,Car,vehicle,15.9,285.3,149.7,0.0,0,61,61,61,61,1.0,1.0
nuscenes_mini_subset,scene-0103_012,yaw,0.5,deg,8,Pedestrian,pedestrian,32.3,30.8,71.5,0.0,2,1,1,0,0,0.0,0.0
nuscenes_mini_subset,scene-0103_012,yaw,0.5,deg,9,Truck,vehicle,63.6,70.9,63.2,0.0,2,1,1,1,1,1.0,1.0
nuscenes_mini_subset,scene-0103_012,yaw,0.5,deg,10,Car,vehicle,26.8,127.8,79.7,0.0,0,11,11,11,11,1.0,1.0
nuscenes_mini_subset,scene-0103_012,yaw,0.5,deg,11,Car,vehicle,87.0,27.2,28.9,0.0,2,1,1,0,0,0.0,0.0
nuscenes_mini_subset,scene-0103_012,yaw,0.5,deg,12,Pedestrian,pedestrian,23.0,57.9,107.7,0.0,0,6,6,6,6,1.0,1.0
nuscenes_mini_subset,scene-0103_012,yaw,0.5,deg,13,Car,vehicle,37.2,114.1,72.5,0.0,1,2,2,2,2,1.0,1.0
nuscenes_mini_subset,scene-0103_012,yaw,1.0,deg,0,Car,vehicle,17.9,430.1,139.6,0.0,0,47,47,47,47,1.0,1.0
nuscenes_mini_subset,scene-0103_012,yaw,1.0,deg,1,Car,vehicle,54.5,65.6,42.5,0.0,0,0,0,0,0,,
nuscenes_mini_subset,scene-0103_012,yaw,1.0,deg,3,Car,vehicle,60.0,75.5,45.5,0.0,2,1,1,1,1,1.0,1.0
nuscenes_mini_subset,scene-0103_012,yaw,1.0,deg,4,Car,vehicle,47.3,50.5,43.9,0.0,0,4,4,3,3,0.75,0.75
nuscenes_mini_subset,scene-0103_012,yaw,1.0,deg,5,Car,vehicle,31.0,140.4,75.0,0.0,2,1,1,1,1,1.0,1.0
nuscenes_mini_subset,scene-0103_012,yaw,1.0,deg,7,Car,vehicle,15.9,285.3,149.7,0.0,0,61,61,60,60,0.9836,0.9836
nuscenes_mini_subset,scene-0103_012,yaw,1.0,deg,8,Pedestrian,pedestrian,32.3,30.8,71.5,0.0,2,1,1,0,0,0.0,0.0
nuscenes_mini_subset,scene-0103_012,yaw,1.0,deg,9,Truck,vehicle,63.6,70.9,63.2,0.0,2,1,1,1,1,1.0,1.0
nuscenes_mini_subset,scene-0103_012,yaw,1.0,deg,10,Car,vehicle,26.8,127.8,79.7,0.0,0,11,11,9,9,0.8182,0.8182
nuscenes_mini_subset,scene-0103_012,yaw,1.0,deg,11,Car,vehicle,87.0,27.2,28.9,0.0,2,1,1,0,0,0.0,0.0
nuscenes_mini_subset,scene-0103_012,yaw,1.0,deg,12,Pedestrian,pedestrian,23.0,57.9,107.7,0.0,0,6,6,6,6,1.0,1.0
nuscenes_mini_subset,scene-0103_012,yaw,1.0,deg,13,Car,vehicle,37.2,114.1,72.5,0.0,1,2,2,2,2,1.0,1.0
nuscenes_mini_subset,scene-0103_012,yaw,2.0,deg,0,Car,vehicle,17.9,430.1,139.6,0.0,0,47,47,47,47,1.0,1.0
nuscenes_mini_subset,scene-0103_012,yaw,2.0,deg,1,Car,vehicle,54.5,65.6,42.5,0.0,0,0,0,0,0,,
nuscenes_mini_subset,scene-0103_012,yaw,2.0,deg,3,Car,vehicle,60.0,75.5,45.5,0.0,2,1,1,0,0,0.0,0.0
nuscenes_mini_subset,scene-0103_012,yaw,2.0,deg,4,Car,vehicle,47.3,50.5,43.9,0.0,0,4,4,0,0,0.0,0.0
nuscenes_mini_subset,scene-0103_012,yaw,2.0,deg,5,Car,vehicle,31.0,140.4,75.0,0.0,2,1,1,1,1,1.0,1.0
nuscenes_mini_subset,scene-0103_012,yaw,2.0,deg,7,Car,vehicle,15.9,285.3,149.7,0.0,0,61,61,54,54,0.8852,0.8852
nuscenes_mini_subset,scene-0103_012,yaw,2.0,deg,8,Pedestrian,pedestrian,32.3,30.8,71.5,0.0,2,1,1,0,0,0.0,0.0
nuscenes_mini_subset,scene-0103_012,yaw,2.0,deg,9,Truck,vehicle,63.6,70.9,63.2,0.0,2,1,1,1,1,1.0,1.0
nuscenes_mini_subset,scene-0103_012,yaw,2.0,deg,10,Car,vehicle,26.8,127.8,79.7,0.0,0,11,11,8,8,0.7273,0.7273
nuscenes_mini_subset,scene-0103_012,yaw,2.0,deg,11,Car,vehicle,87.0,27.2,28.9,0.0,2,1,1,0,0,0.0,0.0
nuscenes_mini_subset,scene-0103_012,yaw,2.0,deg,12,Pedestrian,pedestrian,23.0,57.9,107.7,0.0,0,6,6,0,0,0.0,0.0
nuscenes_mini_subset,scene-0103_012,yaw,2.0,deg,13,Car,vehicle,37.2,114.1,72.5,0.0,1,2,2,2,2,1.0,1.0
nuscenes_mini_subset,scene-0103_012,yaw,3.0,deg,0,Car,vehicle,17.9,430.1,139.6,0.0,0,47,47,45,45,0.9574,0.9574
nuscenes_mini_subset,scene-0103_012,yaw,3.0,deg,1,Car,vehicle,54.5,65.6,42.5,0.0,0,0,0,0,0,,
nuscenes_mini_subset,scene-0103_012,yaw,3.0,deg,3,Car,vehicle,60.0,75.5,45.5,0.0,2,1,1,0,0,0.0,0.0
nuscenes_mini_subset,scene-0103_012,yaw,3.0,deg,4,Car,vehicle,47.3,50.5,43.9,0.0,0,4,4,0,0,0.0,0.0
nuscenes_mini_subset,scene-0103_012,yaw,3.0,deg,5,Car,vehicle,31.0,140.4,75.0,0.0,2,1,1,1,1,1.0,1.0
nuscenes_mini_subset,scene-0103_012,yaw,3.0,deg,7,Car,vehicle,15.9,285.3,149.7,0.0,0,61,61,48,48,0.7869,0.7869
nuscenes_mini_subset,scene-0103_012,yaw,3.0,deg,8,Pedestrian,pedestrian,32.3,30.8,71.5,0.0,2,1,1,0,0,0.0,0.0
nuscenes_mini_subset,scene-0103_012,yaw,3.0,deg,9,Truck,vehicle,63.6,70.9,63.2,0.0,2,1,1,0,0,0.0,0.0
nuscenes_mini_subset,scene-0103_012,yaw,3.0,deg,10,Car,vehicle,26.8,127.8,79.7,0.0,0,11,11,5,5,0.4545,0.4545
nuscenes_mini_subset,scene-0103_012,yaw,3.0,deg,11,Car,vehicle,87.0,27.2,28.9,0.0,2,1,1,0,0,0.0,0.0
nuscenes_mini_subset,scene-0103_012,yaw,3.0,deg,12,Pedestrian,pedestrian,23.0,57.9,107.7,0.0,0,6,6,0,0,0.0,0.0
nuscenes_mini_subset,scene-0103_012,yaw,3.0,deg,13,Car,vehicle,37.2,114.1,72.5,0.0,1,2,2,0,0,0.0,0.0
nuscenes_mini_subset,scene-0103_013,yaw,0.0,deg,0,Car,vehicle,59.6,81.8,46.6,0.0,2,1,1,1,1,1.0,1.0
nuscenes_mini_subset,scene-0103_013,yaw,0.0,deg,1,Car,vehicle,16.1,497.0,161.1,0.0,0,71,71,71,71,1.0,1.0
nuscenes_mini_subset,scene-0103_013,yaw,0.0,deg,2,Car,vehicle,52.5,69.5,44.3,0.0,0,0,0,0,0,,
nuscenes_mini_subset,scene-0103_013,yaw,0.0,deg,4,Car,vehicle,57.9,79.4,47.3,0.0,2,1,1,1,1,1.0,1.0
nuscenes_mini_subset,scene-0103_013,yaw,0.0,deg,5,Car,vehicle,45.2,53.4,46.1,0.0,0,3,3,3,3,1.0,1.0
nuscenes_mini_subset,scene-0103_013,yaw,0.0,deg,6,Car,vehicle,29.0,156.5,81.8,0.0,2,3,3,3,3,1.0,1.0
nuscenes_mini_subset,scene-0103_013,yaw,0.0,deg,8,Car,vehicle,13.9,352.3,178.0,0.0,0,89,89,89,89,1.0,1.0
nuscenes_mini_subset,scene-0103_013,yaw,0.0,deg,9,Pedestrian,pedestrian,31.1,32.2,74.6,0.0,2,4,4,4,4,1.0,1.0
nuscenes_mini_subset,scene-0103_013,yaw,0.0,deg,10,Truck,vehicle,61.5,73.9,65.5,0.0,1,1,1,1,1,1.0,1.0
nuscenes_mini_subset,scene-0103_013,yaw,0.0,deg,11,Car,vehicle,33.8,138.3,72.1,0.0,2,2,2,2,2,1.0,1.0
nuscenes_mini_subset,scene-0103_013,yaw,0.0,deg,12,Car,vehicle,24.8,142.5,87.3,0.0,0,16,16,16,16,1.0,1.0
nuscenes_mini_subset,scene-0103_013,yaw,0.0,deg,13,Car,vehicle,84.9,28.0,29.7,0.0,2,1,1,1,1,1.0,1.0
nuscenes_mini_subset,scene-0103_013,yaw,0.0,deg,14,Pedestrian,pedestrian,20.5,69.7,124.0,0.0,0,6,6,6,6,1.0,1.0
nuscenes_mini_subset,scene-0103_013,yaw,0.0,deg,15,Car,vehicle,35.2,124.0,77.4,0.0,1,1,1,1,1,1.0,1.0
nuscenes_mini_subset,scene-0103_013,yaw,0.5,deg,0,Car,vehicle,59.6,81.8,46.6,0.0,2,1,1,1,1,1.0,1.0
nuscenes_mini_subset,scene-0103_013,yaw,0.5,deg,1,Car,vehicle,16.1,497.0,161.1,0.0,0,71,71,71,71,1.0,1.0
nuscenes_mini_subset,scene-0103_013,yaw,0.5,deg,2,Car,vehicle,52.5,69.5,44.3,0.0,0,0,0,0,0,,
nuscenes_mini_subset,scene-0103_013,yaw,0.5,deg,4,Car,vehicle,57.9,79.4,47.3,0.0,2,1,1,1,1,1.0,1.0
nuscenes_mini_subset,scene-0103_013,yaw,0.5,deg,5,Car,vehicle,45.2,53.4,46.1,0.0,0,3,3,3,3,1.0,1.0
nuscenes_mini_subset,scene-0103_013,yaw,0.5,deg,6,Car,vehicle,29.0,156.5,81.8,0.0,2,3,3,3,3,1.0,1.0
nuscenes_mini_subset,scene-0103_013,yaw,0.5,deg,8,Car,vehicle,13.9,352.3,178.0,0.0,0,89,89,89,89,1.0,1.0
nuscenes_mini_subset,scene-0103_013,yaw,0.5,deg,9,Pedestrian,pedestrian,31.1,32.2,74.6,0.0,2,4,4,3,3,0.75,0.75
nuscenes_mini_subset,scene-0103_013,yaw,0.5,deg,10,Truck,vehicle,61.5,73.9,65.5,0.0,1,1,1,1,1,1.0,1.0
nuscenes_mini_subset,scene-0103_013,yaw,0.5,deg,11,Car,vehicle,33.8,138.3,72.1,0.0,2,2,2,2,2,1.0,1.0
nuscenes_mini_subset,scene-0103_013,yaw,0.5,deg,12,Car,vehicle,24.8,142.5,87.3,0.0,0,16,16,16,16,1.0,1.0
nuscenes_mini_subset,scene-0103_013,yaw,0.5,deg,13,Car,vehicle,84.9,28.0,29.7,0.0,2,1,1,0,0,0.0,0.0
nuscenes_mini_subset,scene-0103_013,yaw,0.5,deg,14,Pedestrian,pedestrian,20.5,69.7,124.0,0.0,0,6,6,6,6,1.0,1.0
nuscenes_mini_subset,scene-0103_013,yaw,0.5,deg,15,Car,vehicle,35.2,124.0,77.4,0.0,1,1,1,1,1,1.0,1.0
nuscenes_mini_subset,scene-0103_013,yaw,1.0,deg,0,Car,vehicle,59.6,81.8,46.6,0.0,2,1,1,1,1,1.0,1.0
nuscenes_mini_subset,scene-0103_013,yaw,1.0,deg,1,Car,vehicle,16.1,497.0,161.1,0.0,0,71,71,71,71,1.0,1.0
nuscenes_mini_subset,scene-0103_013,yaw,1.0,deg,2,Car,vehicle,52.5,69.5,44.3,0.0,0,0,0,0,0,,
nuscenes_mini_subset,scene-0103_013,yaw,1.0,deg,4,Car,vehicle,57.9,79.4,47.3,0.0,2,1,1,1,1,1.0,1.0
nuscenes_mini_subset,scene-0103_013,yaw,1.0,deg,5,Car,vehicle,45.2,53.4,46.1,0.0,0,3,3,2,2,0.6667,0.6667
nuscenes_mini_subset,scene-0103_013,yaw,1.0,deg,6,Car,vehicle,29.0,156.5,81.8,0.0,2,3,3,3,3,1.0,1.0
nuscenes_mini_subset,scene-0103_013,yaw,1.0,deg,8,Car,vehicle,13.9,352.3,178.0,0.0,0,89,89,89,89,1.0,1.0
nuscenes_mini_subset,scene-0103_013,yaw,1.0,deg,9,Pedestrian,pedestrian,31.1,32.2,74.6,0.0,2,4,4,1,1,0.25,0.25
nuscenes_mini_subset,scene-0103_013,yaw,1.0,deg,10,Truck,vehicle,61.5,73.9,65.5,0.0,1,1,1,1,1,1.0,1.0
nuscenes_mini_subset,scene-0103_013,yaw,1.0,deg,11,Car,vehicle,33.8,138.3,72.1,0.0,2,2,2,1,1,0.5,0.5
nuscenes_mini_subset,scene-0103_013,yaw,1.0,deg,12,Car,vehicle,24.8,142.5,87.3,0.0,0,16,16,15,15,0.9375,0.9375
nuscenes_mini_subset,scene-0103_013,yaw,1.0,deg,13,Car,vehicle,84.9,28.0,29.7,0.0,2,1,1,0,0,0.0,0.0
nuscenes_mini_subset,scene-0103_013,yaw,1.0,deg,14,Pedestrian,pedestrian,20.5,69.7,124.0,0.0,0,6,6,6,6,1.0,1.0
nuscenes_mini_subset,scene-0103_013,yaw,1.0,deg,15,Car,vehicle,35.2,124.0,77.4,0.0,1,1,1,1,1,1.0,1.0
nuscenes_mini_subset,scene-0103_013,yaw,2.0,deg,0,Car,vehicle,59.6,81.8,46.6,0.0,2,1,1,1,1,1.0,1.0
nuscenes_mini_subset,scene-0103_013,yaw,2.0,deg,1,Car,vehicle,16.1,497.0,161.1,0.0,0,71,70,70,70,0.9859,1.0
nuscenes_mini_subset,scene-0103_013,yaw,2.0,deg,2,Car,vehicle,52.5,69.5,44.3,0.0,0,0,0,0,0,,
nuscenes_mini_subset,scene-0103_013,yaw,2.0,deg,4,Car,vehicle,57.9,79.4,47.3,0.0,2,1,1,0,0,0.0,0.0
nuscenes_mini_subset,scene-0103_013,yaw,2.0,deg,5,Car,vehicle,45.2,53.4,46.1,0.0,0,3,3,0,0,0.0,0.0
nuscenes_mini_subset,scene-0103_013,yaw,2.0,deg,6,Car,vehicle,29.0,156.5,81.8,0.0,2,3,3,3,3,1.0,1.0
nuscenes_mini_subset,scene-0103_013,yaw,2.0,deg,8,Car,vehicle,13.9,352.3,178.0,0.0,0,89,89,85,85,0.9551,0.9551
nuscenes_mini_subset,scene-0103_013,yaw,2.0,deg,9,Pedestrian,pedestrian,31.1,32.2,74.6,0.0,2,4,4,0,0,0.0,0.0
nuscenes_mini_subset,scene-0103_013,yaw,2.0,deg,10,Truck,vehicle,61.5,73.9,65.5,0.0,1,1,1,1,1,1.0,1.0
nuscenes_mini_subset,scene-0103_013,yaw,2.0,deg,11,Car,vehicle,33.8,138.3,72.1,0.0,2,2,2,1,1,0.5,0.5
nuscenes_mini_subset,scene-0103_013,yaw,2.0,deg,12,Car,vehicle,24.8,142.5,87.3,0.0,0,16,16,12,12,0.75,0.75
nuscenes_mini_subset,scene-0103_013,yaw,2.0,deg,13,Car,vehicle,84.9,28.0,29.7,0.0,2,1,1,0,0,0.0,0.0
nuscenes_mini_subset,scene-0103_013,yaw,2.0,deg,14,Pedestrian,pedestrian,20.5,69.7,124.0,0.0,0,6,6,1,1,0.1667,0.1667
nuscenes_mini_subset,scene-0103_013,yaw,2.0,deg,15,Car,vehicle,35.2,124.0,77.4,0.0,1,1,1,1,1,1.0,1.0
nuscenes_mini_subset,scene-0103_013,yaw,3.0,deg,0,Car,vehicle,59.6,81.8,46.6,0.0,2,1,1,0,0,0.0,0.0
nuscenes_mini_subset,scene-0103_013,yaw,3.0,deg,1,Car,vehicle,16.1,497.0,161.1,0.0,0,71,69,68,68,0.9577,0.9855
nuscenes_mini_subset,scene-0103_013,yaw,3.0,deg,2,Car,vehicle,52.5,69.5,44.3,0.0,0,0,0,0,0,,
nuscenes_mini_subset,scene-0103_013,yaw,3.0,deg,4,Car,vehicle,57.9,79.4,47.3,0.0,2,1,1,0,0,0.0,0.0
nuscenes_mini_subset,scene-0103_013,yaw,3.0,deg,5,Car,vehicle,45.2,53.4,46.1,0.0,0,3,3,0,0,0.0,0.0
nuscenes_mini_subset,scene-0103_013,yaw,3.0,deg,6,Car,vehicle,29.0,156.5,81.8,0.0,2,3,3,3,3,1.0,1.0
nuscenes_mini_subset,scene-0103_013,yaw,3.0,deg,8,Car,vehicle,13.9,352.3,178.0,0.0,0,89,89,79,79,0.8876,0.8876
nuscenes_mini_subset,scene-0103_013,yaw,3.0,deg,9,Pedestrian,pedestrian,31.1,32.2,74.6,0.0,2,4,4,0,0,0.0,0.0
nuscenes_mini_subset,scene-0103_013,yaw,3.0,deg,10,Truck,vehicle,61.5,73.9,65.5,0.0,1,1,1,0,0,0.0,0.0
nuscenes_mini_subset,scene-0103_013,yaw,3.0,deg,11,Car,vehicle,33.8,138.3,72.1,0.0,2,2,2,1,1,0.5,0.5
nuscenes_mini_subset,scene-0103_013,yaw,3.0,deg,12,Car,vehicle,24.8,142.5,87.3,0.0,0,16,16,8,8,0.5,0.5
nuscenes_mini_subset,scene-0103_013,yaw,3.0,deg,13,Car,vehicle,84.9,28.0,29.7,0.0,2,1,1,0,0,0.0,0.0
nuscenes_mini_subset,scene-0103_013,yaw,3.0,deg,14,Pedestrian,pedestrian,20.5,69.7,124.0,0.0,0,6,6,0,0,0.0,0.0
nuscenes_mini_subset,scene-0103_013,yaw,3.0,deg,15,Car,vehicle,35.2,124.0,77.4,0.0,1,1,1,0,0,0.0,0.0
nuscenes_mini_subset,scene-0103_014,yaw,0.0,deg,0,Car,vehicle,57.7,86.2,48.4,0.0,2,0,0,0,0,,
nuscenes_mini_subset,scene-0103_014,yaw,0.0,deg,1,Car,vehicle,14.2,555.6,185.2,0.01,0,130,130,130,130,1.0,1.0
nuscenes_mini_subset,scene-0103_014,yaw,0.0,deg,2,Car,vehicle,50.6,73.8,46.2,0.0,0,0,0,0,0,,
nuscenes_mini_subset,scene-0103_014,yaw,0.0,deg,3,Pedestrian,pedestrian,23.8,68.3,104.7,0.0,2,2,2,2,2,1.0,1.0
nuscenes_mini_subset,scene-0103_014,yaw,0.0,deg,4,Pedestrian,pedestrian,23.7,56.7,108.3,0.0,2,1,1,1,1,1.0,1.0
nuscenes_mini_subset,scene-0103_014,yaw,0.0,deg,5,Car,vehicle,56.0,83.8,49.2,0.0,2,0,0,0,0,,
nuscenes_mini_subset,scene-0103_014,yaw,0.0,deg,6,Car,vehicle,43.2,56.6,48.3,0.0,0,4,4,4,4,1.0,1.0
nuscenes_mini_subset,scene-0103_014,yaw,0.0,deg,7,Car,vehicle,27.0,176.1,90.0,0.0,2,1,1,1,1,1.0,1.0
nuscenes_mini_subset,scene-0103_014,yaw,0.0,deg,9,Car,vehicle,12.1,442.4,218.0,0.02,0,131,131,131,131,1.0,1.0
nuscenes_mini_subset,scene-0103_014,yaw,0.0,deg,10,Pedestrian,pedestrian,30.0,33.7,77.7,0.0,2,2,2,2,2,1.0,1.0
nuscenes_mini_subset,scene-0103_014,yaw,0.0,deg,11,Truck,vehicle,59.5,77.1,67.9,0.0,1,1,1,1,1,1.0,1.0
nuscenes_mini_subset,scene-0103_014,yaw,0.0,deg,12,Car,vehicle,31.9,153.1,77.5,0.0,2,1,1,1,1,1.0,1.0
nuscenes_mini_subset,scene-0103_014,yaw,0.0,deg,13,Car,vehicle,22.8,159.8,96.0,0.0,0,26,26,26,26,1.0,1.0
nuscenes_mini_subset,scene-0103_014,yaw,0.0,deg,14,Car,vehicle,82.9,28.8,30.4,0.0,2,1,1,1,1,1.0,1.0
nuscenes_mini_subset,scene-0103_014,yaw,0.0,deg,15,Pedestrian,pedestrian,18.0,86.4,145.6,0.0,1,5,5,5,5,1.0,1.0
nuscenes_mini_subset,scene-0103_014,yaw,0.0,deg,16,Car,vehicle,33.2,134.9,82.7,0.0,2,4,4,4,4,1.0,1.0
nuscenes_mini_subset,scene-0103_014,yaw,0.5,deg,0,Car,vehicle,57.7,86.2,48.4,0.0,2,0,0,0,0,,
nuscenes_mini_subset,scene-0103_014,yaw,0.5,deg,1,Car,vehicle,14.2,555.6,185.2,0.01,0,130,129,129,129,0.9923,1.0
nuscenes_mini_subset,scene-0103_014,yaw,0.5,deg,2,Car,vehicle,50.6,73.8,46.2,0.0,0,0,0,0,0,,
nuscenes_mini_subset,scene-0103_014,yaw,0.5,deg,3,Pedestrian,pedestrian,23.8,68.3,104.7,0.0,2,2,2,2,2,1.0,1.0
nuscenes_mini_subset,scene-0103_014,yaw,0.5,deg,4,Pedestrian,pedestrian,23.7,56.7,108.3,0.0,2,1,1,1,1,1.0,1.0
nuscenes_mini_subset,scene-0103_014,yaw,0.5,deg,5,Car,vehicle,56.0,83.8,49.2,0.0,2,0,0,0,0,,
nuscenes_mini_subset,scene-0103_014,yaw,0.5,deg,6,Car,vehicle,43.2,56.6,48.3,0.0,0,4,4,4,4,1.0,1.0
nuscenes_mini_subset,scene-0103_014,yaw,0.5,deg,7,Car,vehicle,27.0,176.1,90.0,0.0,2,1,1,1,1,1.0,1.0
nuscenes_mini_subset,scene-0103_014,yaw,0.5,deg,9,Car,vehicle,12.1,442.4,218.0,0.02,0,131,131,131,131,1.0,1.0
nuscenes_mini_subset,scene-0103_014,yaw,0.5,deg,10,Pedestrian,pedestrian,30.0,33.7,77.7,0.0,2,2,2,2,2,1.0,1.0
nuscenes_mini_subset,scene-0103_014,yaw,0.5,deg,11,Truck,vehicle,59.5,77.1,67.9,0.0,1,1,1,1,1,1.0,1.0
nuscenes_mini_subset,scene-0103_014,yaw,0.5,deg,12,Car,vehicle,31.9,153.1,77.5,0.0,2,1,1,1,1,1.0,1.0
nuscenes_mini_subset,scene-0103_014,yaw,0.5,deg,13,Car,vehicle,22.8,159.8,96.0,0.0,0,26,26,26,26,1.0,1.0
nuscenes_mini_subset,scene-0103_014,yaw,0.5,deg,14,Car,vehicle,82.9,28.8,30.4,0.0,2,1,1,0,0,0.0,0.0
nuscenes_mini_subset,scene-0103_014,yaw,0.5,deg,15,Pedestrian,pedestrian,18.0,86.4,145.6,0.0,1,5,5,5,5,1.0,1.0
nuscenes_mini_subset,scene-0103_014,yaw,0.5,deg,16,Car,vehicle,33.2,134.9,82.7,0.0,2,4,4,4,4,1.0,1.0
nuscenes_mini_subset,scene-0103_014,yaw,1.0,deg,0,Car,vehicle,57.7,86.2,48.4,0.0,2,0,0,0,0,,
nuscenes_mini_subset,scene-0103_014,yaw,1.0,deg,1,Car,vehicle,14.2,555.6,185.2,0.01,0,130,127,127,127,0.9769,1.0
nuscenes_mini_subset,scene-0103_014,yaw,1.0,deg,2,Car,vehicle,50.6,73.8,46.2,0.0,0,0,0,0,0,,
nuscenes_mini_subset,scene-0103_014,yaw,1.0,deg,3,Pedestrian,pedestrian,23.8,68.3,104.7,0.0,2,2,2,1,1,0.5,0.5
nuscenes_mini_subset,scene-0103_014,yaw,1.0,deg,4,Pedestrian,pedestrian,23.7,56.7,108.3,0.0,2,1,1,1,1,1.0,1.0
nuscenes_mini_subset,scene-0103_014,yaw,1.0,deg,5,Car,vehicle,56.0,83.8,49.2,0.0,2,0,0,0,0,,
nuscenes_mini_subset,scene-0103_014,yaw,1.0,deg,6,Car,vehicle,43.2,56.6,48.3,0.0,0,4,4,3,3,0.75,0.75
nuscenes_mini_subset,scene-0103_014,yaw,1.0,deg,7,Car,vehicle,27.0,176.1,90.0,0.0,2,1,1,1,1,1.0,1.0
nuscenes_mini_subset,scene-0103_014,yaw,1.0,deg,9,Car,vehicle,12.1,442.4,218.0,0.02,0,131,131,130,130,0.9924,0.9924
nuscenes_mini_subset,scene-0103_014,yaw,1.0,deg,10,Pedestrian,pedestrian,30.0,33.7,77.7,0.0,2,2,2,0,0,0.0,0.0
nuscenes_mini_subset,scene-0103_014,yaw,1.0,deg,11,Truck,vehicle,59.5,77.1,67.9,0.0,1,1,1,1,1,1.0,1.0
nuscenes_mini_subset,scene-0103_014,yaw,1.0,deg,12,Car,vehicle,31.9,153.1,77.5,0.0,2,1,1,0,0,0.0,0.0
nuscenes_mini_subset,scene-0103_014,yaw,1.0,deg,13,Car,vehicle,22.8,159.8,96.0,0.0,0,26,26,24,24,0.9231,0.9231
nuscenes_mini_subset,scene-0103_014,yaw,1.0,deg,14,Car,vehicle,82.9,28.8,30.4,0.0,2,1,1,0,0,0.0,0.0
nuscenes_mini_subset,scene-0103_014,yaw,1.0,deg,15,Pedestrian,pedestrian,18.0,86.4,145.6,0.0,1,5,5,4,4,0.8,0.8
nuscenes_mini_subset,scene-0103_014,yaw,1.0,deg,16,Car,vehicle,33.2,134.9,82.7,0.0,2,4,4,4,4,1.0,1.0
nuscenes_mini_subset,scene-0103_014,yaw,2.0,deg,0,Car,vehicle,57.7,86.2,48.4,0.0,2,0,0,0,0,,
nuscenes_mini_subset,scene-0103_014,yaw,2.0,deg,1,Car,vehicle,14.2,555.6,185.2,0.01,0,130,123,123,123,0.9462,1.0
nuscenes_mini_subset,scene-0103_014,yaw,2.0,deg,2,Car,vehicle,50.6,73.8,46.2,0.0,0,0,0,0,0,,
nuscenes_mini_subset,scene-0103_014,yaw,2.0,deg,3,Pedestrian,pedestrian,23.8,68.3,104.7,0.0,2,2,2,0,0,0.0,0.0
nuscenes_mini_subset,scene-0103_014,yaw,2.0,deg,4,Pedestrian,pedestrian,23.7,56.7,108.3,0.0,2,1,1,0,0,0.0,0.0
nuscenes_mini_subset,scene-0103_014,yaw,2.0,deg,5,Car,vehicle,56.0,83.8,49.2,0.0,2,0,0,0,0,,
nuscenes_mini_subset,scene-0103_014,yaw,2.0,deg,6,Car,vehicle,43.2,56.6,48.3,0.0,0,4,4,0,0,0.0,0.0
nuscenes_mini_subset,scene-0103_014,yaw,2.0,deg,7,Car,vehicle,27.0,176.1,90.0,0.0,2,1,1,1,1,1.0,1.0
nuscenes_mini_subset,scene-0103_014,yaw,2.0,deg,9,Car,vehicle,12.1,442.4,218.0,0.02,0,131,131,126,126,0.9618,0.9618
nuscenes_mini_subset,scene-0103_014,yaw,2.0,deg,10,Pedestrian,pedestrian,30.0,33.7,77.7,0.0,2,2,2,0,0,0.0,0.0
nuscenes_mini_subset,scene-0103_014,yaw,2.0,deg,11,Truck,vehicle,59.5,77.1,67.9,0.0,1,1,1,1,1,1.0,1.0
nuscenes_mini_subset,scene-0103_014,yaw,2.0,deg,12,Car,vehicle,31.9,153.1,77.5,0.0,2,1,1,0,0,0.0,0.0
nuscenes_mini_subset,scene-0103_014,yaw,2.0,deg,13,Car,vehicle,22.8,159.8,96.0,0.0,0,26,26,18,18,0.6923,0.6923
nuscenes_mini_subset,scene-0103_014,yaw,2.0,deg,14,Car,vehicle,82.9,28.8,30.4,0.0,2,1,1,0,0,0.0,0.0
nuscenes_mini_subset,scene-0103_014,yaw,2.0,deg,15,Pedestrian,pedestrian,18.0,86.4,145.6,0.0,1,5,5,0,0,0.0,0.0
nuscenes_mini_subset,scene-0103_014,yaw,2.0,deg,16,Car,vehicle,33.2,134.9,82.7,0.0,2,4,4,3,3,0.75,0.75
nuscenes_mini_subset,scene-0103_014,yaw,3.0,deg,0,Car,vehicle,57.7,86.2,48.4,0.0,2,0,0,0,0,,
nuscenes_mini_subset,scene-0103_014,yaw,3.0,deg,1,Car,vehicle,14.2,555.6,185.2,0.01,0,130,120,120,120,0.9231,1.0
nuscenes_mini_subset,scene-0103_014,yaw,3.0,deg,2,Car,vehicle,50.6,73.8,46.2,0.0,0,0,0,0,0,,
nuscenes_mini_subset,scene-0103_014,yaw,3.0,deg,3,Pedestrian,pedestrian,23.8,68.3,104.7,0.0,2,2,0,0,0,0.0,
nuscenes_mini_subset,scene-0103_014,yaw,3.0,deg,4,Pedestrian,pedestrian,23.7,56.7,108.3,0.0,2,1,1,0,0,0.0,0.0
nuscenes_mini_subset,scene-0103_014,yaw,3.0,deg,5,Car,vehicle,56.0,83.8,49.2,0.0,2,0,0,0,0,,
nuscenes_mini_subset,scene-0103_014,yaw,3.0,deg,6,Car,vehicle,43.2,56.6,48.3,0.0,0,4,4,0,0,0.0,0.0
nuscenes_mini_subset,scene-0103_014,yaw,3.0,deg,7,Car,vehicle,27.0,176.1,90.0,0.0,2,1,1,1,1,1.0,1.0
nuscenes_mini_subset,scene-0103_014,yaw,3.0,deg,9,Car,vehicle,12.1,442.4,218.0,0.02,0,131,131,119,119,0.9084,0.9084
nuscenes_mini_subset,scene-0103_014,yaw,3.0,deg,10,Pedestrian,pedestrian,30.0,33.7,77.7,0.0,2,2,2,0,0,0.0,0.0
nuscenes_mini_subset,scene-0103_014,yaw,3.0,deg,11,Truck,vehicle,59.5,77.1,67.9,0.0,1,1,1,0,0,0.0,0.0
nuscenes_mini_subset,scene-0103_014,yaw,3.0,deg,12,Car,vehicle,31.9,153.1,77.5,0.0,2,1,1,0,0,0.0,0.0
nuscenes_mini_subset,scene-0103_014,yaw,3.0,deg,13,Car,vehicle,22.8,159.8,96.0,0.0,0,26,26,12,12,0.4615,0.4615
nuscenes_mini_subset,scene-0103_014,yaw,3.0,deg,14,Car,vehicle,82.9,28.8,30.4,0.0,2,1,1,0,0,0.0,0.0
nuscenes_mini_subset,scene-0103_014,yaw,3.0,deg,15,Pedestrian,pedestrian,18.0,86.4,145.6,0.0,1,5,5,0,0,0.0,0.0
nuscenes_mini_subset,scene-0103_014,yaw,3.0,deg,16,Car,vehicle,33.2,134.9,82.7,0.0,2,4,4,2,2,0.5,0.5
nuscenes_mini_subset,scene-0103_015,yaw,0.0,deg,0,Car,vehicle,56.4,89.6,49.7,0.0,2,0,0,0,0,,
nuscenes_mini_subset,scene-0103_015,yaw,0.0,deg,1,Car,vehicle,13.0,606.0,204.3,0.0,0,157,157,157,157,1.0,1.0
nuscenes_mini_subset,scene-0103_015,yaw,0.0,deg,2,Car,vehicle,49.3,77.2,47.7,0.0,1,0,0,0,0,,
nuscenes_mini_subset,scene-0103_015,yaw,0.0,deg,3,Pedestrian,pedestrian,21.9,42.8,117.6,0.47,0,4,4,4,4,1.0,1.0
nuscenes_mini_subset,scene-0103_015,yaw,0.0,deg,4,Pedestrian,pedestrian,22.1,64.9,119.7,0.0,0,8,8,8,8,1.0,1.0
nuscenes_mini_subset,scene-0103_015,yaw,0.0,deg,5,Car,vehicle,54.6,87.1,50.6,0.0,2,0,0,0,0,,
nuscenes_mini_subset,scene-0103_015,yaw,0.0,deg,6,Car,vehicle,41.8,59.1,50.1,0.0,0,6,6,6,6,1.0,1.0
nuscenes_mini_subset,scene-0103_015,yaw,0.0,deg,7,Car,vehicle,25.5,193.3,97.8,0.0,2,2,2,2,2,1.0,1.0
nuscenes_mini_subset,scene-0103_015,yaw,0.0,deg,9,Car,vehicle,10.8,404.9,260.1,0.28,0,159,159,159,159,1.0,1.0
nuscenes_mini_subset,scene-0103_015,yaw,0.0,deg,10,Motorcycle,cyclist,42.4,18.6,41.9,0.0,0,1,1,1,1,1.0,1.0
nuscenes_mini_subset,scene-0103_015,yaw,0.0,deg,11,Pedestrian,pedestrian,29.4,34.3,79.2,0.0,2,1,1,1,1,1.0,1.0
nuscenes_mini_subset,scene-0103_015,yaw,0.0,deg,12,Truck,vehicle,58.1,79.5,69.7,0.0,1,1,1,1,1,1.0,1.0
nuscenes_mini_subset,scene-0103_015,yaw,0.0,deg,13,Car,vehicle,30.6,165.3,81.8,0.0,2,2,2,2,2,1.0,1.0
nuscenes_mini_subset,scene-0103_015,yaw,0.0,deg,14,Car,vehicle,21.4,174.5,103.2,0.0,0,23,23,23,23,1.0,1.0
nuscenes_mini_subset,scene-0103_015,yaw,0.0,deg,15,Car,vehicle,81.5,29.4,30.9,0.0,2,0,0,0,0,,
nuscenes_mini_subset,scene-0103_015,yaw,0.0,deg,16,Pedestrian,pedestrian,16.1,41.8,169.8,0.61,1,4,4,3,3,0.75,0.75
nuscenes_mini_subset,scene-0103_015,yaw,0.0,deg,17,Car,vehicle,31.8,143.6,86.9,0.0,2,1,1,1,1,1.0,1.0
nuscenes_mini_subset,scene-0103_015,yaw,0.5,deg,0,Car,vehicle,56.4,89.6,49.7,0.0,2,0,0,0,0,,
nuscenes_mini_subset,scene-0103_015,yaw,0.5,deg,1,Car,vehicle,13.0,606.0,204.3,0.0,0,157,157,157,157,1.0,1.0
nuscenes_mini_subset,scene-0103_015,yaw,0.5,deg,2,Car,vehicle,49.3,77.2,47.7,0.0,1,0,0,0,0,,
nuscenes_mini_subset,scene-0103_015,yaw,0.5,deg,3,Pedestrian,pedestrian,21.9,42.8,117.6,0.47,0,4,1,1,1,0.25,1.0
nuscenes_mini_subset,scene-0103_015,yaw,0.5,deg,4,Pedestrian,pedestrian,22.1,64.9,119.7,0.0,0,8,8,8,8,1.0,1.0
nuscenes_mini_subset,scene-0103_015,yaw,0.5,deg,5,Car,vehicle,54.6,87.1,50.6,0.0,2,0,0,0,0,,
nuscenes_mini_subset,scene-0103_015,yaw,0.5,deg,6,Car,vehicle,41.8,59.1,50.1,0.0,0,6,6,6,6,1.0,1.0
nuscenes_mini_subset,scene-0103_015,yaw,0.5,deg,7,Car,vehicle,25.5,193.3,97.8,0.0,2,2,2,2,2,1.0,1.0
nuscenes_mini_subset,scene-0103_015,yaw,0.5,deg,9,Car,vehicle,10.8,404.9,260.1,0.28,0,159,165,159,164,1.0,0.9939
nuscenes_mini_subset,scene-0103_015,yaw,0.5,deg,10,Motorcycle,cyclist,42.4,18.6,41.9,0.0,0,1,1,1,1,1.0,1.0
nuscenes_mini_subset,scene-0103_015,yaw,0.5,deg,11,Pedestrian,pedestrian,29.4,34.3,79.2,0.0,2,1,1,0,0,0.0,0.0
nuscenes_mini_subset,scene-0103_015,yaw,0.5,deg,12,Truck,vehicle,58.1,79.5,69.7,0.0,1,1,1,1,1,1.0,1.0
nuscenes_mini_subset,scene-0103_015,yaw,0.5,deg,13,Car,vehicle,30.6,165.3,81.8,0.0,2,2,2,2,2,1.0,1.0
nuscenes_mini_subset,scene-0103_015,yaw,0.5,deg,14,Car,vehicle,21.4,174.5,103.2,0.0,0,23,23,23,23,1.0,1.0
nuscenes_mini_subset,scene-0103_015,yaw,0.5,deg,15,Car,vehicle,81.5,29.4,30.9,0.0,2,0,0,0,0,,
nuscenes_mini_subset,scene-0103_015,yaw,0.5,deg,16,Pedestrian,pedestrian,16.1,41.8,169.8,0.61,1,4,7,4,7,1.0,1.0
nuscenes_mini_subset,scene-0103_015,yaw,0.5,deg,17,Car,vehicle,31.8,143.6,86.9,0.0,2,1,1,1,1,1.0,1.0
nuscenes_mini_subset,scene-0103_015,yaw,1.0,deg,0,Car,vehicle,56.4,89.6,49.7,0.0,2,0,0,0,0,,
nuscenes_mini_subset,scene-0103_015,yaw,1.0,deg,1,Car,vehicle,13.0,606.0,204.3,0.0,0,157,157,157,157,1.0,1.0
nuscenes_mini_subset,scene-0103_015,yaw,1.0,deg,2,Car,vehicle,49.3,77.2,47.7,0.0,1,0,0,0,0,,
nuscenes_mini_subset,scene-0103_015,yaw,1.0,deg,3,Pedestrian,pedestrian,21.9,42.8,117.6,0.47,0,4,0,0,0,0.0,
nuscenes_mini_subset,scene-0103_015,yaw,1.0,deg,4,Pedestrian,pedestrian,22.1,64.9,119.7,0.0,0,8,8,6,6,0.75,0.75
nuscenes_mini_subset,scene-0103_015,yaw,1.0,deg,5,Car,vehicle,54.6,87.1,50.6,0.0,2,0,0,0,0,,
nuscenes_mini_subset,scene-0103_015,yaw,1.0,deg,6,Car,vehicle,41.8,59.1,50.1,0.0,0,6,6,4,4,0.6667,0.6667
nuscenes_mini_subset,scene-0103_015,yaw,1.0,deg,7,Car,vehicle,25.5,193.3,97.8,0.0,2,2,2,2,2,1.0,1.0
nuscenes_mini_subset,scene-0103_015,yaw,1.0,deg,9,Car,vehicle,10.8,404.9,260.1,0.28,0,159,170,159,170,1.0,1.0
nuscenes_mini_subset,scene-0103_015,yaw,1.0,deg,10,Motorcycle,cyclist,42.4,18.6,41.9,0.0,0,1,1,0,0,0.0,0.0
nuscenes_mini_subset,scene-0103_015,yaw,1.0,deg,11,Pedestrian,pedestrian,29.4,34.3,79.2,0.0,2,1,1,0,0,0.0,0.0
nuscenes_mini_subset,scene-0103_015,yaw,1.0,deg,12,Truck,vehicle,58.1,79.5,69.7,0.0,1,1,1,1,1,1.0,1.0
nuscenes_mini_subset,scene-0103_015,yaw,1.0,deg,13,Car,vehicle,30.6,165.3,81.8,0.0,2,2,2,1,1,0.5,0.5
nuscenes_mini_subset,scene-0103_015,yaw,1.0,deg,14,Car,vehicle,21.4,174.5,103.2,0.0,0,23,23,23,23,1.0,1.0
nuscenes_mini_subset,scene-0103_015,yaw,1.0,deg,15,Car,vehicle,81.5,29.4,30.9,0.0,2,0,0,0,0,,
nuscenes_mini_subset,scene-0103_015,yaw,1.0,deg,16,Pedestrian,pedestrian,16.1,41.8,169.8,0.61,1,4,9,3,8,0.75,0.8889
nuscenes_mini_subset,scene-0103_015,yaw,1.0,deg,17,Car,vehicle,31.8,143.6,86.9,0.0,2,1,1,1,1,1.0,1.0
nuscenes_mini_subset,scene-0103_015,yaw,2.0,deg,0,Car,vehicle,56.4,89.6,49.7,0.0,2,0,0,0,0,,
nuscenes_mini_subset,scene-0103_015,yaw,2.0,deg,1,Car,vehicle,13.0,606.0,204.3,0.0,0,157,156,154,154,0.9809,0.9872
nuscenes_mini_subset,scene-0103_015,yaw,2.0,deg,2,Car,vehicle,49.3,77.2,47.7,0.0,1,0,0,0,0,,
nuscenes_mini_subset,scene-0103_015,yaw,2.0,deg,3,Pedestrian,pedestrian,21.9,42.8,117.6,0.47,0,4,0,0,0,0.0,
nuscenes_mini_subset,scene-0103_015,yaw,2.0,deg,4,Pedestrian,pedestrian,22.1,64.9,119.7,0.0,0,8,6,0,0,0.0,0.0
nuscenes_mini_subset,scene-0103_015,yaw,2.0,deg,5,Car,vehicle,54.6,87.1,50.6,0.0,2,0,0,0,0,,
nuscenes_mini_subset,scene-0103_015,yaw,2.0,deg,6,Car,vehicle,41.8,59.1,50.1,0.0,0,6,6,1,1,0.1667,0.1667
nuscenes_mini_subset,scene-0103_015,yaw,2.0,deg,7,Car,vehicle,25.5,193.3,97.8,0.0,2,2,2,2,2,1.0,1.0
nuscenes_mini_subset,scene-0103_015,yaw,2.0,deg,9,Car,vehicle,10.8,404.9,260.1,0.28,0,159,181,153,175,0.9623,0.9669
nuscenes_mini_subset,scene-0103_015,yaw,2.0,deg,10,Motorcycle,cyclist,42.4,18.6,41.9,0.0,0,1,1,0,0,0.0,0.0
nuscenes_mini_subset,scene-0103_015,yaw,2.0,deg,11,Pedestrian,pedestrian,29.4,34.3,79.2,0.0,2,1,1,0,0,0.0,0.0
nuscenes_mini_subset,scene-0103_015,yaw,2.0,deg,12,Truck,vehicle,58.1,79.5,69.7,0.0,1,1,1,1,1,1.0,1.0
nuscenes_mini_subset,scene-0103_015,yaw,2.0,deg,13,Car,vehicle,30.6,165.3,81.8,0.0,2,2,2,1,1,0.5,0.5
nuscenes_mini_subset,scene-0103_015,yaw,2.0,deg,14,Car,vehicle,21.4,174.5,103.2,0.0,0,23,23,20,20,0.8696,0.8696
nuscenes_mini_subset,scene-0103_015,yaw,2.0,deg,15,Car,vehicle,81.5,29.4,30.9,0.0,2,0,0,0,0,,
nuscenes_mini_subset,scene-0103_015,yaw,2.0,deg,16,Pedestrian,pedestrian,16.1,41.8,169.8,0.61,1,4,9,0,1,0.0,0.1111
nuscenes_mini_subset,scene-0103_015,yaw,2.0,deg,17,Car,vehicle,31.8,143.6,86.9,0.0,2,1,1,1,1,1.0,1.0
nuscenes_mini_subset,scene-0103_015,yaw,3.0,deg,0,Car,vehicle,56.4,89.6,49.7,0.0,2,0,0,0,0,,
nuscenes_mini_subset,scene-0103_015,yaw,3.0,deg,1,Car,vehicle,13.0,606.0,204.3,0.0,0,157,152,149,149,0.949,0.9803
nuscenes_mini_subset,scene-0103_015,yaw,3.0,deg,2,Car,vehicle,49.3,77.2,47.7,0.0,1,0,0,0,0,,
nuscenes_mini_subset,scene-0103_015,yaw,3.0,deg,3,Pedestrian,pedestrian,21.9,42.8,117.6,0.47,0,4,0,0,0,0.0,
nuscenes_mini_subset,scene-0103_015,yaw,3.0,deg,4,Pedestrian,pedestrian,22.1,64.9,119.7,0.0,0,8,0,0,0,0.0,
nuscenes_mini_subset,scene-0103_015,yaw,3.0,deg,5,Car,vehicle,54.6,87.1,50.6,0.0,2,0,0,0,0,,
nuscenes_mini_subset,scene-0103_015,yaw,3.0,deg,6,Car,vehicle,41.8,59.1,50.1,0.0,0,6,6,0,0,0.0,0.0
nuscenes_mini_subset,scene-0103_015,yaw,3.0,deg,7,Car,vehicle,25.5,193.3,97.8,0.0,2,2,2,2,2,1.0,1.0
nuscenes_mini_subset,scene-0103_015,yaw,3.0,deg,9,Car,vehicle,10.8,404.9,260.1,0.28,0,159,188,148,177,0.9308,0.9415
nuscenes_mini_subset,scene-0103_015,yaw,3.0,deg,10,Motorcycle,cyclist,42.4,18.6,41.9,0.0,0,1,1,0,0,0.0,0.0
nuscenes_mini_subset,scene-0103_015,yaw,3.0,deg,11,Pedestrian,pedestrian,29.4,34.3,79.2,0.0,2,1,1,0,0,0.0,0.0
nuscenes_mini_subset,scene-0103_015,yaw,3.0,deg,12,Truck,vehicle,58.1,79.5,69.7,0.0,1,1,1,0,0,0.0,0.0
nuscenes_mini_subset,scene-0103_015,yaw,3.0,deg,13,Car,vehicle,30.6,165.3,81.8,0.0,2,2,2,1,1,0.5,0.5
nuscenes_mini_subset,scene-0103_015,yaw,3.0,deg,14,Car,vehicle,21.4,174.5,103.2,0.0,0,23,23,17,17,0.7391,0.7391
nuscenes_mini_subset,scene-0103_015,yaw,3.0,deg,15,Car,vehicle,81.5,29.4,30.9,0.0,2,0,0,0,0,,
nuscenes_mini_subset,scene-0103_015,yaw,3.0,deg,16,Pedestrian,pedestrian,16.1,41.8,169.8,0.61,1,4,9,0,0,0.0,0.0
nuscenes_mini_subset,scene-0103_015,yaw,3.0,deg,17,Car,vehicle,31.8,143.6,86.9,0.0,2,1,1,1,1,1.0,1.0
nuscenes_mini_subset,scene-0103_016,yaw,0.0,deg,0,Car,vehicle,55.5,91.9,50.6,0.0,2,0,0,0,0,,
nuscenes_mini_subset,scene-0103_016,yaw,0.0,deg,1,Car,vehicle,12.6,573.3,209.1,0.0,0,146,146,146,146,1.0,1.0
nuscenes_mini_subset,scene-0103_016,yaw,0.0,deg,2,Car,vehicle,48.4,79.5,48.7,0.0,1,0,0,0,0,,
nuscenes_mini_subset,scene-0103_016,yaw,0.0,deg,3,Pedestrian,pedestrian,20.9,31.8,129.8,0.56,0,4,4,4,4,1.0,1.0
nuscenes_mini_subset,scene-0103_016,yaw,0.0,deg,4,Car,vehicle,53.8,89.3,51.6,0.0,2,0,0,0,0,,
nuscenes_mini_subset,scene-0103_016,yaw,0.0,deg,5,Car,vehicle,40.9,60.8,51.3,0.0,0,4,4,4,4,1.0,1.0
nuscenes_mini_subset,scene-0103_016,yaw,0.0,deg,6,Car,vehicle,24.5,206.5,104.7,0.0,2,0,0,0,0,,
nuscenes_mini_subset,scene-0103_016,yaw,0.0,deg,8,Car,vehicle,65.4,53.5,40.1,0.0,2,1,1,1,1,1.0,1.0
nuscenes_mini_subset,scene-0103_016,yaw,0.0,deg,9,Car,vehicle,9.9,372.9,299.6,0.44,0,158,158,158,158,1.0,1.0
nuscenes_mini_subset,scene-0103_016,yaw,0.0,deg,10,Motorcycle,cyclist,41.5,18.6,42.9,0.0,0,0,0,0,0,,
nuscenes_mini_subset,scene-0103_016,yaw,0.0,deg,11,Pedestrian,pedestrian,29.2,34.7,79.9,0.0,0,4,4,4,4,1.0,1.0
nuscenes_mini_subset,scene-0103_016,yaw,0.0,deg,12,Truck,vehicle,57.2,81.1,70.9,0.0,1,7,7,7,7,1.0,1.0
nuscenes_mini_subset,scene-0103_016,yaw,0.0,deg,13,Car,vehicle,29.8,173.8,84.8,0.0,2,1,1,1,1,1.0,1.0
nuscenes_mini_subset,scene-0103_016,yaw,0.0,deg,14,Car,vehicle,20.5,204.9,111.5,0.0,2,5,5,5,5,1.0,1.0
nuscenes_mini_subset,scene-0103_016,yaw,0.0,deg,15,Car,vehicle,80.6,29.8,31.3,0.0,2,1,1,1,1,1.0,1.0
nuscenes_mini_subset,scene-0103_016,yaw,0.0,deg,16,Car,vehicle,30.9,149.9,89.8,0.0,2,0,0,0,0,,
nuscenes_mini_subset,scene-0103_016,yaw,0.5,deg,0,Car,vehicle,55.5,91.9,50.6,0.0,2,0,0,0,0,,
nuscenes_mini_subset,scene-0103_016,yaw,0.5,deg,1,Car,vehicle,12.6,573.3,209.1,0.0,0,146,146,145,145,0.9932,0.9932
nuscenes_mini_subset,scene-0103_016,yaw,0.5,deg,2,Car,vehicle,48.4,79.5,48.7,0.0,1,0,0,0,0,,
nuscenes_mini_subset,scene-0103_016,yaw,0.5,deg,3,Pedestrian,pedestrian,20.9,31.8,129.8,0.56,0,4,1,1,1,0.25,1.0
nuscenes_mini_subset,scene-0103_016,yaw,0.5,deg,4,Car,vehicle,53.8,89.3,51.6,0.0,2,0,0,0,0,,
nuscenes_mini_subset,scene-0103_016,yaw,0.5,deg,5,Car,vehicle,40.9,60.8,51.3,0.0,0,4,4,4,4,1.0,1.0
nuscenes_mini_subset,scene-0103_016,yaw,0.5,deg,6,Car,vehicle,24.5,206.5,104.7,0.0,2,0,0,0,0,,
nuscenes_mini_subset,scene-0103_016,yaw,0.5,deg,8,Car,vehicle,65.4,53.5,40.1,0.0,2,1,1,1,1,1.0,1.0
nuscenes_mini_subset,scene-0103_016,yaw,0.5,deg,9,Car,vehicle,9.9,372.9,299.6,0.44,0,158,165,158,165,1.0,1.0
nuscenes_mini_subset,scene-0103_016,yaw,0.5,deg,10,Motorcycle,cyclist,41.5,18.6,42.9,0.0,0,0,0,0,0,,
nuscenes_mini_subset,scene-0103_016,yaw,0.5,deg,11,Pedestrian,pedestrian,29.2,34.7,79.9,0.0,0,4,4,3,3,0.75,0.75
nuscenes_mini_subset,scene-0103_016,yaw,0.5,deg,12,Truck,vehicle,57.2,81.1,70.9,0.0,1,7,7,6,6,0.8571,0.8571
nuscenes_mini_subset,scene-0103_016,yaw,0.5,deg,13,Car,vehicle,29.8,173.8,84.8,0.0,2,1,1,1,1,1.0,1.0
nuscenes_mini_subset,scene-0103_016,yaw,0.5,deg,14,Car,vehicle,20.5,204.9,111.5,0.0,2,5,5,5,5,1.0,1.0
nuscenes_mini_subset,scene-0103_016,yaw,0.5,deg,15,Car,vehicle,80.6,29.8,31.3,0.0,2,1,1,1,1,1.0,1.0
nuscenes_mini_subset,scene-0103_016,yaw,0.5,deg,16,Car,vehicle,30.9,149.9,89.8,0.0,2,0,0,0,0,,
nuscenes_mini_subset,scene-0103_016,yaw,1.0,deg,0,Car,vehicle,55.5,91.9,50.6,0.0,2,0,0,0,0,,
nuscenes_mini_subset,scene-0103_016,yaw,1.0,deg,1,Car,vehicle,12.6,573.3,209.1,0.0,0,146,146,144,144,0.9863,0.9863
nuscenes_mini_subset,scene-0103_016,yaw,1.0,deg,2,Car,vehicle,48.4,79.5,48.7,0.0,1,0,0,0,0,,
nuscenes_mini_subset,scene-0103_016,yaw,1.0,deg,3,Pedestrian,pedestrian,20.9,31.8,129.8,0.56,0,4,0,0,0,0.0,
nuscenes_mini_subset,scene-0103_016,yaw,1.0,deg,4,Car,vehicle,53.8,89.3,51.6,0.0,2,0,0,0,0,,
nuscenes_mini_subset,scene-0103_016,yaw,1.0,deg,5,Car,vehicle,40.9,60.8,51.3,0.0,0,4,4,3,3,0.75,0.75
nuscenes_mini_subset,scene-0103_016,yaw,1.0,deg,6,Car,vehicle,24.5,206.5,104.7,0.0,2,0,0,0,0,,
nuscenes_mini_subset,scene-0103_016,yaw,1.0,deg,8,Car,vehicle,65.4,53.5,40.1,0.0,2,1,1,1,1,1.0,1.0
nuscenes_mini_subset,scene-0103_016,yaw,1.0,deg,9,Car,vehicle,9.9,372.9,299.6,0.44,0,158,173,158,173,1.0,1.0
nuscenes_mini_subset,scene-0103_016,yaw,1.0,deg,10,Motorcycle,cyclist,41.5,18.6,42.9,0.0,0,0,0,0,0,,
nuscenes_mini_subset,scene-0103_016,yaw,1.0,deg,11,Pedestrian,pedestrian,29.2,34.7,79.9,0.0,0,4,4,0,0,0.0,0.0
nuscenes_mini_subset,scene-0103_016,yaw,1.0,deg,12,Truck,vehicle,57.2,81.1,70.9,0.0,1,7,7,5,5,0.7143,0.7143
nuscenes_mini_subset,scene-0103_016,yaw,1.0,deg,13,Car,vehicle,29.8,173.8,84.8,0.0,2,1,1,1,1,1.0,1.0
nuscenes_mini_subset,scene-0103_016,yaw,1.0,deg,14,Car,vehicle,20.5,204.9,111.5,0.0,2,5,5,5,5,1.0,1.0
nuscenes_mini_subset,scene-0103_016,yaw,1.0,deg,15,Car,vehicle,80.6,29.8,31.3,0.0,2,1,1,0,0,0.0,0.0
nuscenes_mini_subset,scene-0103_016,yaw,1.0,deg,16,Car,vehicle,30.9,149.9,89.8,0.0,2,0,0,0,0,,
nuscenes_mini_subset,scene-0103_016,yaw,2.0,deg,0,Car,vehicle,55.5,91.9,50.6,0.0,2,0,0,0,0,,
nuscenes_mini_subset,scene-0103_016,yaw,2.0,deg,1,Car,vehicle,12.6,573.3,209.1,0.0,0,146,146,139,139,0.9521,0.9521
nuscenes_mini_subset,scene-0103_016,yaw,2.0,deg,2,Car,vehicle,48.4,79.5,48.7,0.0,1,0,0,0,0,,
nuscenes_mini_subset,scene-0103_016,yaw,2.0,deg,3,Pedestrian,pedestrian,20.9,31.8,129.8,0.56,0,4,0,0,0,0.0,
nuscenes_mini_subset,scene-0103_016,yaw,2.0,deg,4,Car,vehicle,53.8,89.3,51.6,0.0,2,0,0,0,0,,
nuscenes_mini_subset,scene-0103_016,yaw,2.0,deg,5,Car,vehicle,40.9,60.8,51.3,0.0,0,4,4,0,0,0.0,0.0
nuscenes_mini_subset,scene-0103_016,yaw,2.0,deg,6,Car,vehicle,24.5,206.5,104.7,0.0,2,0,0,0,0,,
nuscenes_mini_subset,scene-0103_016,yaw,2.0,deg,8,Car,vehicle,65.4,53.5,40.1,0.0,2,1,1,0,0,0.0,0.0
nuscenes_mini_subset,scene-0103_016,yaw,2.0,deg,9,Car,vehicle,9.9,372.9,299.6,0.44,0,158,191,150,182,0.9494,0.9529
nuscenes_mini_subset,scene-0103_016,yaw,2.0,deg,10,Motorcycle,cyclist,41.5,18.6,42.9,0.0,0,0,0,0,0,,
nuscenes_mini_subset,scene-0103_016,yaw,2.0,deg,11,Pedestrian,pedestrian,29.2,34.7,79.9,0.0,0,4,4,0,0,0.0,0.0
nuscenes_mini_subset,scene-0103_016,yaw,2.0,deg,12,Truck,vehicle,57.2,81.1,70.9,0.0,1,7,7,2,2,0.2857,0.2857
nuscenes_mini_subset,scene-0103_016,yaw,2.0,deg,13,Car,vehicle,29.8,173.8,84.8,0.0,2,1,1,1,1,1.0,1.0
nuscenes_mini_subset,scene-0103_016,yaw,2.0,deg,14,Car,vehicle,20.5,204.9,111.5,0.0,2,5,5,4,4,0.8,0.8
nuscenes_mini_subset,scene-0103_016,yaw,2.0,deg,15,Car,vehicle,80.6,29.8,31.3,0.0,2,1,1,0,0,0.0,0.0
nuscenes_mini_subset,scene-0103_016,yaw,2.0,deg,16,Car,vehicle,30.9,149.9,89.8,0.0,2,0,0,0,0,,
nuscenes_mini_subset,scene-0103_016,yaw,3.0,deg,0,Car,vehicle,55.5,91.9,50.6,0.0,2,0,0,0,0,,
nuscenes_mini_subset,scene-0103_016,yaw,3.0,deg,1,Car,vehicle,12.6,573.3,209.1,0.0,0,146,146,134,134,0.9178,0.9178
nuscenes_mini_subset,scene-0103_016,yaw,3.0,deg,2,Car,vehicle,48.4,79.5,48.7,0.0,1,0,0,0,0,,
nuscenes_mini_subset,scene-0103_016,yaw,3.0,deg,3,Pedestrian,pedestrian,20.9,31.8,129.8,0.56,0,4,0,0,0,0.0,
nuscenes_mini_subset,scene-0103_016,yaw,3.0,deg,4,Car,vehicle,53.8,89.3,51.6,0.0,2,0,0,0,0,,
nuscenes_mini_subset,scene-0103_016,yaw,3.0,deg,5,Car,vehicle,40.9,60.8,51.3,0.0,0,4,4,0,0,0.0,0.0
nuscenes_mini_subset,scene-0103_016,yaw,3.0,deg,6,Car,vehicle,24.5,206.5,104.7,0.0,2,0,0,0,0,,
nuscenes_mini_subset,scene-0103_016,yaw,3.0,deg,8,Car,vehicle,65.4,53.5,40.1,0.0,2,1,1,0,0,0.0,0.0
nuscenes_mini_subset,scene-0103_016,yaw,3.0,deg,9,Car,vehicle,9.9,372.9,299.6,0.44,0,158,205,141,188,0.8924,0.9171
nuscenes_mini_subset,scene-0103_016,yaw,3.0,deg,10,Motorcycle,cyclist,41.5,18.6,42.9,0.0,0,0,0,0,0,,
nuscenes_mini_subset,scene-0103_016,yaw,3.0,deg,11,Pedestrian,pedestrian,29.2,34.7,79.9,0.0,0,4,4,0,0,0.0,0.0
nuscenes_mini_subset,scene-0103_016,yaw,3.0,deg,12,Truck,vehicle,57.2,81.1,70.9,0.0,1,7,7,0,0,0.0,0.0
nuscenes_mini_subset,scene-0103_016,yaw,3.0,deg,13,Car,vehicle,29.8,173.8,84.8,0.0,2,1,1,1,1,1.0,1.0
nuscenes_mini_subset,scene-0103_016,yaw,3.0,deg,14,Car,vehicle,20.5,204.9,111.5,0.0,2,5,5,4,4,0.8,0.8
nuscenes_mini_subset,scene-0103_016,yaw,3.0,deg,15,Car,vehicle,80.6,29.8,31.3,0.0,2,1,1,0,0,0.0,0.0
nuscenes_mini_subset,scene-0103_016,yaw,3.0,deg,16,Car,vehicle,30.9,149.9,89.8,0.0,2,0,0,0,0,,
nuscenes_mini_subset,scene-0103_017,yaw,0.0,deg,0,Car,vehicle,54.8,93.7,51.4,0.0,2,0,0,0,0,,
nuscenes_mini_subset,scene-0103_017,yaw,0.0,deg,1,Car,vehicle,48.5,34.0,63.0,0.78,2,0,0,0,0,,
nuscenes_mini_subset,scene-0103_017,yaw,0.0,deg,2,Car,vehicle,12.8,528.5,204.1,0.0,0,113,113,113,113,1.0,1.0
nuscenes_mini_subset,scene-0103_017,yaw,0.0,deg,3,Car,vehicle,47.7,81.4,49.6,0.0,1,0,0,0,0,,
nuscenes_mini_subset,scene-0103_017,yaw,0.0,deg,4,Car,vehicle,77.4,36.1,36.6,0.0,2,1,1,1,1,1.0,1.0
nuscenes_mini_subset,scene-0103_017,yaw,0.0,deg,5,Car,vehicle,52.3,85.2,51.1,0.0,2,1,1,1,1,1.0,1.0
nuscenes_mini_subset,scene-0103_017,yaw,0.0,deg,6,Car,vehicle,53.0,91.2,52.3,0.0,2,0,0,0,0,,
nuscenes_mini_subset,scene-0103_017,yaw,0.0,deg,7,Car,vehicle,40.2,62.2,52.3,0.0,0,6,6,6,6,1.0,1.0
nuscenes_mini_subset,scene-0103_017,yaw,0.0,deg,8,Car,vehicle,56.9,53.2,43.6,0.0,2,1,1,1,1,1.0,1.0
nuscenes_mini_subset,scene-0103_017,yaw,0.0,deg,9,Car,vehicle,23.7,219.0,110.2,0.0,2,27,27,27,27,1.0,1.0
nuscenes_mini_subset,scene-0103_017,yaw,0.0,deg,11,Car,vehicle,64.6,54.3,40.6,0.0,2,0,0,0,0,,
nuscenes_mini_subset,scene-0103_017,yaw,0.0,deg,12,Car,vehicle,9.2,344.5,342.5,0.56,0,137,137,136,136,0.9927,0.9927
nuscenes_mini_subset,scene-0103_017,yaw,0.0,deg,13,Motorcycle,cyclist,40.8,19.0,43.7,0.0,0,0,0,0,0,,
nuscenes_mini_subset,scene-0103_017,yaw,0.0,deg,14,Pedestrian,pedestrian,29.2,35.4,80.0,0.0,0,3,3,3,3,1.0,1.0
nuscenes_mini_subset,scene-0103_017,yaw,0.0,deg,15,Truck,vehicle,56.5,82.5,71.9,0.0,2,9,9,9,9,1.0,1.0
nuscenes_mini_subset,scene-0103_017,yaw,0.0,deg,16,Car,vehicle,29.0,183.5,88.1,0.0,2,9,9,9,9,1.0,1.0
nuscenes_mini_subset,scene-0103_017,yaw,0.0,deg,17,Car,vehicle,19.2,226.4,122.3,0.0,2,0,0,0,0,,
nuscenes_mini_subset,scene-0103_017,yaw,0.0,deg,18,Car,vehicle,79.8,30.1,31.6,0.0,2,0,0,0,0,,
nuscenes_mini_subset,scene-0103_017,yaw,0.0,deg,19,Car,vehicle,31.0,52.9,96.7,0.78,2,2,2,2,2,1.0,1.0
nuscenes_mini_subset,scene-0103_017,yaw,0.0,deg,20,Car,vehicle,30.2,155.5,92.4,0.0,2,0,0,0,0,,
nuscenes_mini_subset,scene-0103_017,yaw,0.0,deg,21,Car,vehicle,44.9,80.7,55.6,0.0,2,2,2,2,2,1.0,1.0
nuscenes_mini_subset,scene-0103_017,yaw,0.5,deg,0,Car,vehicle,54.8,93.7,51.4,0.0,2,0,0,0,0,,
nuscenes_mini_subset,scene-0103_017,yaw,0.5,deg,1,Car,vehicle,48.5,34.0,63.0,0.78,2,0,0,0,0,,
nuscenes_mini_subset,scene-0103_017,yaw,0.5,deg,2,Car,vehicle,12.8,528.5,204.1,0.0,0,113,113,113,113,1.0,1.0
nuscenes_mini_subset,scene-0103_017,yaw,0.5,deg,3,Car,vehicle,47.7,81.4,49.6,0.0,1,0,0,0,0,,
nuscenes_mini_subset,scene-0103_017,yaw,0.5,deg,4,Car,vehicle,77.4,36.1,36.6,0.0,2,1,1,1,1,1.0,1.0
nuscenes_mini_subset,scene-0103_017,yaw,0.5,deg,5,Car,vehicle,52.3,85.2,51.1,0.0,2,1,1,1,1,1.0,1.0
nuscenes_mini_subset,scene-0103_017,yaw,0.5,deg,6,Car,vehicle,53.0,91.2,52.3,0.0,2,0,0,0,0,,
nuscenes_mini_subset,scene-0103_017,yaw,0.5,deg,7,Car,vehicle,40.2,62.2,52.3,0.0,0,6,6,6,6,1.0,1.0
nuscenes_mini_subset,scene-0103_017,yaw,0.5,deg,8,Car,vehicle,56.9,53.2,43.6,0.0,2,1,1,0,0,0.0,0.0
nuscenes_mini_subset,scene-0103_017,yaw,0.5,deg,9,Car,vehicle,23.7,219.0,110.2,0.0,2,27,27,27,27,1.0,1.0
nuscenes_mini_subset,scene-0103_017,yaw,0.5,deg,11,Car,vehicle,64.6,54.3,40.6,0.0,2,0,0,0,0,,
nuscenes_mini_subset,scene-0103_017,yaw,0.5,deg,12,Car,vehicle,9.2,344.5,342.5,0.56,0,137,146,137,146,1.0,1.0
nuscenes_mini_subset,scene-0103_017,yaw,0.5,deg,13,Motorcycle,cyclist,40.8,19.0,43.7,0.0,0,0,0,0,0,,
nuscenes_mini_subset,scene-0103_017,yaw,0.5,deg,14,Pedestrian,pedestrian,29.2,35.4,80.0,0.0,0,3,3,3,3,1.0,1.0
nuscenes_mini_subset,scene-0103_017,yaw,0.5,deg,15,Truck,vehicle,56.5,82.5,71.9,0.0,2,9,9,8,8,0.8889,0.8889
nuscenes_mini_subset,scene-0103_017,yaw,0.5,deg,16,Car,vehicle,29.0,183.5,88.1,0.0,2,9,9,9,9,1.0,1.0
nuscenes_mini_subset,scene-0103_017,yaw,0.5,deg,17,Car,vehicle,19.2,226.4,122.3,0.0,2,0,0,0,0,,
nuscenes_mini_subset,scene-0103_017,yaw,0.5,deg,18,Car,vehicle,79.8,30.1,31.6,0.0,2,0,0,0,0,,
nuscenes_mini_subset,scene-0103_017,yaw,0.5,deg,19,Car,vehicle,31.0,52.9,96.7,0.78,2,2,2,2,2,1.0,1.0
nuscenes_mini_subset,scene-0103_017,yaw,0.5,deg,20,Car,vehicle,30.2,155.5,92.4,0.0,2,0,0,0,0,,
nuscenes_mini_subset,scene-0103_017,yaw,0.5,deg,21,Car,vehicle,44.9,80.7,55.6,0.0,2,2,2,2,2,1.0,1.0
nuscenes_mini_subset,scene-0103_017,yaw,1.0,deg,0,Car,vehicle,54.8,93.7,51.4,0.0,2,0,0,0,0,,
nuscenes_mini_subset,scene-0103_017,yaw,1.0,deg,1,Car,vehicle,48.5,34.0,63.0,0.78,2,0,1,0,1,,1.0
nuscenes_mini_subset,scene-0103_017,yaw,1.0,deg,2,Car,vehicle,12.8,528.5,204.1,0.0,0,113,113,113,113,1.0,1.0
nuscenes_mini_subset,scene-0103_017,yaw,1.0,deg,3,Car,vehicle,47.7,81.4,49.6,0.0,1,0,0,0,0,,
nuscenes_mini_subset,scene-0103_017,yaw,1.0,deg,4,Car,vehicle,77.4,36.1,36.6,0.0,2,1,1,0,0,0.0,0.0
nuscenes_mini_subset,scene-0103_017,yaw,1.0,deg,5,Car,vehicle,52.3,85.2,51.1,0.0,2,1,1,1,1,1.0,1.0
nuscenes_mini_subset,scene-0103_017,yaw,1.0,deg,6,Car,vehicle,53.0,91.2,52.3,0.0,2,0,0,0,0,,
nuscenes_mini_subset,scene-0103_017,yaw,1.0,deg,7,Car,vehicle,40.2,62.2,52.3,0.0,0,6,6,4,4,0.6667,0.6667
nuscenes_mini_subset,scene-0103_017,yaw,1.0,deg,8,Car,vehicle,56.9,53.2,43.6,0.0,2,1,1,0,0,0.0,0.0
nuscenes_mini_subset,scene-0103_017,yaw,1.0,deg,9,Car,vehicle,23.7,219.0,110.2,0.0,2,27,27,26,26,0.963,0.963
nuscenes_mini_subset,scene-0103_017,yaw,1.0,deg,11,Car,vehicle,64.6,54.3,40.6,0.0,2,0,0,0,0,,
nuscenes_mini_subset,scene-0103_017,yaw,1.0,deg,12,Car,vehicle,9.2,344.5,342.5,0.56,0,137,153,137,152,1.0,0.9935
nuscenes_mini_subset,scene-0103_017,yaw,1.0,deg,13,Motorcycle,cyclist,40.8,19.0,43.7,0.0,0,0,0,0,0,,
nuscenes_mini_subset,scene-0103_017,yaw,1.0,deg,14,Pedestrian,pedestrian,29.2,35.4,80.0,0.0,0,3,3,0,0,0.0,0.0
nuscenes_mini_subset,scene-0103_017,yaw,1.0,deg,15,Truck,vehicle,56.5,82.5,71.9,0.0,2,9,9,7,7,0.7778,0.7778
nuscenes_mini_subset,scene-0103_017,yaw,1.0,deg,16,Car,vehicle,29.0,183.5,88.1,0.0,2,9,9,7,7,0.7778,0.7778
nuscenes_mini_subset,scene-0103_017,yaw,1.0,deg,17,Car,vehicle,19.2,226.4,122.3,0.0,2,0,0,0,0,,
nuscenes_mini_subset,scene-0103_017,yaw,1.0,deg,18,Car,vehicle,79.8,30.1,31.6,0.0,2,0,0,0,0,,
nuscenes_mini_subset,scene-0103_017,yaw,1.0,deg,19,Car,vehicle,31.0,52.9,96.7,0.78,2,2,2,2,2,1.0,1.0
nuscenes_mini_subset,scene-0103_017,yaw,1.0,deg,20,Car,vehicle,30.2,155.5,92.4,0.0,2,0,0,0,0,,
nuscenes_mini_subset,scene-0103_017,yaw,1.0,deg,21,Car,vehicle,44.9,80.7,55.6,0.0,2,2,2,1,1,0.5,0.5
nuscenes_mini_subset,scene-0103_017,yaw,2.0,deg,0,Car,vehicle,54.8,93.7,51.4,0.0,2,0,0,0,0,,
nuscenes_mini_subset,scene-0103_017,yaw,2.0,deg,1,Car,vehicle,48.5,34.0,63.0,0.78,2,0,1,0,0,,0.0
nuscenes_mini_subset,scene-0103_017,yaw,2.0,deg,2,Car,vehicle,12.8,528.5,204.1,0.0,0,113,113,110,110,0.9735,0.9735
nuscenes_mini_subset,scene-0103_017,yaw,2.0,deg,3,Car,vehicle,47.7,81.4,49.6,0.0,1,0,0,0,0,,
nuscenes_mini_subset,scene-0103_017,yaw,2.0,deg,4,Car,vehicle,77.4,36.1,36.6,0.0,2,1,1,0,0,0.0,0.0
nuscenes_mini_subset,scene-0103_017,yaw,2.0,deg,5,Car,vehicle,52.3,85.2,51.1,0.0,2,1,1,0,0,0.0,0.0
nuscenes_mini_subset,scene-0103_017,yaw,2.0,deg,6,Car,vehicle,53.0,91.2,52.3,0.0,2,0,0,0,0,,
nuscenes_mini_subset,scene-0103_017,yaw,2.0,deg,7,Car,vehicle,40.2,62.2,52.3,0.0,0,6,6,1,1,0.1667,0.1667
nuscenes_mini_subset,scene-0103_017,yaw,2.0,deg,8,Car,vehicle,56.9,53.2,43.6,0.0,2,1,1,0,0,0.0,0.0
nuscenes_mini_subset,scene-0103_017,yaw,2.0,deg,9,Car,vehicle,23.7,219.0,110.2,0.0,2,27,27,21,21,0.7778,0.7778
nuscenes_mini_subset,scene-0103_017,yaw,2.0,deg,11,Car,vehicle,64.6,54.3,40.6,0.0,2,0,0,0,0,,
nuscenes_mini_subset,scene-0103_017,yaw,2.0,deg,12,Car,vehicle,9.2,344.5,342.5,0.56,0,137,168,131,162,0.9562,0.9643
nuscenes_mini_subset,scene-0103_017,yaw,2.0,deg,13,Motorcycle,cyclist,40.8,19.0,43.7,0.0,0,0,0,0,0,,
nuscenes_mini_subset,scene-0103_017,yaw,2.0,deg,14,Pedestrian,pedestrian,29.2,35.4,80.0,0.0,0,3,3,0,0,0.0,0.0
nuscenes_mini_subset,scene-0103_017,yaw,2.0,deg,15,Truck,vehicle,56.5,82.5,71.9,0.0,2,9,9,4,4,0.4444,0.4444
nuscenes_mini_subset,scene-0103_017,yaw,2.0,deg,16,Car,vehicle,29.0,183.5,88.1,0.0,2,9,9,7,7,0.7778,0.7778
nuscenes_mini_subset,scene-0103_017,yaw,2.0,deg,17,Car,vehicle,19.2,226.4,122.3,0.0,2,0,0,0,0,,
nuscenes_mini_subset,scene-0103_017,yaw,2.0,deg,18,Car,vehicle,79.8,30.1,31.6,0.0,2,0,0,0,0,,
nuscenes_mini_subset,scene-0103_017,yaw,2.0,deg,19,Car,vehicle,31.0,52.9,96.7,0.78,2,2,2,0,0,0.0,0.0
nuscenes_mini_subset,scene-0103_017,yaw,2.0,deg,20,Car,vehicle,30.2,155.5,92.4,0.0,2,0,0,0,0,,
nuscenes_mini_subset,scene-0103_017,yaw,2.0,deg,21,Car,vehicle,44.9,80.7,55.6,0.0,2,2,2,0,0,0.0,0.0
nuscenes_mini_subset,scene-0103_017,yaw,3.0,deg,0,Car,vehicle,54.8,93.7,51.4,0.0,2,0,0,0,0,,
nuscenes_mini_subset,scene-0103_017,yaw,3.0,deg,1,Car,vehicle,48.5,34.0,63.0,0.78,2,0,1,0,0,,0.0
nuscenes_mini_subset,scene-0103_017,yaw,3.0,deg,2,Car,vehicle,12.8,528.5,204.1,0.0,0,113,113,108,108,0.9558,0.9558
nuscenes_mini_subset,scene-0103_017,yaw,3.0,deg,3,Car,vehicle,47.7,81.4,49.6,0.0,1,0,0,0,0,,
nuscenes_mini_subset,scene-0103_017,yaw,3.0,deg,4,Car,vehicle,77.4,36.1,36.6,0.0,2,1,1,0,0,0.0,0.0
nuscenes_mini_subset,scene-0103_017,yaw,3.0,deg,5,Car,vehicle,52.3,85.2,51.1,0.0,2,1,1,0,0,0.0,0.0
nuscenes_mini_subset,scene-0103_017,yaw,3.0,deg,6,Car,vehicle,53.0,91.2,52.3,0.0,2,0,0,0,0,,
nuscenes_mini_subset,scene-0103_017,yaw,3.0,deg,7,Car,vehicle,40.2,62.2,52.3,0.0,0,6,6,0,0,0.0,0.0
nuscenes_mini_subset,scene-0103_017,yaw,3.0,deg,8,Car,vehicle,56.9,53.2,43.6,0.0,2,1,1,0,0,0.0,0.0
nuscenes_mini_subset,scene-0103_017,yaw,3.0,deg,9,Car,vehicle,23.7,219.0,110.2,0.0,2,27,27,15,15,0.5556,0.5556
nuscenes_mini_subset,scene-0103_017,yaw,3.0,deg,11,Car,vehicle,64.6,54.3,40.6,0.0,2,0,0,0,0,,
nuscenes_mini_subset,scene-0103_017,yaw,3.0,deg,12,Car,vehicle,9.2,344.5,342.5,0.56,0,137,186,123,172,0.8978,0.9247
nuscenes_mini_subset,scene-0103_017,yaw,3.0,deg,13,Motorcycle,cyclist,40.8,19.0,43.7,0.0,0,0,0,0,0,,
nuscenes_mini_subset,scene-0103_017,yaw,3.0,deg,14,Pedestrian,pedestrian,29.2,35.4,80.0,0.0,0,3,3,0,0,0.0,0.0
nuscenes_mini_subset,scene-0103_017,yaw,3.0,deg,15,Truck,vehicle,56.5,82.5,71.9,0.0,2,9,9,0,0,0.0,0.0
nuscenes_mini_subset,scene-0103_017,yaw,3.0,deg,16,Car,vehicle,29.0,183.5,88.1,0.0,2,9,9,6,6,0.6667,0.6667
nuscenes_mini_subset,scene-0103_017,yaw,3.0,deg,17,Car,vehicle,19.2,226.4,122.3,0.0,2,0,0,0,0,,
nuscenes_mini_subset,scene-0103_017,yaw,3.0,deg,18,Car,vehicle,79.8,30.1,31.6,0.0,2,0,0,0,0,,
nuscenes_mini_subset,scene-0103_017,yaw,3.0,deg,19,Car,vehicle,31.0,52.9,96.7,0.78,2,2,2,0,0,0.0,0.0
nuscenes_mini_subset,scene-0103_017,yaw,3.0,deg,20,Car,vehicle,30.2,155.5,92.4,0.0,2,0,0,0,0,,
nuscenes_mini_subset,scene-0103_017,yaw,3.0,deg,21,Car,vehicle,44.9,80.7,55.6,0.0,2,2,2,0,0,0.0,0.0
nuscenes_mini_subset,scene-0103_018,yaw,0.0,deg,0,Car,vehicle,54.1,95.8,52.2,0.0,2,0,0,0,0,,
nuscenes_mini_subset,scene-0103_018,yaw,0.0,deg,1,Car,vehicle,47.8,23.1,64.4,0.86,2,0,0,0,0,,
nuscenes_mini_subset,scene-0103_018,yaw,0.0,deg,2,Car,vehicle,13.3,456.0,195.7,0.0,0,102,102,102,102,1.0,1.0
nuscenes_mini_subset,scene-0103_018,yaw,0.0,deg,3,Car,vehicle,46.9,83.6,50.5,0.0,0,1,1,1,1,1.0,1.0
nuscenes_mini_subset,scene-0103_018,yaw,0.0,deg,4,Car,vehicle,76.6,36.6,37.0,0.0,2,0,0,0,0,,
nuscenes_mini_subset,scene-0103_018,yaw,0.0,deg,5,Car,vehicle,51.5,87.1,52.0,0.0,2,0,0,0,0,,
nuscenes_mini_subset,scene-0103_018,yaw,0.0,deg,6,Car,vehicle,52.2,93.3,53.2,0.0,2,0,0,0,0,,
nuscenes_mini_subset,scene-0103_018,yaw,0.0,deg,7,Car,vehicle,39.2,64.3,53.7,0.0,0,2,2,2,2,1.0,1.0
nuscenes_mini_subset,scene-0103_018,yaw,0.0,deg,8,Car,vehicle,56.0,54.2,44.2,0.0,2,0,0,0,0,,
nuscenes_mini_subset,scene-0103_018,yaw,0.0,deg,9,Car,vehicle,22.9,234.2,116.3,0.0,0,38,38,38,38,1.0,1.0
nuscenes_mini_subset,scene-0103_018,yaw,0.0,deg,11,Car,vehicle,63.8,55.2,41.3,0.0,2,0,0,0,0,,
nuscenes_mini_subset,scene-0103_018,yaw,0.0,deg,12,Car,vehicle,8.4,308.6,417.0,0.68,0,137,137,137,137,1.0,1.0
nuscenes_mini_subset,scene-0103_018,yaw,0.0,deg,13,Motorcycle,cyclist,40.0,19.4,44.7,0.0,0,0,0,0,0,,
nuscenes_mini_subset,scene-0103_018,yaw,0.0,deg,14,Car,vehicle,49.9,59.0,48.6,0.0,2,1,1,1,1,1.0,1.0
nuscenes_mini_subset,scene-0103_018,yaw,0.0,deg,15,Pedestrian,pedestrian,29.1,36.1,80.3,0.0,0,1,1,1,1,1.0,1.0
nuscenes_mini_subset,scene-0103_018,yaw,0.0,deg,16,Truck,vehicle,55.6,84.2,73.1,0.0,2,5,5,5,5,1.0,1.0
nuscenes_mini_subset,scene-0103_018,yaw,0.0,deg,17,Car,vehicle,28.0,195.4,92.0,0.0,1,7,7,7,7,1.0,1.0
nuscenes_mini_subset,scene-0103_018,yaw,0.0,deg,18,Car,vehicle,17.9,254.4,135.3,0.0,2,32,32,32,32,1.0,1.0
nuscenes_mini_subset,scene-0103_018,yaw,0.0,deg,19,Car,vehicle,79.0,30.4,31.9,0.0,2,0,0,0,0,,
nuscenes_mini_subset,scene-0103_018,yaw,0.0,deg,20,Car,vehicle,30.3,35.0,100.1,0.86,2,0,0,0,0,,
nuscenes_mini_subset,scene-0103_018,yaw,0.0,deg,21,Car,vehicle,29.4,162.5,95.7,0.0,2,2,2,2,2,1.0,1.0
nuscenes_mini_subset,scene-0103_018,yaw,0.0,deg,22,Car,vehicle,44.1,82.6,56.7,0.0,2,0,0,0,0,,
nuscenes_mini_subset,scene-0103_018,yaw,0.5,deg,0,Car,vehicle,54.1,95.8,52.2,0.0,2,0,0,0,0,,
nuscenes_mini_subset,scene-0103_018,yaw,0.5,deg,1,Car,vehicle,47.8,23.1,64.4,0.86,2,0,0,0,0,,
nuscenes_mini_subset,scene-0103_018,yaw,0.5,deg,2,Car,vehicle,13.3,456.0,195.7,0.0,0,102,102,102,102,1.0,1.0
nuscenes_mini_subset,scene-0103_018,yaw,0.5,deg,3,Car,vehicle,46.9,83.6,50.5,0.0,0,1,1,1,1,1.0,1.0
nuscenes_mini_subset,scene-0103_018,yaw,0.5,deg,4,Car,vehicle,76.6,36.6,37.0,0.0,2,0,0,0,0,,
nuscenes_mini_subset,scene-0103_018,yaw,0.5,deg,5,Car,vehicle,51.5,87.1,52.0,0.0,2,0,0,0,0,,
nuscenes_mini_subset,scene-0103_018,yaw,0.5,deg,6,Car,vehicle,52.2,93.3,53.2,0.0,2,0,0,0,0,,
nuscenes_mini_subset,scene-0103_018,yaw,0.5,deg,7,Car,vehicle,39.2,64.3,53.7,0.0,0,2,2,2,2,1.0,1.0
nuscenes_mini_subset,scene-0103_018,yaw,0.5,deg,8,Car,vehicle,56.0,54.2,44.2,0.0,2,0,0,0,0,,
nuscenes_mini_subset,scene-0103_018,yaw,0.5,deg,9,Car,vehicle,22.9,234.2,116.3,0.0,0,38,38,38,38,1.0,1.0
nuscenes_mini_subset,scene-0103_018,yaw,0.5,deg,11,Car,vehicle,63.8,55.2,41.3,0.0,2,0,0,0,0,,
nuscenes_mini_subset,scene-0103_018,yaw,0.5,deg,12,Car,vehicle,8.4,308.6,417.0,0.68,0,137,149,137,148,1.0,0.9933
nuscenes_mini_subset,scene-0103_018,yaw,0.5,deg,13,Motorcycle,cyclist,40.0,19.4,44.7,0.0,0,0,0,0,0,,
nuscenes_mini_subset,scene-0103_018,yaw,0.5,deg,14,Car,vehicle,49.9,59.0,48.6,0.0,2,1,1,0,0,0.0,0.0
nuscenes_mini_subset,scene-0103_018,yaw,0.5,deg,15,Pedestrian,pedestrian,29.1,36.1,80.3,0.0,0,1,1,0,0,0.0,0.0
nuscenes_mini_subset,scene-0103_018,yaw,0.5,deg,16,Truck,vehicle,55.6,84.2,73.1,0.0,2,5,5,5,5,1.0,1.0
nuscenes_mini_subset,scene-0103_018,yaw,0.5,deg,17,Car,vehicle,28.0,195.4,92.0,0.0,1,7,7,6,6,0.8571,0.8571
nuscenes_mini_subset,scene-0103_018,yaw,0.5,deg,18,Car,vehicle,17.9,254.4,135.3,0.0,2,32,32,32,32,1.0,1.0
nuscenes_mini_subset,scene-0103_018,yaw,0.5,deg,19,Car,vehicle,79.0,30.4,31.9,0.0,2,0,0,0,0,,
nuscenes_mini_subset,scene-0103_018,yaw,0.5,deg,20,Car,vehicle,30.3,35.0,100.1,0.86,2,0,0,0,0,,
nuscenes_mini_subset,scene-0103_018,yaw,0.5,deg,21,Car,vehicle,29.4,162.5,95.7,0.0,2,2,2,2,2,1.0,1.0
nuscenes_mini_subset,scene-0103_018,yaw,0.5,deg,22,Car,vehicle,44.1,82.6,56.7,0.0,2,0,0,0,0,,
nuscenes_mini_subset,scene-0103_018,yaw,1.0,deg,0,Car,vehicle,54.1,95.8,52.2,0.0,2,0,0,0,0,,
nuscenes_mini_subset,scene-0103_018,yaw,1.0,deg,1,Car,vehicle,47.8,23.1,64.4,0.86,2,0,0,0,0,,
nuscenes_mini_subset,scene-0103_018,yaw,1.0,deg,2,Car,vehicle,13.3,456.0,195.7,0.0,0,102,102,102,102,1.0,1.0
nuscenes_mini_subset,scene-0103_018,yaw,1.0,deg,3,Car,vehicle,46.9,83.6,50.5,0.0,0,1,1,1,1,1.0,1.0
nuscenes_mini_subset,scene-0103_018,yaw,1.0,deg,4,Car,vehicle,76.6,36.6,37.0,0.0,2,0,0,0,0,,
nuscenes_mini_subset,scene-0103_018,yaw,1.0,deg,5,Car,vehicle,51.5,87.1,52.0,0.0,2,0,0,0,0,,
nuscenes_mini_subset,scene-0103_018,yaw,1.0,deg,6,Car,vehicle,52.2,93.3,53.2,0.0,2,0,0,0,0,,
nuscenes_mini_subset,scene-0103_018,yaw,1.0,deg,7,Car,vehicle,39.2,64.3,53.7,0.0,0,2,2,1,1,0.5,0.5
nuscenes_mini_subset,scene-0103_018,yaw,1.0,deg,8,Car,vehicle,56.0,54.2,44.2,0.0,2,0,0,0,0,,
nuscenes_mini_subset,scene-0103_018,yaw,1.0,deg,9,Car,vehicle,22.9,234.2,116.3,0.0,0,38,38,37,37,0.9737,0.9737
nuscenes_mini_subset,scene-0103_018,yaw,1.0,deg,11,Car,vehicle,63.8,55.2,41.3,0.0,2,0,0,0,0,,
nuscenes_mini_subset,scene-0103_018,yaw,1.0,deg,12,Car,vehicle,8.4,308.6,417.0,0.68,0,137,161,137,160,1.0,0.9938
nuscenes_mini_subset,scene-0103_018,yaw,1.0,deg,13,Motorcycle,cyclist,40.0,19.4,44.7,0.0,0,0,0,0,0,,
nuscenes_mini_subset,scene-0103_018,yaw,1.0,deg,14,Car,vehicle,49.9,59.0,48.6,0.0,2,1,1,0,0,0.0,0.0
nuscenes_mini_subset,scene-0103_018,yaw,1.0,deg,15,Pedestrian,pedestrian,29.1,36.1,80.3,0.0,0,1,1,0,0,0.0,0.0
nuscenes_mini_subset,scene-0103_018,yaw,1.0,deg,16,Truck,vehicle,55.6,84.2,73.1,0.0,2,5,5,3,3,0.6,0.6
nuscenes_mini_subset,scene-0103_018,yaw,1.0,deg,17,Car,vehicle,28.0,195.4,92.0,0.0,1,7,7,5,5,0.7143,0.7143
nuscenes_mini_subset,scene-0103_018,yaw,1.0,deg,18,Car,vehicle,17.9,254.4,135.3,0.0,2,32,32,31,31,0.9688,0.9688
nuscenes_mini_subset,scene-0103_018,yaw,1.0,deg,19,Car,vehicle,79.0,30.4,31.9,0.0,2,0,0,0,0,,
nuscenes_mini_subset,scene-0103_018,yaw,1.0,deg,20,Car,vehicle,30.3,35.0,100.1,0.86,2,0,1,0,1,,1.0
nuscenes_mini_subset,scene-0103_018,yaw,1.0,deg,21,Car,vehicle,29.4,162.5,95.7,0.0,2,2,2,2,2,1.0,1.0
nuscenes_mini_subset,scene-0103_018,yaw,1.0,deg,22,Car,vehicle,44.1,82.6,56.7,0.0,2,0,0,0,0,,
nuscenes_mini_subset,scene-0103_018,yaw,2.0,deg,0,Car,vehicle,54.1,95.8,52.2,0.0,2,0,0,0,0,,
nuscenes_mini_subset,scene-0103_018,yaw,2.0,deg,1,Car,vehicle,47.8,23.1,64.4,0.86,2,0,1,0,1,,1.0
nuscenes_mini_subset,scene-0103_018,yaw,2.0,deg,2,Car,vehicle,13.3,456.0,195.7,0.0,0,102,102,98,98,0.9608,0.9608
nuscenes_mini_subset,scene-0103_018,yaw,2.0,deg,3,Car,vehicle,46.9,83.6,50.5,0.0,0,1,1,0,0,0.0,0.0
nuscenes_mini_subset,scene-0103_018,yaw,2.0,deg,4,Car,vehicle,76.6,36.6,37.0,0.0,2,0,0,0,0,,
nuscenes_mini_subset,scene-0103_018,yaw,2.0,deg,5,Car,vehicle,51.5,87.1,52.0,0.0,2,0,0,0,0,,
nuscenes_mini_subset,scene-0103_018,yaw,2.0,deg,6,Car,vehicle,52.2,93.3,53.2,0.0,2,0,0,0,0,,
nuscenes_mini_subset,scene-0103_018,yaw,2.0,deg,7,Car,vehicle,39.2,64.3,53.7,0.0,0,2,2,1,1,0.5,0.5
nuscenes_mini_subset,scene-0103_018,yaw,2.0,deg,8,Car,vehicle,56.0,54.2,44.2,0.0,2,0,0,0,0,,
nuscenes_mini_subset,scene-0103_018,yaw,2.0,deg,9,Car,vehicle,22.9,234.2,116.3,0.0,0,38,38,34,34,0.8947,0.8947
nuscenes_mini_subset,scene-0103_018,yaw,2.0,deg,11,Car,vehicle,63.8,55.2,41.3,0.0,2,0,0,0,0,,
nuscenes_mini_subset,scene-0103_018,yaw,2.0,deg,12,Car,vehicle,8.4,308.6,417.0,0.68,0,137,185,129,177,0.9416,0.9568
nuscenes_mini_subset,scene-0103_018,yaw,2.0,deg,13,Motorcycle,cyclist,40.0,19.4,44.7,0.0,0,0,0,0,0,,
nuscenes_mini_subset,scene-0103_018,yaw,2.0,deg,14,Car,vehicle,49.9,59.0,48.6,0.0,2,1,1,0,0,0.0,0.0
nuscenes_mini_subset,scene-0103_018,yaw,2.0,deg,15,Pedestrian,pedestrian,29.1,36.1,80.3,0.0,0,1,1,0,0,0.0,0.0
nuscenes_mini_subset,scene-0103_018,yaw,2.0,deg,16,Truck,vehicle,55.6,84.2,73.1,0.0,2,5,5,3,3,0.6,0.6
nuscenes_mini_subset,scene-0103_018,yaw,2.0,deg,17,Car,vehicle,28.0,195.4,92.0,0.0,1,7,7,5,5,0.7143,0.7143
nuscenes_mini_subset,scene-0103_018,yaw,2.0,deg,18,Car,vehicle,17.9,254.4,135.3,0.0,2,32,32,26,26,0.8125,0.8125
nuscenes_mini_subset,scene-0103_018,yaw,2.0,deg,19,Car,vehicle,79.0,30.4,31.9,0.0,2,0,0,0,0,,
nuscenes_mini_subset,scene-0103_018,yaw,2.0,deg,20,Car,vehicle,30.3,35.0,100.1,0.86,2,0,1,0,0,,0.0
nuscenes_mini_subset,scene-0103_018,yaw,2.0,deg,21,Car,vehicle,29.4,162.5,95.7,0.0,2,2,2,1,1,0.5,0.5
nuscenes_mini_subset,scene-0103_018,yaw,2.0,deg,22,Car,vehicle,44.1,82.6,56.7,0.0,2,0,0,0,0,,
nuscenes_mini_subset,scene-0103_018,yaw,3.0,deg,0,Car,vehicle,54.1,95.8,52.2,0.0,2,0,0,0,0,,
nuscenes_mini_subset,scene-0103_018,yaw,3.0,deg,1,Car,vehicle,47.8,23.1,64.4,0.86,2,0,1,0,0,,0.0
nuscenes_mini_subset,scene-0103_018,yaw,3.0,deg,2,Car,vehicle,13.3,456.0,195.7,0.0,0,102,102,92,92,0.902,0.902
nuscenes_mini_subset,scene-0103_018,yaw,3.0,deg,3,Car,vehicle,46.9,83.6,50.5,0.0,0,1,1,0,0,0.0,0.0
nuscenes_mini_subset,scene-0103_018,yaw,3.0,deg,4,Car,vehicle,76.6,36.6,37.0,0.0,2,0,0,0,0,,
nuscenes_mini_subset,scene-0103_018,yaw,3.0,deg,5,Car,vehicle,51.5,87.1,52.0,0.0,2,0,0,0,0,,
nuscenes_mini_subset,scene-0103_018,yaw,3.0,deg,6,Car,vehicle,52.2,93.3,53.2,0.0,2,0,0,0,0,,
nuscenes_mini_subset,scene-0103_018,yaw,3.0,deg,7,Car,vehicle,39.2,64.3,53.7,0.0,0,2,2,0,0,0.0,0.0
nuscenes_mini_subset,scene-0103_018,yaw,3.0,deg,8,Car,vehicle,56.0,54.2,44.2,0.0,2,0,0,0,0,,
nuscenes_mini_subset,scene-0103_018,yaw,3.0,deg,9,Car,vehicle,22.9,234.2,116.3,0.0,0,38,38,30,30,0.7895,0.7895
nuscenes_mini_subset,scene-0103_018,yaw,3.0,deg,11,Car,vehicle,63.8,55.2,41.3,0.0,2,0,0,0,0,,
nuscenes_mini_subset,scene-0103_018,yaw,3.0,deg,12,Car,vehicle,8.4,308.6,417.0,0.68,0,137,209,117,189,0.854,0.9043
nuscenes_mini_subset,scene-0103_018,yaw,3.0,deg,13,Motorcycle,cyclist,40.0,19.4,44.7,0.0,0,0,0,0,0,,
nuscenes_mini_subset,scene-0103_018,yaw,3.0,deg,14,Car,vehicle,49.9,59.0,48.6,0.0,2,1,1,0,0,0.0,0.0
nuscenes_mini_subset,scene-0103_018,yaw,3.0,deg,15,Pedestrian,pedestrian,29.1,36.1,80.3,0.0,0,1,1,0,0,0.0,0.0
nuscenes_mini_subset,scene-0103_018,yaw,3.0,deg,16,Truck,vehicle,55.6,84.2,73.1,0.0,2,5,5,1,1,0.2,0.2
nuscenes_mini_subset,scene-0103_018,yaw,3.0,deg,17,Car,vehicle,28.0,195.4,92.0,0.0,1,7,7,4,4,0.5714,0.5714
nuscenes_mini_subset,scene-0103_018,yaw,3.0,deg,18,Car,vehicle,17.9,254.4,135.3,0.0,2,32,32,20,20,0.625,0.625
nuscenes_mini_subset,scene-0103_018,yaw,3.0,deg,19,Car,vehicle,79.0,30.4,31.9,0.0,2,0,0,0,0,,
nuscenes_mini_subset,scene-0103_018,yaw,3.0,deg,20,Car,vehicle,30.3,35.0,100.1,0.86,2,0,1,0,0,,0.0
nuscenes_mini_subset,scene-0103_018,yaw,3.0,deg,21,Car,vehicle,29.4,162.5,95.7,0.0,2,2,2,1,1,0.5,0.5
nuscenes_mini_subset,scene-0103_018,yaw,3.0,deg,22,Car,vehicle,44.1,82.6,56.7,0.0,2,0,0,0,0,,
nuscenes_mini_subset,scene-0103_019,yaw,0.0,deg,0,Car,vehicle,53.2,98.2,53.2,0.0,2,0,0,0,0,,
nuscenes_mini_subset,scene-0103_019,yaw,0.0,deg,1,Car,vehicle,47.0,10.7,65.9,0.94,2,0,0,0,0,,
nuscenes_mini_subset,scene-0103_019,yaw,0.0,deg,2,Car,vehicle,15.3,332.3,166.4,0.0,0,53,53,53,53,1.0,1.0
nuscenes_mini_subset,scene-0103_019,yaw,0.0,deg,3,Car,vehicle,46.0,86.2,51.6,0.0,0,4,4,4,4,1.0,1.0
nuscenes_mini_subset,scene-0103_019,yaw,0.0,deg,4,Car,vehicle,75.6,37.2,37.7,0.0,2,0,0,0,0,,
nuscenes_mini_subset,scene-0103_019,yaw,0.0,deg,5,Car,vehicle,50.6,89.2,53.0,0.0,2,0,0,0,0,,
nuscenes_mini_subset,scene-0103_019,yaw,0.0,deg,6,Car,vehicle,51.4,95.7,54.3,0.0,2,1,1,1,1,1.0,1.0
nuscenes_mini_subset,scene-0103_019,yaw,0.0,deg,7,Car,vehicle,47.7,122.5,59.8,0.0,2,1,1,1,1,1.0,1.0
nuscenes_mini_subset,scene-0103_019,yaw,0.0,deg,8,Car,vehicle,38.2,66.3,55.3,0.0,0,9,9,9,9,1.0,1.0
nuscenes_mini_subset,scene-0103_019,yaw,0.0,deg,9,Car,vehicle,55.1,55.2,45.0,0.0,2,1,1,1,1,1.0,1.0
nuscenes_mini_subset,scene-0103_019,yaw,0.0,deg,10,Car,vehicle,22.1,250.8,123.3,0.0,2,31,31,31,31,1.0,1.0
nuscenes_mini_subset,scene-0103_019,yaw,0.0,deg,12,Car,vehicle,62.9,56.3,42.2,0.0,2,1,1,1,1,1.0,1.0
nuscenes_mini_subset,scene-0103_019,yaw,0.0,deg,13,Car,vehicle,7.6,265.5,420.4,0.83,0,74,74,74,74,1.0,1.0
nuscenes_mini_subset,scene-0103_019,yaw,0.0,deg,14,Motorcycle,cyclist,39.1,20.3,45.9,0.0,0,0,0,0,0,,
nuscenes_mini_subset,scene-0103_019,yaw,0.0,deg,15,Car,vehicle,48.9,60.3,49.6,0.0,2,1,1,1,1,1.0,1.0
nuscenes_mini_subset,scene-0103_019,yaw,0.0,deg,16,Pedestrian,pedestrian,28.9,37.0,81.0,0.0,2,3,3,3,3,1.0,1.0
nuscenes_mini_subset,scene-0103_019,yaw,0.0,deg,17,Truck,vehicle,54.7,86.1,74.4,0.0,0,5,5,5,5,1.0,1.0
nuscenes_mini_subset,scene-0103_019,yaw,0.0,deg,18,Car,vehicle,27.2,196.5,95.8,0.05,1,7,7,7,7,1.0,1.0
nuscenes_mini_subset,scene-0103_019,yaw,0.0,deg,19,Car,vehicle,16.5,325.5,152.7,0.0,0,73,73,73,73,1.0,1.0
nuscenes_mini_subset,scene-0103_019,yaw,0.0,deg,20,Car,vehicle,78.1,30.8,32.3,0.0,2,0,0,0,0,,
nuscenes_mini_subset,scene-0103_019,yaw,0.0,deg,21,Car,vehicle,29.5,13.1,104.3,0.95,2,0,0,0,0,,
nuscenes_mini_subset,scene-0103_019,yaw,0.0,deg,22,Car,vehicle,28.4,171.1,100.1,0.0,2,0,0,0,0,,
nuscenes_mini_subset,scene-0103_019,yaw,0.0,deg,23,Car,vehicle,43.1,84.7,58.0,0.0,2,0,0,0,0,,
nuscenes_mini_subset,scene-0103_019,yaw,0.5,deg,0,Car,vehicle,53.2,98.2,53.2,0.0,2,0,0,0,0,,
nuscenes_mini_subset,scene-0103_019,yaw,0.5,deg,1,Car,vehicle,47.0,10.7,65.9,0.94,2,0,0,0,0,,
nuscenes_mini_subset,scene-0103_019,yaw,0.5,deg,2,Car,vehicle,15.3,332.3,166.4,0.0,0,53,53,53,53,1.0,1.0
nuscenes_mini_subset,scene-0103_019,yaw,0.5,deg,3,Car,vehicle,46.0,86.2,51.6,0.0,0,4,4,4,4,1.0,1.0
nuscenes_mini_subset,scene-0103_019,yaw,0.5,deg,4,Car,vehicle,75.6,37.2,37.7,0.0,2,0,0,0,0,,
nuscenes_mini_subset,scene-0103_019,yaw,0.5,deg,5,Car,vehicle,50.6,89.2,53.0,0.0,2,0,0,0,0,,
nuscenes_mini_subset,scene-0103_019,yaw,0.5,deg,6,Car,vehicle,51.4,95.7,54.3,0.0,2,1,1,1,1,1.0,1.0
nuscenes_mini_subset,scene-0103_019,yaw,0.5,deg,7,Car,vehicle,47.7,122.5,59.8,0.0,2,1,1,1,1,1.0,1.0
nuscenes_mini_subset,scene-0103_019,yaw,0.5,deg,8,Car,vehicle,38.2,66.3,55.3,0.0,0,9,9,9,9,1.0,1.0
nuscenes_mini_subset,scene-0103_019,yaw,0.5,deg,9,Car,vehicle,55.1,55.2,45.0,0.0,2,1,1,0,0,0.0,0.0
nuscenes_mini_subset,scene-0103_019,yaw,0.5,deg,10,Car,vehicle,22.1,250.8,123.3,0.0,2,31,31,31,31,1.0,1.0
nuscenes_mini_subset,scene-0103_019,yaw,0.5,deg,12,Car,vehicle,62.9,56.3,42.2,0.0,2,1,1,1,1,1.0,1.0
nuscenes_mini_subset,scene-0103_019,yaw,0.5,deg,13,Car,vehicle,7.6,265.5,420.4,0.83,0,74,82,74,82,1.0,1.0
nuscenes_mini_subset,scene-0103_019,yaw,0.5,deg,14,Motorcycle,cyclist,39.1,20.3,45.9,0.0,0,0,0,0,0,,
nuscenes_mini_subset,scene-0103_019,yaw,0.5,deg,15,Car,vehicle,48.9,60.3,49.6,0.0,2,1,1,1,1,1.0,1.0
nuscenes_mini_subset,scene-0103_019,yaw,0.5,deg,16,Pedestrian,pedestrian,28.9,37.0,81.0,0.0,2,3,3,2,2,0.6667,0.6667
nuscenes_mini_subset,scene-0103_019,yaw,0.5,deg,17,Truck,vehicle,54.7,86.1,74.4,0.0,0,5,5,5,5,1.0,1.0
nuscenes_mini_subset,scene-0103_019,yaw,0.5,deg,18,Car,vehicle,27.2,196.5,95.8,0.05,1,7,7,7,7,1.0,1.0
nuscenes_mini_subset,scene-0103_019,yaw,0.5,deg,19,Car,vehicle,16.5,325.5,152.7,0.0,0,73,73,73,73,1.0,1.0
nuscenes_mini_subset,scene-0103_019,yaw,0.5,deg,20,Car,vehicle,78.1,30.8,32.3,0.0,2,0,0,0,0,,
nuscenes_mini_subset,scene-0103_019,yaw,0.5,deg,21,Car,vehicle,29.5,13.1,104.3,0.95,2,0,0,0,0,,
nuscenes_mini_subset,scene-0103_019,yaw,0.5,deg,22,Car,vehicle,28.4,171.1,100.1,0.0,2,0,0,0,0,,
nuscenes_mini_subset,scene-0103_019,yaw,0.5,deg,23,Car,vehicle,43.1,84.7,58.0,0.0,2,0,0,0,0,,
nuscenes_mini_subset,scene-0103_019,yaw,1.0,deg,0,Car,vehicle,53.2,98.2,53.2,0.0,2,0,0,0,0,,
nuscenes_mini_subset,scene-0103_019,yaw,1.0,deg,1,Car,vehicle,47.0,10.7,65.9,0.94,2,0,0,0,0,,
nuscenes_mini_subset,scene-0103_019,yaw,1.0,deg,2,Car,vehicle,15.3,332.3,166.4,0.0,0,53,53,52,52,0.9811,0.9811
nuscenes_mini_subset,scene-0103_019,yaw,1.0,deg,3,Car,vehicle,46.0,86.2,51.6,0.0,0,4,4,4,4,1.0,1.0
nuscenes_mini_subset,scene-0103_019,yaw,1.0,deg,4,Car,vehicle,75.6,37.2,37.7,0.0,2,0,0,0,0,,
nuscenes_mini_subset,scene-0103_019,yaw,1.0,deg,5,Car,vehicle,50.6,89.2,53.0,0.0,2,0,0,0,0,,
nuscenes_mini_subset,scene-0103_019,yaw,1.0,deg,6,Car,vehicle,51.4,95.7,54.3,0.0,2,1,1,1,1,1.0,1.0
nuscenes_mini_subset,scene-0103_019,yaw,1.0,deg,7,Car,vehicle,47.7,122.5,59.8,0.0,2,1,1,0,0,0.0,0.0
nuscenes_mini_subset,scene-0103_019,yaw,1.0,deg,8,Car,vehicle,38.2,66.3,55.3,0.0,0,9,9,7,7,0.7778,0.7778
nuscenes_mini_subset,scene-0103_019,yaw,1.0,deg,9,Car,vehicle,55.1,55.2,45.0,0.0,2,1,1,0,0,0.0,0.0
nuscenes_mini_subset,scene-0103_019,yaw,1.0,deg,10,Car,vehicle,22.1,250.8,123.3,0.0,2,31,31,30,30,0.9677,0.9677
nuscenes_mini_subset,scene-0103_019,yaw,1.0,deg,12,Car,vehicle,62.9,56.3,42.2,0.0,2,1,1,1,1,1.0,1.0
nuscenes_mini_subset,scene-0103_019,yaw,1.0,deg,13,Car,vehicle,7.6,265.5,420.4,0.83,0,74,97,74,95,1.0,0.9794
nuscenes_mini_subset,scene-0103_019,yaw,1.0,deg,14,Motorcycle,cyclist,39.1,20.3,45.9,0.0,0,0,0,0,0,,
nuscenes_mini_subset,scene-0103_019,yaw,1.0,deg,15,Car,vehicle,48.9,60.3,49.6,0.0,2,1,1,0,0,0.0,0.0
nuscenes_mini_subset,scene-0103_019,yaw,1.0,deg,16,Pedestrian,pedestrian,28.9,37.0,81.0,0.0,2,3,3,0,0,0.0,0.0
nuscenes_mini_subset,scene-0103_019,yaw,1.0,deg,17,Truck,vehicle,54.7,86.1,74.4,0.0,0,5,5,5,5,1.0,1.0
nuscenes_mini_subset,scene-0103_019,yaw,1.0,deg,18,Car,vehicle,27.2,196.5,95.8,0.05,1,7,7,5,5,0.7143,0.7143
nuscenes_mini_subset,scene-0103_019,yaw,1.0,deg,19,Car,vehicle,16.5,325.5,152.7,0.0,0,73,73,73,73,1.0,1.0
nuscenes_mini_subset,scene-0103_019,yaw,1.0,deg,20,Car,vehicle,78.1,30.8,32.3,0.0,2,0,0,0,0,,
nuscenes_mini_subset,scene-0103_019,yaw,1.0,deg,21,Car,vehicle,29.5,13.1,104.3,0.95,2,0,0,0,0,,
nuscenes_mini_subset,scene-0103_019,yaw,1.0,deg,22,Car,vehicle,28.4,171.1,100.1,0.0,2,0,0,0,0,,
nuscenes_mini_subset,scene-0103_019,yaw,1.0,deg,23,Car,vehicle,43.1,84.7,58.0,0.0,2,0,0,0,0,,
nuscenes_mini_subset,scene-0103_019,yaw,2.0,deg,0,Car,vehicle,53.2,98.2,53.2,0.0,2,0,0,0,0,,
nuscenes_mini_subset,scene-0103_019,yaw,2.0,deg,1,Car,vehicle,47.0,10.7,65.9,0.94,2,0,0,0,0,,
nuscenes_mini_subset,scene-0103_019,yaw,2.0,deg,2,Car,vehicle,15.3,332.3,166.4,0.0,0,53,53,50,50,0.9434,0.9434
nuscenes_mini_subset,scene-0103_019,yaw,2.0,deg,3,Car,vehicle,46.0,86.2,51.6,0.0,0,4,4,2,2,0.5,0.5
nuscenes_mini_subset,scene-0103_019,yaw,2.0,deg,4,Car,vehicle,75.6,37.2,37.7,0.0,2,0,0,0,0,,
nuscenes_mini_subset,scene-0103_019,yaw,2.0,deg,5,Car,vehicle,50.6,89.2,53.0,0.0,2,0,0,0,0,,
nuscenes_mini_subset,scene-0103_019,yaw,2.0,deg,6,Car,vehicle,51.4,95.7,54.3,0.0,2,1,1,1,1,1.0,1.0
nuscenes_mini_subset,scene-0103_019,yaw,2.0,deg,7,Car,vehicle,47.7,122.5,59.8,0.0,2,1,1,0,0,0.0,0.0
nuscenes_mini_subset,scene-0103_019,yaw,2.0,deg,8,Car,vehicle,38.2,66.3,55.3,0.0,0,9,9,4,4,0.4444,0.4444
nuscenes_mini_subset,scene-0103_019,yaw,2.0,deg,9,Car,vehicle,55.1,55.2,45.0,0.0,2,1,1,0,0,0.0,0.0
nuscenes_mini_subset,scene-0103_019,yaw,2.0,deg,10,Car,vehicle,22.1,250.8,123.3,0.0,2,31,31,26,26,0.8387,0.8387
nuscenes_mini_subset,scene-0103_019,yaw,2.0,deg,12,Car,vehicle,62.9,56.3,42.2,0.0,2,1,1,0,0,0.0,0.0
nuscenes_mini_subset,scene-0103_019,yaw,2.0,deg,13,Car,vehicle,7.6,265.5,420.4,0.83,0,74,116,69,111,0.9324,0.9569
nuscenes_mini_subset,scene-0103_019,yaw,2.0,deg,14,Motorcycle,cyclist,39.1,20.3,45.9,0.0,0,0,0,0,0,,
nuscenes_mini_subset,scene-0103_019,yaw,2.0,deg,15,Car,vehicle,48.9,60.3,49.6,0.0,2,1,1,0,0,0.0,0.0
nuscenes_mini_subset,scene-0103_019,yaw,2.0,deg,16,Pedestrian,pedestrian,28.9,37.0,81.0,0.0,2,3,3,0,0,0.0,0.0
nuscenes_mini_subset,scene-0103_019,yaw,2.0,deg,17,Truck,vehicle,54.7,86.1,74.4,0.0,0,5,5,3,3,0.6,0.6
nuscenes_mini_subset,scene-0103_019,yaw,2.0,deg,18,Car,vehicle,27.2,196.5,95.8,0.05,1,7,7,5,5,0.7143,0.7143
nuscenes_mini_subset,scene-0103_019,yaw,2.0,deg,19,Car,vehicle,16.5,325.5,152.7,0.0,0,73,73,69,69,0.9452,0.9452
nuscenes_mini_subset,scene-0103_019,yaw,2.0,deg,20,Car,vehicle,78.1,30.8,32.3,0.0,2,0,0,0,0,,
nuscenes_mini_subset,scene-0103_019,yaw,2.0,deg,21,Car,vehicle,29.5,13.1,104.3,0.95,2,0,0,0,0,,
nuscenes_mini_subset,scene-0103_019,yaw,2.0,deg,22,Car,vehicle,28.4,171.1,100.1,0.0,2,0,0,0,0,,
nuscenes_mini_subset,scene-0103_019,yaw,2.0,deg,23,Car,vehicle,43.1,84.7,58.0,0.0,2,0,0,0,0,,
nuscenes_mini_subset,scene-0103_019,yaw,3.0,deg,0,Car,vehicle,53.2,98.2,53.2,0.0,2,0,0,0,0,,
nuscenes_mini_subset,scene-0103_019,yaw,3.0,deg,1,Car,vehicle,47.0,10.7,65.9,0.94,2,0,0,0,0,,
nuscenes_mini_subset,scene-0103_019,yaw,3.0,deg,2,Car,vehicle,15.3,332.3,166.4,0.0,0,53,53,48,48,0.9057,0.9057
nuscenes_mini_subset,scene-0103_019,yaw,3.0,deg,3,Car,vehicle,46.0,86.2,51.6,0.0,0,4,4,0,0,0.0,0.0
nuscenes_mini_subset,scene-0103_019,yaw,3.0,deg,4,Car,vehicle,75.6,37.2,37.7,0.0,2,0,0,0,0,,
nuscenes_mini_subset,scene-0103_019,yaw,3.0,deg,5,Car,vehicle,50.6,89.2,53.0,0.0,2,0,0,0,0,,
nuscenes_mini_subset,scene-0103_019,yaw,3.0,deg,6,Car,vehicle,51.4,95.7,54.3,0.0,2,1,1,0,0,0.0,0.0
nuscenes_mini_subset,scene-0103_019,yaw,3.0,deg,7,Car,vehicle,47.7,122.5,59.8,0.0,2,1,1,0,0,0.0,0.0
nuscenes_mini_subset,scene-0103_019,yaw,3.0,deg,8,Car,vehicle,38.2,66.3,55.3,0.0,0,9,9,0,0,0.0,0.0
nuscenes_mini_subset,scene-0103_019,yaw,3.0,deg,9,Car,vehicle,55.1,55.2,45.0,0.0,2,1,1,0,0,0.0,0.0
nuscenes_mini_subset,scene-0103_019,yaw,3.0,deg,10,Car,vehicle,22.1,250.8,123.3,0.0,2,31,31,26,26,0.8387,0.8387
nuscenes_mini_subset,scene-0103_019,yaw,3.0,deg,12,Car,vehicle,62.9,56.3,42.2,0.0,2,1,1,0,0,0.0,0.0
nuscenes_mini_subset,scene-0103_019,yaw,3.0,deg,13,Car,vehicle,7.6,265.5,420.4,0.83,0,74,140,61,126,0.8243,0.9
nuscenes_mini_subset,scene-0103_019,yaw,3.0,deg,14,Motorcycle,cyclist,39.1,20.3,45.9,0.0,0,0,0,0,0,,
nuscenes_mini_subset,scene-0103_019,yaw,3.0,deg,15,Car,vehicle,48.9,60.3,49.6,0.0,2,1,1,0,0,0.0,0.0
nuscenes_mini_subset,scene-0103_019,yaw,3.0,deg,16,Pedestrian,pedestrian,28.9,37.0,81.0,0.0,2,3,3,0,0,0.0,0.0
nuscenes_mini_subset,scene-0103_019,yaw,3.0,deg,17,Truck,vehicle,54.7,86.1,74.4,0.0,0,5,5,0,0,0.0,0.0
nuscenes_mini_subset,scene-0103_019,yaw,3.0,deg,18,Car,vehicle,27.2,196.5,95.8,0.05,1,7,7,4,4,0.5714,0.5714
nuscenes_mini_subset,scene-0103_019,yaw,3.0,deg,19,Car,vehicle,16.5,325.5,152.7,0.0,0,73,73,65,65,0.8904,0.8904
nuscenes_mini_subset,scene-0103_019,yaw,3.0,deg,20,Car,vehicle,78.1,30.8,32.3,0.0,2,0,0,0,0,,
nuscenes_mini_subset,scene-0103_019,yaw,3.0,deg,21,Car,vehicle,29.5,13.1,104.3,0.95,2,0,0,0,0,,
nuscenes_mini_subset,scene-0103_019,yaw,3.0,deg,22,Car,vehicle,28.4,171.1,100.1,0.0,2,0,0,0,0,,
nuscenes_mini_subset,scene-0103_019,yaw,3.0,deg,23,Car,vehicle,43.1,84.7,58.0,0.0,2,0,0,0,0,,
nuscenes_mini_subset,scene-0103_020,yaw,0.0,deg,0,Car,vehicle,52.2,101.5,54.4,0.0,2,0,0,0,0,,
nuscenes_mini_subset,scene-0103_020,yaw,0.0,deg,1,Pedestrian,pedestrian,56.6,13.5,40.9,0.0,2,1,1,1,1,1.0,1.0
nuscenes_mini_subset,scene-0103_020,yaw,0.0,deg,2,Car,vehicle,17.3,234.2,143.6,0.0,0,17,17,17,17,1.0,1.0
nuscenes_mini_subset,scene-0103_020,yaw,0.0,deg,3,Car,vehicle,45.0,89.5,53.0,0.0,0,4,4,4,4,1.0,1.0
nuscenes_mini_subset,scene-0103_020,yaw,0.0,deg,4,Car,vehicle,74.6,37.8,38.3,0.0,2,1,1,1,1,1.0,1.0
nuscenes_mini_subset,scene-0103_020,yaw,0.0,deg,5,Car,vehicle,71.1,39.6,29.5,0.0,2,1,1,1,1,1.0,1.0
nuscenes_mini_subset,scene-0103_020,yaw,0.0,deg,6,Car,vehicle,49.6,92.0,54.3,0.0,2,0,0,0,0,,
nuscenes_mini_subset,scene-0103_020,yaw,0.0,deg,7,Car,vehicle,50.4,98.9,55.6,0.0,2,0,0,0,0,,
nuscenes_mini_subset,scene-0103_020,yaw,0.0,deg,8,Car,vehicle,79.3,37.6,39.7,0.0,2,1,1,1,1,1.0,1.0
nuscenes_mini_subset,scene-0103_020,yaw,0.0,deg,9,Car,vehicle,46.7,127.6,61.5,0.0,2,0,0,0,0,,
nuscenes_mini_subset,scene-0103_020,yaw,0.0,deg,10,Car,vehicle,37.2,68.8,57.2,0.0,0,10,10,10,10,1.0,1.0
nuscenes_mini_subset,scene-0103_020,yaw,0.0,deg,11,Car,vehicle,54.1,56.6,46.0,0.0,2,1,1,1,1,1.0,1.0
nuscenes_mini_subset,scene-0103_020,yaw,0.0,deg,12,Car,vehicle,21.1,271.2,131.4,0.0,2,24,24,24,24,1.0,1.0
nuscenes_mini_subset,scene-0103_020,yaw,0.0,deg,14,Car,vehicle,61.8,57.5,43.1,0.0,2,1,1,1,1,1.0,1.0
nuscenes_mini_subset,scene-0103_020,yaw,0.0,deg,15,Car,vehicle,6.8,194.7,426.1,0.94,0,50,50,49,49,0.98,0.98
nuscenes_mini_subset,scene-0103_020,yaw,0.0,deg,16,Motorcycle,cyclist,38.1,21.6,47.2,0.0,0,0,0,0,0,,
nuscenes_mini_subset,scene-0103_020,yaw,0.0,deg,17,Car,vehicle,47.9,62.0,50.8,0.0,2,0,0,0,0,,
nuscenes_mini_subset,scene-0103_020,yaw,0.0,deg,18,Pedestrian,pedestrian,28.7,37.4,81.6,0.0,2,3,3,3,3,1.0,1.0
nuscenes_mini_subset,scene-0103_020,yaw,0.0,deg,19,Truck,vehicle,53.7,88.2,76.0,0.0,0,5,5,5,5,1.0,1.0
nuscenes_mini_subset,scene-0103_020,yaw,0.0,deg,20,Car,vehicle,26.3,170.0,100.7,0.24,1,3,3,3,3,1.0,1.0
nuscenes_mini_subset,scene-0103_020,yaw,0.0,deg,21,Car,vehicle,15.0,411.8,174.7,0.0,0,120,120,120,120,1.0,1.0
nuscenes_mini_subset,scene-0103_020,yaw,0.0,deg,22,Pedestrian,pedestrian,56.7,12.5,42.7,0.0,2,2,2,2,2,1.0,1.0
nuscenes_mini_subset,scene-0103_020,yaw,0.0,deg,23,Car,vehicle,77.0,31.3,32.8,0.0,2,0,0,0,0,,
nuscenes_mini_subset,scene-0103_020,yaw,0.0,deg,24,Car,vehicle,27.4,181.1,104.8,0.0,2,0,0,0,0,,
nuscenes_mini_subset,scene-0103_020,yaw,0.0,deg,25,Car,vehicle,42.1,87.4,59.5,0.0,2,0,0,0,0,,
nuscenes_mini_subset,scene-0103_020,yaw,0.5,deg,0,Car,vehicle,52.2,101.5,54.4,0.0,2,0,0,0,0,,
nuscenes_mini_subset,scene-0103_020,yaw,0.5,deg,1,Pedestrian,pedestrian,56.6,13.5,40.9,0.0,2,1,1,0,0,0.0,0.0
nuscenes_mini_subset,scene-0103_020,yaw,0.5,deg,2,Car,vehicle,17.3,234.2,143.6,0.0,0,17,17,17,17,1.0,1.0
nuscenes_mini_subset,scene-0103_020,yaw,0.5,deg,3,Car,vehicle,45.0,89.5,53.0,0.0,0,4,4,4,4,1.0,1.0
nuscenes_mini_subset,scene-0103_020,yaw,0.5,deg,4,Car,vehicle,74.6,37.8,38.3,0.0,2,1,1,1,1,1.0,1.0
nuscenes_mini_subset,scene-0103_020,yaw,0.5,deg,5,Car,vehicle,71.1,39.6,29.5,0.0,2,1,1,0,0,0.0,0.0
nuscenes_mini_subset,scene-0103_020,yaw,0.5,deg,6,Car,vehicle,49.6,92.0,54.3,0.0,2,0,0,0,0,,
nuscenes_mini_subset,scene-0103_020,yaw,0.5,deg,7,Car,vehicle,50.4,98.9,55.6,0.0,2,0,0,0,0,,
nuscenes_mini_subset,scene-0103_020,yaw,0.5,deg,8,Car,vehicle,79.3,37.6,39.7,0.0,2,1,1,1,1,1.0,1.0
nuscenes_mini_subset,scene-0103_020,yaw,0.5,deg,9,Car,vehicle,46.7,127.6,61.5,0.0,2,0,0,0,0,,
nuscenes_mini_subset,scene-0103_020,yaw,0.5,deg,10,Car,vehicle,37.2,68.8,57.2,0.0,0,10,10,9,9,0.9,0.9
nuscenes_mini_subset,scene-0103_020,yaw,0.5,deg,11,Car,vehicle,54.1,56.6,46.0,0.0,2,1,1,1,1,1.0,1.0
nuscenes_mini_subset,scene-0103_020,yaw,0.5,deg,12,Car,vehicle,21.1,271.2,131.4,0.0,2,24,24,24,24,1.0,1.0
nuscenes_mini_subset,scene-0103_020,yaw,0.5,deg,14,Car,vehicle,61.8,57.5,43.1,0.0,2,1,1,1,1,1.0,1.0
nuscenes_mini_subset,scene-0103_020,yaw,0.5,deg,15,Car,vehicle,6.8,194.7,426.1,0.94,0,50,57,50,57,1.0,1.0
nuscenes_mini_subset,scene-0103_020,yaw,0.5,deg,16,Motorcycle,cyclist,38.1,21.6,47.2,0.0,0,0,0,0,0,,
nuscenes_mini_subset,scene-0103_020,yaw,0.5,deg,17,Car,vehicle,47.9,62.0,50.8,0.0,2,0,0,0,0,,
nuscenes_mini_subset,scene-0103_020,yaw,0.5,deg,18,Pedestrian,pedestrian,28.7,37.4,81.6,0.0,2,3,3,2,2,0.6667,0.6667
nuscenes_mini_subset,scene-0103_020,yaw,0.5,deg,19,Truck,vehicle,53.7,88.2,76.0,0.0,0,5,5,5,5,1.0,1.0
nuscenes_mini_subset,scene-0103_020,yaw,0.5,deg,20,Car,vehicle,26.3,170.0,100.7,0.24,1,3,3,3,3,1.0,1.0
nuscenes_mini_subset,scene-0103_020,yaw,0.5,deg,21,Car,vehicle,15.0,411.8,174.7,0.0,0,120,120,120,120,1.0,1.0
nuscenes_mini_subset,scene-0103_020,yaw,0.5,deg,22,Pedestrian,pedestrian,56.7,12.5,42.7,0.0,2,2,2,0,0,0.0,0.0
nuscenes_mini_subset,scene-0103_020,yaw,0.5,deg,23,Car,vehicle,77.0,31.3,32.8,0.0,2,0,0,0,0,,
nuscenes_mini_subset,scene-0103_020,yaw,0.5,deg,24,Car,vehicle,27.4,181.1,104.8,0.0,2,0,0,0,0,,
nuscenes_mini_subset,scene-0103_020,yaw,0.5,deg,25,Car,vehicle,42.1,87.4,59.5,0.0,2,0,0,0,0,,
nuscenes_mini_subset,scene-0103_020,yaw,1.0,deg,0,Car,vehicle,52.2,101.5,54.4,0.0,2,0,0,0,0,,
nuscenes_mini_subset,scene-0103_020,yaw,1.0,deg,1,Pedestrian,pedestrian,56.6,13.5,40.9,0.0,2,1,1,0,0,0.0,0.0
nuscenes_mini_subset,scene-0103_020,yaw,1.0,deg,2,Car,vehicle,17.3,234.2,143.6,0.0,0,17,17,17,17,1.0,1.0
nuscenes_mini_subset,scene-0103_020,yaw,1.0,deg,3,Car,vehicle,45.0,89.5,53.0,0.0,0,4,4,4,4,1.0,1.0
nuscenes_mini_subset,scene-0103_020,yaw,1.0,deg,4,Car,vehicle,74.6,37.8,38.3,0.0,2,1,1,0,0,0.0,0.0
nuscenes_mini_subset,scene-0103_020,yaw,1.0,deg,5,Car,vehicle,71.1,39.6,29.5,0.0,2,1,1,0,0,0.0,0.0
nuscenes_mini_subset,scene-0103_020,yaw,1.0,deg,6,Car,vehicle,49.6,92.0,54.3,0.0,2,0,0,0,0,,
nuscenes_mini_subset,scene-0103_020,yaw,1.0,deg,7,Car,vehicle,50.4,98.9,55.6,0.0,2,0,0,0,0,,
nuscenes_mini_subset,scene-0103_020,yaw,1.0,deg,8,Car,vehicle,79.3,37.6,39.7,0.0,2,1,1,1,1,1.0,1.0
nuscenes_mini_subset,scene-0103_020,yaw,1.0,deg,9,Car,vehicle,46.7,127.6,61.5,0.0,2,0,0,0,0,,
nuscenes_mini_subset,scene-0103_020,yaw,1.0,deg,10,Car,vehicle,37.2,68.8,57.2,0.0,0,10,10,7,7,0.7,0.7
nuscenes_mini_subset,scene-0103_020,yaw,1.0,deg,11,Car,vehicle,54.1,56.6,46.0,0.0,2,1,1,0,0,0.0,0.0
nuscenes_mini_subset,scene-0103_020,yaw,1.0,deg,12,Car,vehicle,21.1,271.2,131.4,0.0,2,24,24,23,23,0.9583,0.9583
nuscenes_mini_subset,scene-0103_020,yaw,1.0,deg,14,Car,vehicle,61.8,57.5,43.1,0.0,2,1,1,1,1,1.0,1.0
nuscenes_mini_subset,scene-0103_020,yaw,1.0,deg,15,Car,vehicle,6.8,194.7,426.1,0.94,0,50,62,50,62,1.0,1.0
nuscenes_mini_subset,scene-0103_020,yaw,1.0,deg,16,Motorcycle,cyclist,38.1,21.6,47.2,0.0,0,0,0,0,0,,
nuscenes_mini_subset,scene-0103_020,yaw,1.0,deg,17,Car,vehicle,47.9,62.0,50.8,0.0,2,0,0,0,0,,
nuscenes_mini_subset,scene-0103_020,yaw,1.0,deg,18,Pedestrian,pedestrian,28.7,37.4,81.6,0.0,2,3,3,1,1,0.3333,0.3333
nuscenes_mini_subset,scene-0103_020,yaw,1.0,deg,19,Truck,vehicle,53.7,88.2,76.0,0.0,0,5,5,5,5,1.0,1.0
nuscenes_mini_subset,scene-0103_020,yaw,1.0,deg,20,Car,vehicle,26.3,170.0,100.7,0.24,1,3,3,3,3,1.0,1.0
nuscenes_mini_subset,scene-0103_020,yaw,1.0,deg,21,Car,vehicle,15.0,411.8,174.7,0.0,0,120,120,120,120,1.0,1.0
nuscenes_mini_subset,scene-0103_020,yaw,1.0,deg,22,Pedestrian,pedestrian,56.7,12.5,42.7,0.0,2,2,2,0,0,0.0,0.0
nuscenes_mini_subset,scene-0103_020,yaw,1.0,deg,23,Car,vehicle,77.0,31.3,32.8,0.0,2,0,0,0,0,,
nuscenes_mini_subset,scene-0103_020,yaw,1.0,deg,24,Car,vehicle,27.4,181.1,104.8,0.0,2,0,0,0,0,,
nuscenes_mini_subset,scene-0103_020,yaw,1.0,deg,25,Car,vehicle,42.1,87.4,59.5,0.0,2,0,0,0,0,,
nuscenes_mini_subset,scene-0103_020,yaw,2.0,deg,0,Car,vehicle,52.2,101.5,54.4,0.0,2,0,0,0,0,,
nuscenes_mini_subset,scene-0103_020,yaw,2.0,deg,1,Pedestrian,pedestrian,56.6,13.5,40.9,0.0,2,1,1,0,0,0.0,0.0
nuscenes_mini_subset,scene-0103_020,yaw,2.0,deg,2,Car,vehicle,17.3,234.2,143.6,0.0,0,17,17,15,15,0.8824,0.8824
nuscenes_mini_subset,scene-0103_020,yaw,2.0,deg,3,Car,vehicle,45.0,89.5,53.0,0.0,0,4,4,2,2,0.5,0.5
nuscenes_mini_subset,scene-0103_020,yaw,2.0,deg,4,Car,vehicle,74.6,37.8,38.3,0.0,2,1,1,0,0,0.0,0.0
nuscenes_mini_subset,scene-0103_020,yaw,2.0,deg,5,Car,vehicle,71.1,39.6,29.5,0.0,2,1,1,0,0,0.0,0.0
nuscenes_mini_subset,scene-0103_020,yaw,2.0,deg,6,Car,vehicle,49.6,92.0,54.3,0.0,2,0,0,0,0,,
nuscenes_mini_subset,scene-0103_020,yaw,2.0,deg,7,Car,vehicle,50.4,98.9,55.6,0.0,2,0,0,0,0,,
nuscenes_mini_subset,scene-0103_020,yaw,2.0,deg,8,Car,vehicle,79.3,37.6,39.7,0.0,2,1,1,0,0,0.0,0.0
nuscenes_mini_subset,scene-0103_020,yaw,2.0,deg,9,Car,vehicle,46.7,127.6,61.5,0.0,2,0,0,0,0,,
nuscenes_mini_subset,scene-0103_020,yaw,2.0,deg,10,Car,vehicle,37.2,68.8,57.2,0.0,0,10,10,4,4,0.4,0.4
nuscenes_mini_subset,scene-0103_020,yaw,2.0,deg,11,Car,vehicle,54.1,56.6,46.0,0.0,2,1,1,0,0,0.0,0.0
nuscenes_mini_subset,scene-0103_020,yaw,2.0,deg,12,Car,vehicle,21.1,271.2,131.4,0.0,2,24,24,18,18,0.75,0.75
nuscenes_mini_subset,scene-0103_020,yaw,2.0,deg,14,Car,vehicle,61.8,57.5,43.1,0.0,2,1,1,0,0,0.0,0.0
nuscenes_mini_subset,scene-0103_020,yaw,2.0,deg,15,Car,vehicle,6.8,194.7,426.1,0.94,0,50,79,45,74,0.9,0.9367
nuscenes_mini_subset,scene-0103_020,yaw,2.0,deg,16,Motorcycle,cyclist,38.1,21.6,47.2,0.0,0,0,0,0,0,,
nuscenes_mini_subset,scene-0103_020,yaw,2.0,deg,17,Car,vehicle,47.9,62.0,50.8,0.0,2,0,0,0,0,,
nuscenes_mini_subset,scene-0103_020,yaw,2.0,deg,18,Pedestrian,pedestrian,28.7,37.4,81.6,0.0,2,3,3,0,0,0.0,0.0
nuscenes_mini_subset,scene-0103_020,yaw,2.0,deg,19,Truck,vehicle,53.7,88.2,76.0,0.0,0,5,5,3,3,0.6,0.6
nuscenes_mini_subset,scene-0103_020,yaw,2.0,deg,20,Car,vehicle,26.3,170.0,100.7,0.24,1,3,3,3,3,1.0,1.0
nuscenes_mini_subset,scene-0103_020,yaw,2.0,deg,21,Car,vehicle,15.0,411.8,174.7,0.0,0,120,120,116,116,0.9667,0.9667
nuscenes_mini_subset,scene-0103_020,yaw,2.0,deg,22,Pedestrian,pedestrian,56.7,12.5,42.7,0.0,2,2,2,0,0,0.0,0.0
nuscenes_mini_subset,scene-0103_020,yaw,2.0,deg,23,Car,vehicle,77.0,31.3,32.8,0.0,2,0,0,0,0,,
nuscenes_mini_subset,scene-0103_020,yaw,2.0,deg,24,Car,vehicle,27.4,181.1,104.8,0.0,2,0,0,0,0,,
nuscenes_mini_subset,scene-0103_020,yaw,2.0,deg,25,Car,vehicle,42.1,87.4,59.5,0.0,2,0,0,0,0,,
nuscenes_mini_subset,scene-0103_020,yaw,3.0,deg,0,Car,vehicle,52.2,101.5,54.4,0.0,2,0,0,0,0,,
nuscenes_mini_subset,scene-0103_020,yaw,3.0,deg,1,Pedestrian,pedestrian,56.6,13.5,40.9,0.0,2,1,1,0,0,0.0,0.0
nuscenes_mini_subset,scene-0103_020,yaw,3.0,deg,2,Car,vehicle,17.3,234.2,143.6,0.0,0,17,17,15,15,0.8824,0.8824
nuscenes_mini_subset,scene-0103_020,yaw,3.0,deg,3,Car,vehicle,45.0,89.5,53.0,0.0,0,4,4,0,0,0.0,0.0
nuscenes_mini_subset,scene-0103_020,yaw,3.0,deg,4,Car,vehicle,74.6,37.8,38.3,0.0,2,1,1,0,0,0.0,0.0
nuscenes_mini_subset,scene-0103_020,yaw,3.0,deg,5,Car,vehicle,71.1,39.6,29.5,0.0,2,1,1,0,0,0.0,0.0
nuscenes_mini_subset,scene-0103_020,yaw,3.0,deg,6,Car,vehicle,49.6,92.0,54.3,0.0,2,0,0,0,0,,
nuscenes_mini_subset,scene-0103_020,yaw,3.0,deg,7,Car,vehicle,50.4,98.9,55.6,0.0,2,0,0,0,0,,
nuscenes_mini_subset,scene-0103_020,yaw,3.0,deg,8,Car,vehicle,79.3,37.6,39.7,0.0,2,1,1,0,0,0.0,0.0
nuscenes_mini_subset,scene-0103_020,yaw,3.0,deg,9,Car,vehicle,46.7,127.6,61.5,0.0,2,0,0,0,0,,
nuscenes_mini_subset,scene-0103_020,yaw,3.0,deg,10,Car,vehicle,37.2,68.8,57.2,0.0,0,10,10,0,0,0.0,0.0
nuscenes_mini_subset,scene-0103_020,yaw,3.0,deg,11,Car,vehicle,54.1,56.6,46.0,0.0,2,1,1,0,0,0.0,0.0
nuscenes_mini_subset,scene-0103_020,yaw,3.0,deg,12,Car,vehicle,21.1,271.2,131.4,0.0,2,24,24,15,15,0.625,0.625
nuscenes_mini_subset,scene-0103_020,yaw,3.0,deg,14,Car,vehicle,61.8,57.5,43.1,0.0,2,1,1,0,0,0.0,0.0
nuscenes_mini_subset,scene-0103_020,yaw,3.0,deg,15,Car,vehicle,6.8,194.7,426.1,0.94,0,50,93,37,79,0.74,0.8495
nuscenes_mini_subset,scene-0103_020,yaw,3.0,deg,16,Motorcycle,cyclist,38.1,21.6,47.2,0.0,0,0,0,0,0,,
nuscenes_mini_subset,scene-0103_020,yaw,3.0,deg,17,Car,vehicle,47.9,62.0,50.8,0.0,2,0,0,0,0,,
nuscenes_mini_subset,scene-0103_020,yaw,3.0,deg,18,Pedestrian,pedestrian,28.7,37.4,81.6,0.0,2,3,3,0,0,0.0,0.0
nuscenes_mini_subset,scene-0103_020,yaw,3.0,deg,19,Truck,vehicle,53.7,88.2,76.0,0.0,0,5,5,0,0,0.0,0.0
nuscenes_mini_subset,scene-0103_020,yaw,3.0,deg,20,Car,vehicle,26.3,170.0,100.7,0.24,1,3,3,3,3,1.0,1.0
nuscenes_mini_subset,scene-0103_020,yaw,3.0,deg,21,Car,vehicle,15.0,411.8,174.7,0.0,0,120,120,107,107,0.8917,0.8917
nuscenes_mini_subset,scene-0103_020,yaw,3.0,deg,22,Pedestrian,pedestrian,56.7,12.5,42.7,0.0,2,2,2,0,0,0.0,0.0
nuscenes_mini_subset,scene-0103_020,yaw,3.0,deg,23,Car,vehicle,77.0,31.3,32.8,0.0,2,0,0,0,0,,
nuscenes_mini_subset,scene-0103_020,yaw,3.0,deg,24,Car,vehicle,27.4,181.1,104.8,0.0,2,0,0,0,0,,
nuscenes_mini_subset,scene-0103_020,yaw,3.0,deg,25,Car,vehicle,42.1,87.4,59.5,0.0,2,0,0,0,0,,
nuscenes_mini_subset,scene-0103_021,yaw,0.0,deg,0,Car,vehicle,51.0,105.9,56.1,0.0,2,0,0,0,0,,
nuscenes_mini_subset,scene-0103_021,yaw,0.0,deg,1,Pedestrian,pedestrian,56.0,13.7,41.3,0.0,2,1,1,1,1,1.0,1.0
nuscenes_mini_subset,scene-0103_021,yaw,0.0,deg,2,Car,vehicle,19.1,160.3,127.5,0.0,0,24,24,24,24,1.0,1.0
nuscenes_mini_subset,scene-0103_021,yaw,0.0,deg,3,Car,vehicle,43.8,94.2,54.9,0.0,0,3,3,3,3,1.0,1.0
nuscenes_mini_subset,scene-0103_021,yaw,0.0,deg,4,Car,vehicle,73.2,38.6,39.1,0.0,2,0,0,0,0,,
nuscenes_mini_subset,scene-0103_021,yaw,0.0,deg,5,Car,vehicle,69.7,40.5,30.2,0.0,2,0,0,0,0,,
nuscenes_mini_subset,scene-0103_021,yaw,0.0,deg,6,Car,vehicle,48.3,95.9,56.0,0.0,2,1,1,1,1,1.0,1.0
nuscenes_mini_subset,scene-0103_021,yaw,0.0,deg,7,Car,vehicle,49.1,103.3,57.4,0.0,2,1,1,1,1,1.0,1.0
nuscenes_mini_subset,scene-0103_021,yaw,0.0,deg,8,Car,vehicle,77.9,38.4,40.5,0.0,2,0,0,0,0,,
nuscenes_mini_subset,scene-0103_021,yaw,0.0,deg,9,Car,vehicle,45.5,134.5,63.7,0.0,2,0,0,0,0,,
nuscenes_mini_subset,scene-0103_021,yaw,0.0,deg,10,Car,vehicle,35.9,72.3,59.6,0.0,0,10,10,10,10,1.0,1.0
nuscenes_mini_subset,scene-0103_021,yaw,0.0,deg,11,Car,vehicle,52.7,58.5,47.2,0.0,2,1,1,1,1,1.0,1.0
nuscenes_mini_subset,scene-0103_021,yaw,0.0,deg,12,Car,vehicle,20.0,301.2,143.1,0.0,2,14,14,14,14,1.0,1.0
nuscenes_mini_subset,scene-0103_021,yaw,0.0,deg,14,Car,vehicle,60.5,59.1,44.3,0.0,2,1,1,1,1,1.0,1.0
nuscenes_mini_subset,scene-0103_021,yaw,0.0,deg,15,Pedestrian,pedestrian,40.9,25.8,57.0,0.0,2,2,2,2,2,1.0,1.0
nuscenes_mini_subset,scene-0103_021,yaw,0.0,deg,16,Car,vehicle,5.8,68.6,452.9,0.99,0,1,1,1,1,1.0,1.0
nuscenes_mini_subset,scene-0103_021,yaw,0.0,deg,17,Motorcycle,cyclist,36.7,23.3,49.2,0.0,0,0,0,0,0,,
nuscenes_mini_subset,scene-0103_021,yaw,0.0,deg,18,Bicycle,cyclist,74.1,15.7,33.2,0.0,0,2,2,2,2,1.0,1.0
nuscenes_mini_subset,scene-0103_021,yaw,0.0,deg,19,Car,vehicle,46.5,64.4,52.4,0.0,2,0,0,0,0,,
nuscenes_mini_subset,scene-0103_021,yaw,0.0,deg,20,Pedestrian,pedestrian,28.1,38.3,83.3,0.0,2,3,3,3,3,1.0,1.0
nuscenes_mini_subset,scene-0103_021,yaw,0.0,deg,21,Truck,vehicle,52.3,91.2,78.1,0.0,0,6,6,6,6,1.0,1.0
nuscenes_mini_subset,scene-0103_021,yaw,0.0,deg,22,Car,vehicle,25.1,134.3,107.9,0.45,0,4,4,3,3,0.75,0.75
nuscenes_mini_subset,scene-0103_021,yaw,0.0,deg,23,Car,vehicle,13.5,502.6,205.8,0.0,0,154,154,154,154,1.0,1.0
nuscenes_mini_subset,scene-0103_021,yaw,0.0,deg,24,Pedestrian,pedestrian,56.1,12.6,43.2,0.0,2,2,2,2,2,1.0,1.0
nuscenes_mini_subset,scene-0103_021,yaw,0.0,deg,25,Car,vehicle,75.7,32.0,33.4,0.0,2,0,0,0,0,,
nuscenes_mini_subset,scene-0103_021,yaw,0.0,deg,26,Car,vehicle,26.1,196.2,111.8,0.0,2,1,1,1,1,1.0,1.0
nuscenes_mini_subset,scene-0103_021,yaw,0.0,deg,27,Car,vehicle,40.8,91.2,61.7,0.0,2,0,0,0,0,,
nuscenes_mini_subset,scene-0103_021,yaw,0.5,deg,0,Car,vehicle,51.0,105.9,56.1,0.0,2,0,0,0,0,,
nuscenes_mini_subset,scene-0103_021,yaw,0.5,deg,1,Pedestrian,pedestrian,56.0,13.7,41.3,0.0,2,1,1,0,0,0.0,0.0
nuscenes_mini_subset,scene-0103_021,yaw,0.5,deg,2,Car,vehicle,19.1,160.3,127.5,0.0,0,24,24,24,24,1.0,1.0
nuscenes_mini_subset,scene-0103_021,yaw,0.5,deg,3,Car,vehicle,43.8,94.2,54.9,0.0,0,3,3,3,3,1.0,1.0
nuscenes_mini_subset,scene-0103_021,yaw,0.5,deg,4,Car,vehicle,73.2,38.6,39.1,0.0,2,0,0,0,0,,
nuscenes_mini_subset,scene-0103_021,yaw,0.5,deg,5,Car,vehicle,69.7,40.5,30.2,0.0,2,0,0,0,0,,
nuscenes_mini_subset,scene-0103_021,yaw,0.5,deg,6,Car,vehicle,48.3,95.9,56.0,0.0,2,1,1,1,1,1.0,1.0
nuscenes_mini_subset,scene-0103_021,yaw,0.5,deg,7,Car,vehicle,49.1,103.3,57.4,0.0,2,1,1,1,1,1.0,1.0
nuscenes_mini_subset,scene-0103_021,yaw,0.5,deg,8,Car,vehicle,77.9,38.4,40.5,0.0,2,0,0,0,0,,
nuscenes_mini_subset,scene-0103_021,yaw,0.5,deg,9,Car,vehicle,45.5,134.5,63.7,0.0,2,0,0,0,0,,
nuscenes_mini_subset,scene-0103_021,yaw,0.5,deg,10,Car,vehicle,35.9,72.3,59.6,0.0,0,10,10,9,9,0.9,0.9
nuscenes_mini_subset,scene-0103_021,yaw,0.5,deg,11,Car,vehicle,52.7,58.5,47.2,0.0,2,1,1,1,1,1.0,1.0
nuscenes_mini_subset,scene-0103_021,yaw,0.5,deg,12,Car,vehicle,20.0,301.2,143.1,0.0,2,14,14,14,14,1.0,1.0
nuscenes_mini_subset,scene-0103_021,yaw,0.5,deg,14,Car,vehicle,60.5,59.1,44.3,0.0,2,1,1,1,1,1.0,1.0
nuscenes_mini_subset,scene-0103_021,yaw,0.5,deg,15,Pedestrian,pedestrian,40.9,25.8,57.0,0.0,2,2,2,2,2,1.0,1.0
nuscenes_mini_subset,scene-0103_021,yaw,0.5,deg,16,Car,vehicle,5.8,68.6,452.9,0.99,0,1,7,1,7,1.0,1.0
nuscenes_mini_subset,scene-0103_021,yaw,0.5,deg,17,Motorcycle,cyclist,36.7,23.3,49.2,0.0,0,0,0,0,0,,
nuscenes_mini_subset,scene-0103_021,yaw,0.5,deg,18,Bicycle,cyclist,74.1,15.7,33.2,0.0,0,2,2,0,0,0.0,0.0
nuscenes_mini_subset,scene-0103_021,yaw,0.5,deg,19,Car,vehicle,46.5,64.4,52.4,0.0,2,0,0,0,0,,
nuscenes_mini_subset,scene-0103_021,yaw,0.5,deg,20,Pedestrian,pedestrian,28.1,38.3,83.3,0.0,2,3,3,2,2,0.6667,0.6667
nuscenes_mini_subset,scene-0103_021,yaw,0.5,deg,21,Truck,vehicle,52.3,91.2,78.1,0.0,0,6,6,6,6,1.0,1.0
nuscenes_mini_subset,scene-0103_021,yaw,0.5,deg,22,Car,vehicle,25.1,134.3,107.9,0.45,0,4,5,4,5,1.0,1.0
nuscenes_mini_subset,scene-0103_021,yaw,0.5,deg,23,Car,vehicle,13.5,502.6,205.8,0.0,0,154,154,154,154,1.0,1.0
nuscenes_mini_subset,scene-0103_021,yaw,0.5,deg,24,Pedestrian,pedestrian,56.1,12.6,43.2,0.0,2,2,2,0,0,0.0,0.0
nuscenes_mini_subset,scene-0103_021,yaw,0.5,deg,25,Car,vehicle,75.7,32.0,33.4,0.0,2,0,0,0,0,,
nuscenes_mini_subset,scene-0103_021,yaw,0.5,deg,26,Car,vehicle,26.1,196.2,111.8,0.0,2,1,1,1,1,1.0,1.0
nuscenes_mini_subset,scene-0103_021,yaw,0.5,deg,27,Car,vehicle,40.8,91.2,61.7,0.0,2,0,0,0,0,,
nuscenes_mini_subset,scene-0103_021,yaw,1.0,deg,0,Car,vehicle,51.0,105.9,56.1,0.0,2,0,0,0,0,,
nuscenes_mini_subset,scene-0103_021,yaw,1.0,deg,1,Pedestrian,pedestrian,56.0,13.7,41.3,0.0,2,1,1,0,0,0.0,0.0
nuscenes_mini_subset,scene-0103_021,yaw,1.0,deg,2,Car,vehicle,19.1,160.3,127.5,0.0,0,24,24,21,21,0.875,0.875
nuscenes_mini_subset,scene-0103_021,yaw,1.0,deg,3,Car,vehicle,43.8,94.2,54.9,0.0,0,3,3,3,3,1.0,1.0
nuscenes_mini_subset,scene-0103_021,yaw,1.0,deg,4,Car,vehicle,73.2,38.6,39.1,0.0,2,0,0,0,0,,
nuscenes_mini_subset,scene-0103_021,yaw,1.0,deg,5,Car,vehicle,69.7,40.5,30.2,0.0,2,0,0,0,0,,
nuscenes_mini_subset,scene-0103_021,yaw,1.0,deg,6,Car,vehicle,48.3,95.9,56.0,0.0,2,1,1,1,1,1.0,1.0
nuscenes_mini_subset,scene-0103_021,yaw,1.0,deg,7,Car,vehicle,49.1,103.3,57.4,0.0,2,1,1,1,1,1.0,1.0
nuscenes_mini_subset,scene-0103_021,yaw,1.0,deg,8,Car,vehicle,77.9,38.4,40.5,0.0,2,0,0,0,0,,
nuscenes_mini_subset,scene-0103_021,yaw,1.0,deg,9,Car,vehicle,45.5,134.5,63.7,0.0,2,0,0,0,0,,
nuscenes_mini_subset,scene-0103_021,yaw,1.0,deg,10,Car,vehicle,35.9,72.3,59.6,0.0,0,10,10,7,7,0.7,0.7
nuscenes_mini_subset,scene-0103_021,yaw,1.0,deg,11,Car,vehicle,52.7,58.5,47.2,0.0,2,1,1,0,0,0.0,0.0
nuscenes_mini_subset,scene-0103_021,yaw,1.0,deg,12,Car,vehicle,20.0,301.2,143.1,0.0,2,14,14,12,12,0.8571,0.8571
nuscenes_mini_subset,scene-0103_021,yaw,1.0,deg,14,Car,vehicle,60.5,59.1,44.3,0.0,2,1,1,1,1,1.0,1.0
nuscenes_mini_subset,scene-0103_021,yaw,1.0,deg,15,Pedestrian,pedestrian,40.9,25.8,57.0,0.0,2,2,2,0,0,0.0,0.0
nuscenes_mini_subset,scene-0103_021,yaw,1.0,deg,16,Car,vehicle,5.8,68.6,452.9,0.99,0,1,11,1,11,1.0,1.0
nuscenes_mini_subset,scene-0103_021,yaw,1.0,deg,17,Motorcycle,cyclist,36.7,23.3,49.2,0.0,0,0,0,0,0,,
nuscenes_mini_subset,scene-0103_021,yaw,1.0,deg,18,Bicycle,cyclist,74.1,15.7,33.2,0.0,0,2,2,0,0,0.0,0.0
nuscenes_mini_subset,scene-0103_021,yaw,1.0,deg,19,Car,vehicle,46.5,64.4,52.4,0.0,2,0,0,0,0,,
nuscenes_mini_subset,scene-0103_021,yaw,1.0,deg,20,Pedestrian,pedestrian,28.1,38.3,83.3,0.0,2,3,3,1,1,0.3333,0.3333
nuscenes_mini_subset,scene-0103_021,yaw,1.0,deg,21,Truck,vehicle,52.3,91.2,78.1,0.0,0,6,6,6,6,1.0,1.0
nuscenes_mini_subset,scene-0103_021,yaw,1.0,deg,22,Car,vehicle,25.1,134.3,107.9,0.45,0,4,5,4,5,1.0,1.0
nuscenes_mini_subset,scene-0103_021,yaw,1.0,deg,23,Car,vehicle,13.5,502.6,205.8,0.0,0,154,154,153,153,0.9935,0.9935
nuscenes_mini_subset,scene-0103_021,yaw,1.0,deg,24,Pedestrian,pedestrian,56.1,12.6,43.2,0.0,2,2,2,0,0,0.0,0.0
nuscenes_mini_subset,scene-0103_021,yaw,1.0,deg,25,Car,vehicle,75.7,32.0,33.4,0.0,2,0,0,0,0,,
nuscenes_mini_subset,scene-0103_021,yaw,1.0,deg,26,Car,vehicle,26.1,196.2,111.8,0.0,2,1,1,1,1,1.0,1.0
nuscenes_mini_subset,scene-0103_021,yaw,1.0,deg,27,Car,vehicle,40.8,91.2,61.7,0.0,2,0,0,0,0,,
nuscenes_mini_subset,scene-0103_021,yaw,2.0,deg,0,Car,vehicle,51.0,105.9,56.1,0.0,2,0,0,0,0,,
nuscenes_mini_subset,scene-0103_021,yaw,2.0,deg,1,Pedestrian,pedestrian,56.0,13.7,41.3,0.0,2,1,1,0,0,0.0,0.0
nuscenes_mini_subset,scene-0103_021,yaw,2.0,deg,2,Car,vehicle,19.1,160.3,127.5,0.0,0,24,24,17,17,0.7083,0.7083
nuscenes_mini_subset,scene-0103_021,yaw,2.0,deg,3,Car,vehicle,43.8,94.2,54.9,0.0,0,3,3,2,2,0.6667,0.6667
nuscenes_mini_subset,scene-0103_021,yaw,2.0,deg,4,Car,vehicle,73.2,38.6,39.1,0.0,2,0,0,0,0,,
nuscenes_mini_subset,scene-0103_021,yaw,2.0,deg,5,Car,vehicle,69.7,40.5,30.2,0.0,2,0,0,0,0,,
nuscenes_mini_subset,scene-0103_021,yaw,2.0,deg,6,Car,vehicle,48.3,95.9,56.0,0.0,2,1,1,1,1,1.0,1.0
nuscenes_mini_subset,scene-0103_021,yaw,2.0,deg,7,Car,vehicle,49.1,103.3,57.4,0.0,2,1,1,1,1,1.0,1.0
nuscenes_mini_subset,scene-0103_021,yaw,2.0,deg,8,Car,vehicle,77.9,38.4,40.5,0.0,2,0,0,0,0,,
nuscenes_mini_subset,scene-0103_021,yaw,2.0,deg,9,Car,vehicle,45.5,134.5,63.7,0.0,2,0,0,0,0,,
nuscenes_mini_subset,scene-0103_021,yaw,2.0,deg,10,Car,vehicle,35.9,72.3,59.6,0.0,0,10,10,4,4,0.4,0.4
nuscenes_mini_subset,scene-0103_021,yaw,2.0,deg,11,Car,vehicle,52.7,58.5,47.2,0.0,2,1,1,0,0,0.0,0.0
nuscenes_mini_subset,scene-0103_021,yaw,2.0,deg,12,Car,vehicle,20.0,301.2,143.1,0.0,2,14,14,9,9,0.6429,0.6429
nuscenes_mini_subset,scene-0103_021,yaw,2.0,deg,14,Car,vehicle,60.5,59.1,44.3,0.0,2,1,1,0,0,0.0,0.0
nuscenes_mini_subset,scene-0103_021,yaw,2.0,deg,15,Pedestrian,pedestrian,40.9,25.8,57.0,0.0,2,2,2,0,0,0.0,0.0
nuscenes_mini_subset,scene-0103_021,yaw,2.0,deg,16,Car,vehicle,5.8,68.6,452.9,0.99,0,1,22,0,21,0.0,0.9545
nuscenes_mini_subset,scene-0103_021,yaw,2.0,deg,17,Motorcycle,cyclist,36.7,23.3,49.2,0.0,0,0,0,0,0,,
nuscenes_mini_subset,scene-0103_021,yaw,2.0,deg,18,Bicycle,cyclist,74.1,15.7,33.2,0.0,0,2,2,0,0,0.0,0.0
nuscenes_mini_subset,scene-0103_021,yaw,2.0,deg,19,Car,vehicle,46.5,64.4,52.4,0.0,2,0,0,0,0,,
nuscenes_mini_subset,scene-0103_021,yaw,2.0,deg,20,Pedestrian,pedestrian,28.1,38.3,83.3,0.0,2,3,3,0,0,0.0,0.0
nuscenes_mini_subset,scene-0103_021,yaw,2.0,deg,21,Truck,vehicle,52.3,91.2,78.1,0.0,0,6,6,4,4,0.6667,0.6667
nuscenes_mini_subset,scene-0103_021,yaw,2.0,deg,22,Car,vehicle,25.1,134.3,107.9,0.45,0,4,6,4,6,1.0,1.0
nuscenes_mini_subset,scene-0103_021,yaw,2.0,deg,23,Car,vehicle,13.5,502.6,205.8,0.0,0,154,154,150,150,0.974,0.974
nuscenes_mini_subset,scene-0103_021,yaw,2.0,deg,24,Pedestrian,pedestrian,56.1,12.6,43.2,0.0,2,2,2,0,0,0.0,0.0
nuscenes_mini_subset,scene-0103_021,yaw,2.0,deg,25,Car,vehicle,75.7,32.0,33.4,0.0,2,0,0,0,0,,
nuscenes_mini_subset,scene-0103_021,yaw,2.0,deg,26,Car,vehicle,26.1,196.2,111.8,0.0,2,1,1,1,1,1.0,1.0
nuscenes_mini_subset,scene-0103_021,yaw,2.0,deg,27,Car,vehicle,40.8,91.2,61.7,0.0,2,0,0,0,0,,
nuscenes_mini_subset,scene-0103_021,yaw,3.0,deg,0,Car,vehicle,51.0,105.9,56.1,0.0,2,0,0,0,0,,
nuscenes_mini_subset,scene-0103_021,yaw,3.0,deg,1,Pedestrian,pedestrian,56.0,13.7,41.3,0.0,2,1,1,0,0,0.0,0.0
nuscenes_mini_subset,scene-0103_021,yaw,3.0,deg,2,Car,vehicle,19.1,160.3,127.5,0.0,0,24,24,16,16,0.6667,0.6667
nuscenes_mini_subset,scene-0103_021,yaw,3.0,deg,3,Car,vehicle,43.8,94.2,54.9,0.0,0,3,3,0,0,0.0,0.0
nuscenes_mini_subset,scene-0103_021,yaw,3.0,deg,4,Car,vehicle,73.2,38.6,39.1,0.0,2,0,0,0,0,,
nuscenes_mini_subset,scene-0103_021,yaw,3.0,deg,5,Car,vehicle,69.7,40.5,30.2,0.0,2,0,0,0,0,,
nuscenes_mini_subset,scene-0103_021,yaw,3.0,deg,6,Car,vehicle,48.3,95.9,56.0,0.0,2,1,1,1,1,1.0,1.0
nuscenes_mini_subset,scene-0103_021,yaw,3.0,deg,7,Car,vehicle,49.1,103.3,57.4,0.0,2,1,1,0,0,0.0,0.0
nuscenes_mini_subset,scene-0103_021,yaw,3.0,deg,8,Car,vehicle,77.9,38.4,40.5,0.0,2,0,0,0,0,,
nuscenes_mini_subset,scene-0103_021,yaw,3.0,deg,9,Car,vehicle,45.5,134.5,63.7,0.0,2,0,0,0,0,,
nuscenes_mini_subset,scene-0103_021,yaw,3.0,deg,10,Car,vehicle,35.9,72.3,59.6,0.0,0,10,10,0,0,0.0,0.0
nuscenes_mini_subset,scene-0103_021,yaw,3.0,deg,11,Car,vehicle,52.7,58.5,47.2,0.0,2,1,1,0,0,0.0,0.0
nuscenes_mini_subset,scene-0103_021,yaw,3.0,deg,12,Car,vehicle,20.0,301.2,143.1,0.0,2,14,11,7,7,0.5,0.6364
nuscenes_mini_subset,scene-0103_021,yaw,3.0,deg,14,Car,vehicle,60.5,59.1,44.3,0.0,2,1,1,0,0,0.0,0.0
nuscenes_mini_subset,scene-0103_021,yaw,3.0,deg,15,Pedestrian,pedestrian,40.9,25.8,57.0,0.0,2,2,2,0,0,0.0,0.0
nuscenes_mini_subset,scene-0103_021,yaw,3.0,deg,16,Car,vehicle,5.8,68.6,452.9,0.99,0,1,31,0,20,0.0,0.6452
nuscenes_mini_subset,scene-0103_021,yaw,3.0,deg,17,Motorcycle,cyclist,36.7,23.3,49.2,0.0,0,0,0,0,0,,
nuscenes_mini_subset,scene-0103_021,yaw,3.0,deg,18,Bicycle,cyclist,74.1,15.7,33.2,0.0,0,2,2,0,0,0.0,0.0
nuscenes_mini_subset,scene-0103_021,yaw,3.0,deg,19,Car,vehicle,46.5,64.4,52.4,0.0,2,0,0,0,0,,
nuscenes_mini_subset,scene-0103_021,yaw,3.0,deg,20,Pedestrian,pedestrian,28.1,38.3,83.3,0.0,2,3,3,0,0,0.0,0.0
nuscenes_mini_subset,scene-0103_021,yaw,3.0,deg,21,Truck,vehicle,52.3,91.2,78.1,0.0,0,6,6,1,1,0.1667,0.1667
nuscenes_mini_subset,scene-0103_021,yaw,3.0,deg,22,Car,vehicle,25.1,134.3,107.9,0.45,0,4,6,4,6,1.0,1.0
nuscenes_mini_subset,scene-0103_021,yaw,3.0,deg,23,Car,vehicle,13.5,502.6,205.8,0.0,0,154,151,146,146,0.9481,0.9669
nuscenes_mini_subset,scene-0103_021,yaw,3.0,deg,24,Pedestrian,pedestrian,56.1,12.6,43.2,0.0,2,2,2,0,0,0.0,0.0
nuscenes_mini_subset,scene-0103_021,yaw,3.0,deg,25,Car,vehicle,75.7,32.0,33.4,0.0,2,0,0,0,0,,
nuscenes_mini_subset,scene-0103_021,yaw,3.0,deg,26,Car,vehicle,26.1,196.2,111.8,0.0,2,1,1,1,1,1.0,1.0
nuscenes_mini_subset,scene-0103_021,yaw,3.0,deg,27,Car,vehicle,40.8,91.2,61.7,0.0,2,0,0,0,0,,
nuscenes_mini_subset,scene-0103_022,yaw,0.0,deg,0,Car,vehicle,49.7,110.7,57.9,0.0,2,0,0,0,0,,
nuscenes_mini_subset,scene-0103_022,yaw,0.0,deg,1,Pedestrian,pedestrian,55.4,13.9,41.8,0.0,2,2,2,2,2,1.0,1.0
nuscenes_mini_subset,scene-0103_022,yaw,0.0,deg,2,Car,vehicle,21.0,133.1,114.0,0.0,0,7,7,7,7,1.0,1.0
nuscenes_mini_subset,scene-0103_022,yaw,0.0,deg,3,Car,vehicle,42.5,99.3,57.0,0.0,0,4,4,4,4,1.0,1.0
nuscenes_mini_subset,scene-0103_022,yaw,0.0,deg,4,Car,vehicle,71.8,39.5,39.9,0.0,2,0,0,0,0,,
nuscenes_mini_subset,scene-0103_022,yaw,0.0,deg,5,Car,vehicle,68.3,41.6,31.2,0.0,2,0,0,0,0,,
nuscenes_mini_subset,scene-0103_022,yaw,0.0,deg,6,Car,vehicle,46.9,100.2,57.9,0.0,2,1,1,1,1,1.0,1.0
nuscenes_mini_subset,scene-0103_022,yaw,0.0,deg,7,Car,vehicle,47.7,108.1,59.3,0.0,2,2,2,2,2,1.0,1.0
nuscenes_mini_subset,scene-0103_022,yaw,0.0,deg,8,Car,vehicle,76.5,39.2,41.3,0.0,2,0,0,0,0,,
nuscenes_mini_subset,scene-0103_022,yaw,0.0,deg,9,Car,vehicle,44.3,139.0,66.2,0.02,1,2,2,2,2,1.0,1.0
nuscenes_mini_subset,scene-0103_022,yaw,0.0,deg,10,Car,vehicle,34.5,76.2,62.1,0.0,0,10,10,10,10,1.0,1.0
nuscenes_mini_subset,scene-0103_022,yaw,0.0,deg,11,Car,vehicle,51.3,60.5,48.7,0.0,2,1,1,1,1,1.0,1.0
nuscenes_mini_subset,scene-0103_022,yaw,0.0,deg,12,Car,vehicle,18.9,314.2,157.9,0.07,2,3,3,3,3,1.0,1.0
nuscenes_mini_subset,scene-0103_022,yaw,0.0,deg,14,Car,vehicle,59.1,60.8,45.5,0.0,2,0,0,0,0,,
nuscenes_mini_subset,scene-0103_022,yaw,0.0,deg,15,Pedestrian,pedestrian,40.1,26.9,58.3,0.0,2,1,1,1,1,1.0,1.0
nuscenes_mini_subset,scene-0103_022,yaw,0.0,deg,16,Motorcycle,cyclist,35.4,23.4,51.2,0.0,0,0,0,0,0,,
nuscenes_mini_subset,scene-0103_022,yaw,0.0,deg,17,Bicycle,cyclist,70.1,16.8,35.2,0.0,0,1,1,1,1,1.0,1.0
nuscenes_mini_subset,scene-0103_022,yaw,0.0,deg,18,Car,vehicle,45.1,66.9,54.1,0.0,2,0,0,0,0,,
nuscenes_mini_subset,scene-0103_022,yaw,0.0,deg,19,Pedestrian,pedestrian,27.6,38.8,85.3,0.0,2,3,3,3,3,1.0,1.0
nuscenes_mini_subset,scene-0103_022,yaw,0.0,deg,20,Truck,vehicle,50.9,94.5,80.5,0.0,0,7,7,7,7,1.0,1.0
nuscenes_mini_subset,scene-0103_022,yaw,0.0,deg,21,Car,vehicle,23.9,95.5,116.3,0.65,0,1,1,1,1,1.0,1.0
nuscenes_mini_subset,scene-0103_022,yaw,0.0,deg,22,Car,vehicle,12.0,487.6,251.2,0.23,0,161,161,161,161,1.0,1.0
nuscenes_mini_subset,scene-0103_022,yaw,0.0,deg,23,Pedestrian,pedestrian,55.4,12.8,43.7,0.0,2,1,1,1,1,1.0,1.0
nuscenes_mini_subset,scene-0103_022,yaw,0.0,deg,24,Car,vehicle,74.3,32.7,34.2,0.0,2,0,0,0,0,,
nuscenes_mini_subset,scene-0103_022,yaw,0.0,deg,25,Car,vehicle,24.7,213.9,120.1,0.0,2,0,0,0,0,,
nuscenes_mini_subset,scene-0103_022,yaw,0.0,deg,26,Car,vehicle,39.4,95.4,64.1,0.0,2,1,1,1,1,1.0,1.0
nuscenes_mini_subset,scene-0103_022,yaw,0.5,deg,0,Car,vehicle,49.7,110.7,57.9,0.0,2,0,0,0,0,,
nuscenes_mini_subset,scene-0103_022,yaw,0.5,deg,1,Pedestrian,pedestrian,55.4,13.9,41.8,0.0,2,2,2,0,0,0.0,0.0
nuscenes_mini_subset,scene-0103_022,yaw,0.5,deg,2,Car,vehicle,21.0,133.1,114.0,0.0,0,7,7,7,7,1.0,1.0
nuscenes_mini_subset,scene-0103_022,yaw,0.5,deg,3,Car,vehicle,42.5,99.3,57.0,0.0,0,4,4,4,4,1.0,1.0
nuscenes_mini_subset,scene-0103_022,yaw,0.5,deg,4,Car,vehicle,71.8,39.5,39.9,0.0,2,0,0,0,0,,
nuscenes_mini_subset,scene-0103_022,yaw,0.5,deg,5,Car,vehicle,68.3,41.6,31.2,0.0,2,0,0,0,0,,
nuscenes_mini_subset,scene-0103_022,yaw,0.5,deg,6,Car,vehicle,46.9,100.2,57.9,0.0,2,1,1,1,1,1.0,1.0
nuscenes_mini_subset,scene-0103_022,yaw,0.5,deg,7,Car,vehicle,47.7,108.1,59.3,0.0,2,2,2,2,2,1.0,1.0
nuscenes_mini_subset,scene-0103_022,yaw,0.5,deg,8,Car,vehicle,76.5,39.2,41.3,0.0,2,0,0,0,0,,
nuscenes_mini_subset,scene-0103_022,yaw,0.5,deg,9,Car,vehicle,44.3,139.0,66.2,0.02,1,2,2,2,2,1.0,1.0
nuscenes_mini_subset,scene-0103_022,yaw,0.5,deg,10,Car,vehicle,34.5,76.2,62.1,0.0,0,10,10,10,10,1.0,1.0
nuscenes_mini_subset,scene-0103_022,yaw,0.5,deg,11,Car,vehicle,51.3,60.5,48.7,0.0,2,1,1,1,1,1.0,1.0
nuscenes_mini_subset,scene-0103_022,yaw,0.5,deg,12,Car,vehicle,18.9,314.2,157.9,0.07,2,3,3,3,3,1.0,1.0
nuscenes_mini_subset,scene-0103_022,yaw,0.5,deg,14,Car,vehicle,59.1,60.8,45.5,0.0,2,0,0,0,0,,
nuscenes_mini_subset,scene-0103_022,yaw,0.5,deg,15,Pedestrian,pedestrian,40.1,26.9,58.3,0.0,2,1,1,1,1,1.0,1.0
nuscenes_mini_subset,scene-0103_022,yaw,0.5,deg,16,Motorcycle,cyclist,35.4,23.4,51.2,0.0,0,0,0,0,0,,
nuscenes_mini_subset,scene-0103_022,yaw,0.5,deg,17,Bicycle,cyclist,70.1,16.8,35.2,0.0,0,1,1,1,1,1.0,1.0
nuscenes_mini_subset,scene-0103_022,yaw,0.5,deg,18,Car,vehicle,45.1,66.9,54.1,0.0,2,0,0,0,0,,
nuscenes_mini_subset,scene-0103_022,yaw,0.5,deg,19,Pedestrian,pedestrian,27.6,38.8,85.3,0.0,2,3,3,2,2,0.6667,0.6667
nuscenes_mini_subset,scene-0103_022,yaw,0.5,deg,20,Truck,vehicle,50.9,94.5,80.5,0.0,0,7,7,7,7,1.0,1.0
nuscenes_mini_subset,scene-0103_022,yaw,0.5,deg,21,Car,vehicle,23.9,95.5,116.3,0.65,0,1,1,1,1,1.0,1.0
nuscenes_mini_subset,scene-0103_022,yaw,0.5,deg,22,Car,vehicle,12.0,487.6,251.2,0.23,0,161,157,157,157,0.9752,1.0
nuscenes_mini_subset,scene-0103_022,yaw,0.5,deg,23,Pedestrian,pedestrian,55.4,12.8,43.7,0.0,2,1,1,0,0,0.0,0.0
nuscenes_mini_subset,scene-0103_022,yaw,0.5,deg,24,Car,vehicle,74.3,32.7,34.2,0.0,2,0,0,0,0,,
nuscenes_mini_subset,scene-0103_022,yaw,0.5,deg,25,Car,vehicle,24.7,213.9,120.1,0.0,2,0,0,0,0,,
nuscenes_mini_subset,scene-0103_022,yaw,0.5,deg,26,Car,vehicle,39.4,95.4,64.1,0.0,2,1,1,1,1,1.0,1.0
nuscenes_mini_subset,scene-0103_022,yaw,1.0,deg,0,Car,vehicle,49.7,110.7,57.9,0.0,2,0,0,0,0,,
nuscenes_mini_subset,scene-0103_022,yaw,1.0,deg,1,Pedestrian,pedestrian,55.4,13.9,41.8,0.0,2,2,2,0,0,0.0,0.0
nuscenes_mini_subset,scene-0103_022,yaw,1.0,deg,2,Car,vehicle,21.0,133.1,114.0,0.0,0,7,7,6,6,0.8571,0.8571
nuscenes_mini_subset,scene-0103_022,yaw,1.0,deg,3,Car,vehicle,42.5,99.3,57.0,0.0,0,4,4,4,4,1.0,1.0
nuscenes_mini_subset,scene-0103_022,yaw,1.0,deg,4,Car,vehicle,71.8,39.5,39.9,0.0,2,0,0,0,0,,
nuscenes_mini_subset,scene-0103_022,yaw,1.0,deg,5,Car,vehicle,68.3,41.6,31.2,0.0,2,0,0,0,0,,
nuscenes_mini_subset,scene-0103_022,yaw,1.0,deg,6,Car,vehicle,46.9,100.2,57.9,0.0,2,1,1,1,1,1.0,1.0
nuscenes_mini_subset,scene-0103_022,yaw,1.0,deg,7,Car,vehicle,47.7,108.1,59.3,0.0,2,2,2,2,2,1.0,1.0
nuscenes_mini_subset,scene-0103_022,yaw,1.0,deg,8,Car,vehicle,76.5,39.2,41.3,0.0,2,0,0,0,0,,
nuscenes_mini_subset,scene-0103_022,yaw,1.0,deg,9,Car,vehicle,44.3,139.0,66.2,0.02,1,2,2,1,1,0.5,0.5
nuscenes_mini_subset,scene-0103_022,yaw,1.0,deg,10,Car,vehicle,34.5,76.2,62.1,0.0,0,10,10,7,7,0.7,0.7
nuscenes_mini_subset,scene-0103_022,yaw,1.0,deg,11,Car,vehicle,51.3,60.5,48.7,0.0,2,1,1,0,0,0.0,0.0
nuscenes_mini_subset,scene-0103_022,yaw,1.0,deg,12,Car,vehicle,18.9,314.2,157.9,0.07,2,3,3,3,3,1.0,1.0
nuscenes_mini_subset,scene-0103_022,yaw,1.0,deg,14,Car,vehicle,59.1,60.8,45.5,0.0,2,0,0,0,0,,
nuscenes_mini_subset,scene-0103_022,yaw,1.0,deg,15,Pedestrian,pedestrian,40.1,26.9,58.3,0.0,2,1,1,0,0,0.0,0.0
nuscenes_mini_subset,scene-0103_022,yaw,1.0,deg,16,Motorcycle,cyclist,35.4,23.4,51.2,0.0,0,0,0,0,0,,
nuscenes_mini_subset,scene-0103_022,yaw,1.0,deg,17,Bicycle,cyclist,70.1,16.8,35.2,0.0,0,1,1,0,0,0.0,0.0
nuscenes_mini_subset,scene-0103_022,yaw,1.0,deg,18,Car,vehicle,45.1,66.9,54.1,0.0,2,0,0,0,0,,
nuscenes_mini_subset,scene-0103_022,yaw,1.0,deg,19,Pedestrian,pedestrian,27.6,38.8,85.3,0.0,2,3,3,1,1,0.3333,0.3333
nuscenes_mini_subset,scene-0103_022,yaw,1.0,deg,20,Truck,vehicle,50.9,94.5,80.5,0.0,0,7,7,7,7,1.0,1.0
nuscenes_mini_subset,scene-0103_022,yaw,1.0,deg,21,Car,vehicle,23.9,95.5,116.3,0.65,0,1,1,0,0,0.0,0.0
nuscenes_mini_subset,scene-0103_022,yaw,1.0,deg,22,Car,vehicle,12.0,487.6,251.2,0.23,0,161,153,153,153,0.9503,1.0
nuscenes_mini_subset,scene-0103_022,yaw,1.0,deg,23,Pedestrian,pedestrian,55.4,12.8,43.7,0.0,2,1,1,0,0,0.0,0.0
nuscenes_mini_subset,scene-0103_022,yaw,1.0,deg,24,Car,vehicle,74.3,32.7,34.2,0.0,2,0,0,0,0,,
nuscenes_mini_subset,scene-0103_022,yaw,1.0,deg,25,Car,vehicle,24.7,213.9,120.1,0.0,2,0,0,0,0,,
nuscenes_mini_subset,scene-0103_022,yaw,1.0,deg,26,Car,vehicle,39.4,95.4,64.1,0.0,2,1,1,0,0,0.0,0.0
nuscenes_mini_subset,scene-0103_022,yaw,2.0,deg,0,Car,vehicle,49.7,110.7,57.9,0.0,2,0,0,0,0,,
nuscenes_mini_subset,scene-0103_022,yaw,2.0,deg,1,Pedestrian,pedestrian,55.4,13.9,41.8,0.0,2,2,2,0,0,0.0,0.0
nuscenes_mini_subset,scene-0103_022,yaw,2.0,deg,2,Car,vehicle,21.0,133.1,114.0,0.0,0,7,7,6,6,0.8571,0.8571
nuscenes_mini_subset,scene-0103_022,yaw,2.0,deg,3,Car,vehicle,42.5,99.3,57.0,0.0,0,4,4,4,4,1.0,1.0
nuscenes_mini_subset,scene-0103_022,yaw,2.0,deg,4,Car,vehicle,71.8,39.5,39.9,0.0,2,0,0,0,0,,
nuscenes_mini_subset,scene-0103_022,yaw,2.0,deg,5,Car,vehicle,68.3,41.6,31.2,0.0,2,0,0,0,0,,
nuscenes_mini_subset,scene-0103_022,yaw,2.0,deg,6,Car,vehicle,46.9,100.2,57.9,0.0,2,1,1,1,1,1.0,1.0
nuscenes_mini_subset,scene-0103_022,yaw,2.0,deg,7,Car,vehicle,47.7,108.1,59.3,0.0,2,2,2,2,2,1.0,1.0
nuscenes_mini_subset,scene-0103_022,yaw,2.0,deg,8,Car,vehicle,76.5,39.2,41.3,0.0,2,0,0,0,0,,
nuscenes_mini_subset,scene-0103_022,yaw,2.0,deg,9,Car,vehicle,44.3,139.0,66.2,0.02,1,2,2,1,1,0.5,0.5
nuscenes_mini_subset,scene-0103_022,yaw,2.0,deg,10,Car,vehicle,34.5,76.2,62.1,0.0,0,10,10,4,4,0.4,0.4
nuscenes_mini_subset,scene-0103_022,yaw,2.0,deg,11,Car,vehicle,51.3,60.5,48.7,0.0,2,1,1,0,0,0.0,0.0
nuscenes_mini_subset,scene-0103_022,yaw,2.0,deg,12,Car,vehicle,18.9,314.2,157.9,0.07,2,3,1,1,1,0.3333,1.0
nuscenes_mini_subset,scene-0103_022,yaw,2.0,deg,14,Car,vehicle,59.1,60.8,45.5,0.0,2,0,0,0,0,,
nuscenes_mini_subset,scene-0103_022,yaw,2.0,deg,15,Pedestrian,pedestrian,40.1,26.9,58.3,0.0,2,1,1,0,0,0.0,0.0
nuscenes_mini_subset,scene-0103_022,yaw,2.0,deg,16,Motorcycle,cyclist,35.4,23.4,51.2,0.0,0,0,0,0,0,,
nuscenes_mini_subset,scene-0103_022,yaw,2.0,deg,17,Bicycle,cyclist,70.1,16.8,35.2,0.0,0,1,1,0,0,0.0,0.0
nuscenes_mini_subset,scene-0103_022,yaw,2.0,deg,18,Car,vehicle,45.1,66.9,54.1,0.0,2,0,0,0,0,,
nuscenes_mini_subset,scene-0103_022,yaw,2.0,deg,19,Pedestrian,pedestrian,27.6,38.8,85.3,0.0,2,3,3,0,0,0.0,0.0
nuscenes_mini_subset,scene-0103_022,yaw,2.0,deg,20,Truck,vehicle,50.9,94.5,80.5,0.0,0,7,7,6,6,0.8571,0.8571
nuscenes_mini_subset,scene-0103_022,yaw,2.0,deg,21,Car,vehicle,23.9,95.5,116.3,0.65,0,1,1,0,0,0.0,0.0
nuscenes_mini_subset,scene-0103_022,yaw,2.0,deg,22,Car,vehicle,12.0,487.6,251.2,0.23,0,161,145,145,145,0.9006,1.0
nuscenes_mini_subset,scene-0103_022,yaw,2.0,deg,23,Pedestrian,pedestrian,55.4,12.8,43.7,0.0,2,1,1,0,0,0.0,0.0
nuscenes_mini_subset,scene-0103_022,yaw,2.0,deg,24,Car,vehicle,74.3,32.7,34.2,0.0,2,0,0,0,0,,
nuscenes_mini_subset,scene-0103_022,yaw,2.0,deg,25,Car,vehicle,24.7,213.9,120.1,0.0,2,0,0,0,0,,
nuscenes_mini_subset,scene-0103_022,yaw,2.0,deg,26,Car,vehicle,39.4,95.4,64.1,0.0,2,1,1,0,0,0.0,0.0
nuscenes_mini_subset,scene-0103_022,yaw,3.0,deg,0,Car,vehicle,49.7,110.7,57.9,0.0,2,0,0,0,0,,
nuscenes_mini_subset,scene-0103_022,yaw,3.0,deg,1,Pedestrian,pedestrian,55.4,13.9,41.8,0.0,2,2,2,0,0,0.0,0.0
nuscenes_mini_subset,scene-0103_022,yaw,3.0,deg,2,Car,vehicle,21.0,133.1,114.0,0.0,0,7,7,5,5,0.7143,0.7143
nuscenes_mini_subset,scene-0103_022,yaw,3.0,deg,3,Car,vehicle,42.5,99.3,57.0,0.0,0,4,4,1,1,0.25,0.25
nuscenes_mini_subset,scene-0103_022,yaw,3.0,deg,4,Car,vehicle,71.8,39.5,39.9,0.0,2,0,0,0,0,,
nuscenes_mini_subset,scene-0103_022,yaw,3.0,deg,5,Car,vehicle,68.3,41.6,31.2,0.0,2,0,0,0,0,,
nuscenes_mini_subset,scene-0103_022,yaw,3.0,deg,6,Car,vehicle,46.9,100.2,57.9,0.0,2,1,1,0,0,0.0,0.0
nuscenes_mini_subset,scene-0103_022,yaw,3.0,deg,7,Car,vehicle,47.7,108.1,59.3,0.0,2,2,2,0,0,0.0,0.0
nuscenes_mini_subset,scene-0103_022,yaw,3.0,deg,8,Car,vehicle,76.5,39.2,41.3,0.0,2,0,0,0,0,,
nuscenes_mini_subset,scene-0103_022,yaw,3.0,deg,9,Car,vehicle,44.3,139.0,66.2,0.02,1,2,2,0,0,0.0,0.0
nuscenes_mini_subset,scene-0103_022,yaw,3.0,deg,10,Car,vehicle,34.5,76.2,62.1,0.0,0,10,10,0,0,0.0,0.0
nuscenes_mini_subset,scene-0103_022,yaw,3.0,deg,11,Car,vehicle,51.3,60.5,48.7,0.0,2,1,1,0,0,0.0,0.0
nuscenes_mini_subset,scene-0103_022,yaw,3.0,deg,12,Car,vehicle,18.9,314.2,157.9,0.07,2,3,0,0,0,0.0,
nuscenes_mini_subset,scene-0103_022,yaw,3.0,deg,14,Car,vehicle,59.1,60.8,45.5,0.0,2,0,0,0,0,,
nuscenes_mini_subset,scene-0103_022,yaw,3.0,deg,15,Pedestrian,pedestrian,40.1,26.9,58.3,0.0,2,1,1,0,0,0.0,0.0
nuscenes_mini_subset,scene-0103_022,yaw,3.0,deg,16,Motorcycle,cyclist,35.4,23.4,51.2,0.0,0,0,0,0,0,,
nuscenes_mini_subset,scene-0103_022,yaw,3.0,deg,17,Bicycle,cyclist,70.1,16.8,35.2,0.0,0,1,1,0,0,0.0,0.0
nuscenes_mini_subset,scene-0103_022,yaw,3.0,deg,18,Car,vehicle,45.1,66.9,54.1,0.0,2,0,0,0,0,,
nuscenes_mini_subset,scene-0103_022,yaw,3.0,deg,19,Pedestrian,pedestrian,27.6,38.8,85.3,0.0,2,3,3,0,0,0.0,0.0
nuscenes_mini_subset,scene-0103_022,yaw,3.0,deg,20,Truck,vehicle,50.9,94.5,80.5,0.0,0,7,7,2,2,0.2857,0.2857
nuscenes_mini_subset,scene-0103_022,yaw,3.0,deg,21,Car,vehicle,23.9,95.5,116.3,0.65,0,1,4,0,3,0.0,0.75
nuscenes_mini_subset,scene-0103_022,yaw,3.0,deg,22,Car,vehicle,12.0,487.6,251.2,0.23,0,161,135,135,135,0.8385,1.0
nuscenes_mini_subset,scene-0103_022,yaw,3.0,deg,23,Pedestrian,pedestrian,55.4,12.8,43.7,0.0,2,1,1,0,0,0.0,0.0
nuscenes_mini_subset,scene-0103_022,yaw,3.0,deg,24,Car,vehicle,74.3,32.7,34.2,0.0,2,0,0,0,0,,
nuscenes_mini_subset,scene-0103_022,yaw,3.0,deg,25,Car,vehicle,24.7,213.9,120.1,0.0,2,0,0,0,0,,
nuscenes_mini_subset,scene-0103_022,yaw,3.0,deg,26,Car,vehicle,39.4,95.4,64.1,0.0,2,1,1,0,0,0.0,0.0
nuscenes_mini_subset,scene-0103_023,yaw,0.0,deg,0,Car,vehicle,48.2,117.1,60.2,0.0,2,0,0,0,0,,
nuscenes_mini_subset,scene-0103_023,yaw,0.0,deg,1,Pedestrian,pedestrian,54.5,14.0,42.5,0.0,2,1,1,1,1,1.0,1.0
nuscenes_mini_subset,scene-0103_023,yaw,0.0,deg,2,Car,vehicle,23.6,117.1,100.2,0.0,0,10,10,10,10,1.0,1.0
nuscenes_mini_subset,scene-0103_023,yaw,0.0,deg,3,Car,vehicle,40.9,106.1,59.7,0.0,1,3,3,3,3,1.0,1.0
nuscenes_mini_subset,scene-0103_023,yaw,0.0,deg,4,Car,vehicle,70.2,40.7,40.9,0.0,2,0,0,0,0,,
nuscenes_mini_subset,scene-0103_023,yaw,0.0,deg,5,Car,vehicle,66.7,42.8,32.2,0.0,2,1,1,1,1,1.0,1.0
nuscenes_mini_subset,scene-0103_023,yaw,0.0,deg,6,Car,vehicle,45.3,105.7,60.3,0.0,2,0,0,0,0,,
nuscenes_mini_subset,scene-0103_023,yaw,0.0,deg,7,Car,vehicle,46.2,114.3,61.7,0.0,2,0,0,0,0,,
nuscenes_mini_subset,scene-0103_023,yaw,0.0,deg,8,Car,vehicle,74.8,40.2,42.2,0.0,2,0,0,0,0,,
nuscenes_mini_subset,scene-0103_023,yaw,0.0,deg,9,Car,vehicle,42.8,111.6,69.4,0.27,0,2,2,2,2,1.0,1.0
nuscenes_mini_subset,scene-0103_023,yaw,0.0,deg,10,Car,vehicle,32.8,81.4,65.5,0.0,0,10,10,10,10,1.0,1.0
nuscenes_mini_subset,scene-0103_023,yaw,0.0,deg,11,Car,vehicle,49.7,63.0,50.3,0.0,2,0,0,0,0,,
nuscenes_mini_subset,scene-0103_023,yaw,0.0,deg,12,Car,vehicle,17.4,263.2,180.8,0.35,2,0,0,0,0,,
nuscenes_mini_subset,scene-0103_023,yaw,0.0,deg,14,Car,vehicle,57.4,63.0,46.8,0.0,2,0,0,0,0,,
nuscenes_mini_subset,scene-0103_023,yaw,0.0,deg,15,Pedestrian,pedestrian,39.1,27.9,59.9,0.0,2,1,1,1,1,1.0,1.0
nuscenes_mini_subset,scene-0103_023,yaw,0.0,deg,16,Motorcycle,cyclist,33.8,23.8,53.9,0.0,0,0,0,0,0,,
nuscenes_mini_subset,scene-0103_023,yaw,0.0,deg,17,Bicycle,cyclist,65.9,18.1,37.4,0.0,0,2,2,2,2,1.0,1.0
nuscenes_mini_subset,scene-0103_023,yaw,0.0,deg,18,Car,vehicle,43.5,70.2,56.3,0.0,2,0,0,0,0,,
nuscenes_mini_subset,scene-0103_023,yaw,0.0,deg,19,Pedestrian,pedestrian,26.7,39.8,88.3,0.0,0,6,6,6,6,1.0,1.0
nuscenes_mini_subset,scene-0103_023,yaw,0.0,deg,20,Truck,vehicle,49.2,98.6,83.4,0.0,0,7,7,7,7,1.0,1.0
nuscenes_mini_subset,scene-0103_023,yaw,0.0,deg,21,Car,vehicle,22.5,41.0,128.2,0.87,0,2,2,2,2,1.0,1.0
nuscenes_mini_subset,scene-0103_023,yaw,0.0,deg,22,Car,vehicle,10.4,406.0,331.0,0.52,0,175,175,175,175,1.0,1.0
nuscenes_mini_subset,scene-0103_023,yaw,0.0,deg,23,Pedestrian,pedestrian,54.5,13.0,44.5,0.0,2,0,0,0,0,,
nuscenes_mini_subset,scene-0103_023,yaw,0.0,deg,24,Car,vehicle,72.6,33.6,35.0,0.0,2,0,0,0,0,,
nuscenes_mini_subset,scene-0103_023,yaw,0.0,deg,25,Car,vehicle,23.2,238.7,130.7,0.0,1,5,5,5,5,1.0,1.0
nuscenes_mini_subset,scene-0103_023,yaw,0.0,deg,26,Car,vehicle,37.7,100.8,67.2,0.0,1,0,0,0,0,,
nuscenes_mini_subset,scene-0103_023,yaw,0.5,deg,0,Car,vehicle,48.2,117.1,60.2,0.0,2,0,0,0,0,,
nuscenes_mini_subset,scene-0103_023,yaw,0.5,deg,1,Pedestrian,pedestrian,54.5,14.0,42.5,0.0,2,1,1,0,0,0.0,0.0
nuscenes_mini_subset,scene-0103_023,yaw,0.5,deg,2,Car,vehicle,23.6,117.1,100.2,0.0,0,10,10,10,10,1.0,1.0
nuscenes_mini_subset,scene-0103_023,yaw,0.5,deg,3,Car,vehicle,40.9,106.1,59.7,0.0,1,3,3,3,3,1.0,1.0
nuscenes_mini_subset,scene-0103_023,yaw,0.5,deg,4,Car,vehicle,70.2,40.7,40.9,0.0,2,0,0,0,0,,
nuscenes_mini_subset,scene-0103_023,yaw,0.5,deg,5,Car,vehicle,66.7,42.8,32.2,0.0,2,1,1,0,0,0.0,0.0
nuscenes_mini_subset,scene-0103_023,yaw,0.5,deg,6,Car,vehicle,45.3,105.7,60.3,0.0,2,0,0,0,0,,
nuscenes_mini_subset,scene-0103_023,yaw,0.5,deg,7,Car,vehicle,46.2,114.3,61.7,0.0,2,0,0,0,0,,
nuscenes_mini_subset,scene-0103_023,yaw,0.5,deg,8,Car,vehicle,74.8,40.2,42.2,0.0,2,0,0,0,0,,
nuscenes_mini_subset,scene-0103_023,yaw,0.5,deg,9,Car,vehicle,42.8,111.6,69.4,0.27,0,2,2,1,1,0.5,0.5
nuscenes_mini_subset,scene-0103_023,yaw,0.5,deg,10,Car,vehicle,32.8,81.4,65.5,0.0,0,10,10,10,10,1.0,1.0
nuscenes_mini_subset,scene-0103_023,yaw,0.5,deg,11,Car,vehicle,49.7,63.0,50.3,0.0,2,0,0,0,0,,
nuscenes_mini_subset,scene-0103_023,yaw,0.5,deg,12,Car,vehicle,17.4,263.2,180.8,0.35,2,0,0,0,0,,
nuscenes_mini_subset,scene-0103_023,yaw,0.5,deg,14,Car,vehicle,57.4,63.0,46.8,0.0,2,0,0,0,0,,
nuscenes_mini_subset,scene-0103_023,yaw,0.5,deg,15,Pedestrian,pedestrian,39.1,27.9,59.9,0.0,2,1,1,0,0,0.0,0.0
nuscenes_mini_subset,scene-0103_023,yaw,0.5,deg,16,Motorcycle,cyclist,33.8,23.8,53.9,0.0,0,0,0,0,0,,
nuscenes_mini_subset,scene-0103_023,yaw,0.5,deg,17,Bicycle,cyclist,65.9,18.1,37.4,0.0,0,2,2,1,1,0.5,0.5
nuscenes_mini_subset,scene-0103_023,yaw,0.5,deg,18,Car,vehicle,43.5,70.2,56.3,0.0,2,0,0,0,0,,
nuscenes_mini_subset,scene-0103_023,yaw,0.5,deg,19,Pedestrian,pedestrian,26.7,39.8,88.3,0.0,0,6,6,6,6,1.0,1.0
nuscenes_mini_subset,scene-0103_023,yaw,0.5,deg,20,Truck,vehicle,49.2,98.6,83.4,0.0,0,7,7,7,7,1.0,1.0
nuscenes_mini_subset,scene-0103_023,yaw,0.5,deg,21,Car,vehicle,22.5,41.0,128.2,0.87,0,2,2,2,2,1.0,1.0
nuscenes_mini_subset,scene-0103_023,yaw,0.5,deg,22,Car,vehicle,10.4,406.0,331.0,0.52,0,175,165,165,165,0.9429,1.0
nuscenes_mini_subset,scene-0103_023,yaw,0.5,deg,23,Pedestrian,pedestrian,54.5,13.0,44.5,0.0,2,0,0,0,0,,
nuscenes_mini_subset,scene-0103_023,yaw,0.5,deg,24,Car,vehicle,72.6,33.6,35.0,0.0,2,0,0,0,0,,
nuscenes_mini_subset,scene-0103_023,yaw,0.5,deg,25,Car,vehicle,23.2,238.7,130.7,0.0,1,5,5,5,5,1.0,1.0
nuscenes_mini_subset,scene-0103_023,yaw,0.5,deg,26,Car,vehicle,37.7,100.8,67.2,0.0,1,0,0,0,0,,
nuscenes_mini_subset,scene-0103_023,yaw,1.0,deg,0,Car,vehicle,48.2,117.1,60.2,0.0,2,0,0,0,0,,
nuscenes_mini_subset,scene-0103_023,yaw,1.0,deg,1,Pedestrian,pedestrian,54.5,14.0,42.5,0.0,2,1,1,0,0,0.0,0.0
nuscenes_mini_subset,scene-0103_023,yaw,1.0,deg,2,Car,vehicle,23.6,117.1,100.2,0.0,0,10,10,9,9,0.9,0.9
nuscenes_mini_subset,scene-0103_023,yaw,1.0,deg,3,Car,vehicle,40.9,106.1,59.7,0.0,1,3,3,3,3,1.0,1.0
nuscenes_mini_subset,scene-0103_023,yaw,1.0,deg,4,Car,vehicle,70.2,40.7,40.9,0.0,2,0,0,0,0,,
nuscenes_mini_subset,scene-0103_023,yaw,1.0,deg,5,Car,vehicle,66.7,42.8,32.2,0.0,2,1,1,0,0,0.0,0.0
nuscenes_mini_subset,scene-0103_023,yaw,1.0,deg,6,Car,vehicle,45.3,105.7,60.3,0.0,2,0,0,0,0,,
nuscenes_mini_subset,scene-0103_023,yaw,1.0,deg,7,Car,vehicle,46.2,114.3,61.7,0.0,2,0,0,0,0,,
nuscenes_mini_subset,scene-0103_023,yaw,1.0,deg,8,Car,vehicle,74.8,40.2,42.2,0.0,2,0,0,0,0,,
nuscenes_mini_subset,scene-0103_023,yaw,1.0,deg,9,Car,vehicle,42.8,111.6,69.4,0.27,0,2,2,1,1,0.5,0.5
nuscenes_mini_subset,scene-0103_023,yaw,1.0,deg,10,Car,vehicle,32.8,81.4,65.5,0.0,0,10,10,7,7,0.7,0.7
nuscenes_mini_subset,scene-0103_023,yaw,1.0,deg,11,Car,vehicle,49.7,63.0,50.3,0.0,2,0,0,0,0,,
nuscenes_mini_subset,scene-0103_023,yaw,1.0,deg,12,Car,vehicle,17.4,263.2,180.8,0.35,2,0,0,0,0,,
nuscenes_mini_subset,scene-0103_023,yaw,1.0,deg,14,Car,vehicle,57.4,63.0,46.8,0.0,2,0,0,0,0,,
nuscenes_mini_subset,scene-0103_023,yaw,1.0,deg,15,Pedestrian,pedestrian,39.1,27.9,59.9,0.0,2,1,1,0,0,0.0,0.0
nuscenes_mini_subset,scene-0103_023,yaw,1.0,deg,16,Motorcycle,cyclist,33.8,23.8,53.9,0.0,0,0,0,0,0,,
nuscenes_mini_subset,scene-0103_023,yaw,1.0,deg,17,Bicycle,cyclist,65.9,18.1,37.4,0.0,0,2,2,0,0,0.0,0.0
nuscenes_mini_subset,scene-0103_023,yaw,1.0,deg,18,Car,vehicle,43.5,70.2,56.3,0.0,2,0,0,0,0,,
nuscenes_mini_subset,scene-0103_023,yaw,1.0,deg,19,Pedestrian,pedestrian,26.7,39.8,88.3,0.0,0,6,6,2,2,0.3333,0.3333
nuscenes_mini_subset,scene-0103_023,yaw,1.0,deg,20,Truck,vehicle,49.2,98.6,83.4,0.0,0,7,7,7,7,1.0,1.0
nuscenes_mini_subset,scene-0103_023,yaw,1.0,deg,21,Car,vehicle,22.5,41.0,128.2,0.87,0,2,3,0,1,0.0,0.3333
nuscenes_mini_subset,scene-0103_023,yaw,1.0,deg,22,Car,vehicle,10.4,406.0,331.0,0.52,0,175,156,156,156,0.8914,1.0
nuscenes_mini_subset,scene-0103_023,yaw,1.0,deg,23,Pedestrian,pedestrian,54.5,13.0,44.5,0.0,2,0,0,0,0,,
nuscenes_mini_subset,scene-0103_023,yaw,1.0,deg,24,Car,vehicle,72.6,33.6,35.0,0.0,2,0,0,0,0,,
nuscenes_mini_subset,scene-0103_023,yaw,1.0,deg,25,Car,vehicle,23.2,238.7,130.7,0.0,1,5,5,5,5,1.0,1.0
nuscenes_mini_subset,scene-0103_023,yaw,1.0,deg,26,Car,vehicle,37.7,100.8,67.2,0.0,1,0,0,0,0,,
nuscenes_mini_subset,scene-0103_023,yaw,2.0,deg,0,Car,vehicle,48.2,117.1,60.2,0.0,2,0,0,0,0,,
nuscenes_mini_subset,scene-0103_023,yaw,2.0,deg,1,Pedestrian,pedestrian,54.5,14.0,42.5,0.0,2,1,1,0,0,0.0,0.0
nuscenes_mini_subset,scene-0103_023,yaw,2.0,deg,2,Car,vehicle,23.6,117.1,100.2,0.0,0,10,10,5,5,0.5,0.5
nuscenes_mini_subset,scene-0103_023,yaw,2.0,deg,3,Car,vehicle,40.9,106.1,59.7,0.0,1,3,3,3,3,1.0,1.0
nuscenes_mini_subset,scene-0103_023,yaw,2.0,deg,4,Car,vehicle,70.2,40.7,40.9,0.0,2,0,0,0,0,,
nuscenes_mini_subset,scene-0103_023,yaw,2.0,deg,5,Car,vehicle,66.7,42.8,32.2,0.0,2,1,1,0,0,0.0,0.0
nuscenes_mini_subset,scene-0103_023,yaw,2.0,deg,6,Car,vehicle,45.3,105.7,60.3,0.0,2,0,0,0,0,,
nuscenes_mini_subset,scene-0103_023,yaw,2.0,deg,7,Car,vehicle,46.2,114.3,61.7,0.0,2,0,0,0,0,,
nuscenes_mini_subset,scene-0103_023,yaw,2.0,deg,8,Car,vehicle,74.8,40.2,42.2,0.0,2,0,0,0,0,,
nuscenes_mini_subset,scene-0103_023,yaw,2.0,deg,9,Car,vehicle,42.8,111.6,69.4,0.27,0,2,2,1,1,0.5,0.5
nuscenes_mini_subset,scene-0103_023,yaw,2.0,deg,10,Car,vehicle,32.8,81.4,65.5,0.0,0,10,10,4,4,0.4,0.4
nuscenes_mini_subset,scene-0103_023,yaw,2.0,deg,11,Car,vehicle,49.7,63.0,50.3,0.0,2,0,0,0,0,,
nuscenes_mini_subset,scene-0103_023,yaw,2.0,deg,12,Car,vehicle,17.4,263.2,180.8,0.35,2,0,0,0,0,,
nuscenes_mini_subset,scene-0103_023,yaw,2.0,deg,14,Car,vehicle,57.4,63.0,46.8,0.0,2,0,0,0,0,,
nuscenes_mini_subset,scene-0103_023,yaw,2.0,deg,15,Pedestrian,pedestrian,39.1,27.9,59.9,0.0,2,1,1,0,0,0.0,0.0
nuscenes_mini_subset,scene-0103_023,yaw,2.0,deg,16,Motorcycle,cyclist,33.8,23.8,53.9,0.0,0,0,0,0,0,,
nuscenes_mini_subset,scene-0103_023,yaw,2.0,deg,17,Bicycle,cyclist,65.9,18.1,37.4,0.0,0,2,2,0,0,0.0,0.0
nuscenes_mini_subset,scene-0103_023,yaw,2.0,deg,18,Car,vehicle,43.5,70.2,56.3,0.0,2,0,0,0,0,,
nuscenes_mini_subset,scene-0103_023,yaw,2.0,deg,19,Pedestrian,pedestrian,26.7,39.8,88.3,0.0,0,6,6,0,0,0.0,0.0
nuscenes_mini_subset,scene-0103_023,yaw,2.0,deg,20,Truck,vehicle,49.2,98.6,83.4,0.0,0,7,7,6,6,0.8571,0.8571
nuscenes_mini_subset,scene-0103_023,yaw,2.0,deg,21,Car,vehicle,22.5,41.0,128.2,0.87,0,2,6,0,4,0.0,0.6667
nuscenes_mini_subset,scene-0103_023,yaw,2.0,deg,22,Car,vehicle,10.4,406.0,331.0,0.52,0,175,138,138,138,0.7886,1.0
nuscenes_mini_subset,scene-0103_023,yaw,2.0,deg,23,Pedestrian,pedestrian,54.5,13.0,44.5,0.0,2,0,0,0,0,,
nuscenes_mini_subset,scene-0103_023,yaw,2.0,deg,24,Car,vehicle,72.6,33.6,35.0,0.0,2,0,0,0,0,,
nuscenes_mini_subset,scene-0103_023,yaw,2.0,deg,25,Car,vehicle,23.2,238.7,130.7,0.0,1,5,5,5,5,1.0,1.0
nuscenes_mini_subset,scene-0103_023,yaw,2.0,deg,26,Car,vehicle,37.7,100.8,67.2,0.0,1,0,0,0,0,,
nuscenes_mini_subset,scene-0103_023,yaw,3.0,deg,0,Car,vehicle,48.2,117.1,60.2,0.0,2,0,0,0,0,,
nuscenes_mini_subset,scene-0103_023,yaw,3.0,deg,1,Pedestrian,pedestrian,54.5,14.0,42.5,0.0,2,1,1,0,0,0.0,0.0
nuscenes_mini_subset,scene-0103_023,yaw,3.0,deg,2,Car,vehicle,23.6,117.1,100.2,0.0,0,10,10,5,5,0.5,0.5
nuscenes_mini_subset,scene-0103_023,yaw,3.0,deg,3,Car,vehicle,40.9,106.1,59.7,0.0,1,3,3,1,1,0.3333,0.3333
nuscenes_mini_subset,scene-0103_023,yaw,3.0,deg,4,Car,vehicle,70.2,40.7,40.9,0.0,2,0,0,0,0,,
nuscenes_mini_subset,scene-0103_023,yaw,3.0,deg,5,Car,vehicle,66.7,42.8,32.2,0.0,2,1,1,0,0,0.0,0.0
nuscenes_mini_subset,scene-0103_023,yaw,3.0,deg,6,Car,vehicle,45.3,105.7,60.3,0.0,2,0,0,0,0,,
nuscenes_mini_subset,scene-0103_023,yaw,3.0,deg,7,Car,vehicle,46.2,114.3,61.7,0.0,2,0,0,0,0,,
nuscenes_mini_subset,scene-0103_023,yaw,3.0,deg,8,Car,vehicle,74.8,40.2,42.2,0.0,2,0,0,0,0,,
nuscenes_mini_subset,scene-0103_023,yaw,3.0,deg,9,Car,vehicle,42.8,111.6,69.4,0.27,0,2,2,0,0,0.0,0.0
nuscenes_mini_subset,scene-0103_023,yaw,3.0,deg,10,Car,vehicle,32.8,81.4,65.5,0.0,0,10,10,1,1,0.1,0.1
nuscenes_mini_subset,scene-0103_023,yaw,3.0,deg,11,Car,vehicle,49.7,63.0,50.3,0.0,2,0,0,0,0,,
nuscenes_mini_subset,scene-0103_023,yaw,3.0,deg,12,Car,vehicle,17.4,263.2,180.8,0.35,2,0,0,0,0,,
nuscenes_mini_subset,scene-0103_023,yaw,3.0,deg,14,Car,vehicle,57.4,63.0,46.8,0.0,2,0,0,0,0,,
nuscenes_mini_subset,scene-0103_023,yaw,3.0,deg,15,Pedestrian,pedestrian,39.1,27.9,59.9,0.0,2,1,1,0,0,0.0,0.0
nuscenes_mini_subset,scene-0103_023,yaw,3.0,deg,16,Motorcycle,cyclist,33.8,23.8,53.9,0.0,0,0,0,0,0,,
nuscenes_mini_subset,scene-0103_023,yaw,3.0,deg,17,Bicycle,cyclist,65.9,18.1,37.4,0.0,0,2,2,0,0,0.0,0.0
nuscenes_mini_subset,scene-0103_023,yaw,3.0,deg,18,Car,vehicle,43.5,70.2,56.3,0.0,2,0,0,0,0,,
nuscenes_mini_subset,scene-0103_023,yaw,3.0,deg,19,Pedestrian,pedestrian,26.7,39.8,88.3,0.0,0,6,6,0,0,0.0,0.0
nuscenes_mini_subset,scene-0103_023,yaw,3.0,deg,20,Truck,vehicle,49.2,98.6,83.4,0.0,0,7,7,3,3,0.4286,0.4286
nuscenes_mini_subset,scene-0103_023,yaw,3.0,deg,21,Car,vehicle,22.5,41.0,128.2,0.87,0,2,10,0,5,0.0,0.5
nuscenes_mini_subset,scene-0103_023,yaw,3.0,deg,22,Car,vehicle,10.4,406.0,331.0,0.52,0,175,122,122,122,0.6971,1.0
nuscenes_mini_subset,scene-0103_023,yaw,3.0,deg,23,Pedestrian,pedestrian,54.5,13.0,44.5,0.0,2,0,0,0,0,,
nuscenes_mini_subset,scene-0103_023,yaw,3.0,deg,24,Car,vehicle,72.6,33.6,35.0,0.0,2,0,0,0,0,,
nuscenes_mini_subset,scene-0103_023,yaw,3.0,deg,25,Car,vehicle,23.2,238.7,130.7,0.0,1,5,5,3,3,0.6,0.6
nuscenes_mini_subset,scene-0103_023,yaw,3.0,deg,26,Car,vehicle,37.7,100.8,67.2,0.0,1,0,0,0,0,,
nuscenes_mini_subset,scene-0103_024,yaw,0.0,deg,0,Car,vehicle,46.4,124.9,63.1,0.0,2,0,0,0,0,,
nuscenes_mini_subset,scene-0103_024,yaw,0.0,deg,1,Pedestrian,pedestrian,53.4,14.3,43.4,0.0,2,1,1,1,1,1.0,1.0
nuscenes_mini_subset,scene-0103_024,yaw,0.0,deg,2,Car,vehicle,25.9,105.5,90.2,0.0,0,4,4,4,4,1.0,1.0
nuscenes_mini_subset,scene-0103_024,yaw,0.0,deg,3,Car,vehicle,39.2,114.8,63.0,0.0,1,5,5,5,5,1.0,1.0
nuscenes_mini_subset,scene-0103_024,yaw,0.0,deg,4,Car,vehicle,68.3,42.0,42.2,0.0,2,0,0,0,0,,
nuscenes_mini_subset,scene-0103_024,yaw,0.0,deg,5,Car,vehicle,64.8,44.4,33.3,0.0,2,0,0,0,0,,
nuscenes_mini_subset,scene-0103_024,yaw,0.0,deg,6,Car,vehicle,43.5,112.6,63.2,0.0,2,0,0,0,0,,
nuscenes_mini_subset,scene-0103_024,yaw,0.0,deg,7,Car,vehicle,44.4,122.1,64.7,0.0,2,0,0,0,0,,
nuscenes_mini_subset,scene-0103_024,yaw,0.0,deg,8,Car,vehicle,73.0,41.5,43.5,0.0,2,0,0,0,0,,
nuscenes_mini_subset,scene-0103_024,yaw,0.0,deg,9,Car,vehicle,41.2,79.9,73.4,0.52,0,3,3,3,3,1.0,1.0
nuscenes_mini_subset,scene-0103_024,yaw,0.0,deg,10,Car,vehicle,31.0,88.1,69.9,0.0,0,10,10,10,10,1.0,1.0
nuscenes_mini_subset,scene-0103_024,yaw,0.0,deg,11,Car,vehicle,47.8,66.2,52.4,0.0,2,0,0,0,0,,
nuscenes_mini_subset,scene-0103_024,yaw,0.0,deg,12,Car,vehicle,15.8,188.5,216.8,0.63,2,9,9,9,9,1.0,1.0
nuscenes_mini_subset,scene-0103_024,yaw,0.0,deg,14,Car,vehicle,55.6,65.7,48.6,0.0,2,1,1,1,1,1.0,1.0
nuscenes_mini_subset,scene-0103_024,yaw,0.0,deg,15,Pedestrian,pedestrian,37.8,29.2,62.1,0.0,2,2,2,2,2,1.0,1.0
nuscenes_mini_subset,scene-0103_024,yaw,0.0,deg,16,Motorcycle,cyclist,32.0,29.7,57.3,0.0,0,1,1,1,1,1.0,1.0
nuscenes_mini_subset,scene-0103_024,yaw,0.0,deg,17,Bicycle,cyclist,61.5,19.7,40.3,0.0,0,2,2,2,2,1.0,1.0
nuscenes_mini_subset,scene-0103_024,yaw,0.0,deg,18,Car,vehicle,41.6,74.3,59.1,0.0,2,0,0,0,0,,
nuscenes_mini_subset,scene-0103_024,yaw,0.0,deg,19,Pedestrian,pedestrian,25.7,42.2,92.3,0.0,0,6,6,6,6,1.0,1.0
nuscenes_mini_subset,scene-0103_024,yaw,0.0,deg,20,Truck,vehicle,47.4,103.7,87.1,0.0,0,10,10,10,10,1.0,1.0
nuscenes_mini_subset,scene-0103_024,yaw,0.0,deg,21,Car,vehicle,8.8,264.3,377.3,0.85,0,99,99,99,99,1.0,1.0
nuscenes_mini_subset,scene-0103_024,yaw,0.0,deg,22,Pedestrian,pedestrian,53.4,13.3,45.5,0.0,2,0,0,0,0,,
nuscenes_mini_subset,scene-0103_024,yaw,0.0,deg,23,Car,vehicle,70.7,34.7,36.1,0.0,2,0,0,0,0,,
nuscenes_mini_subset,scene-0103_024,yaw,0.0,deg,24,Car,vehicle,21.4,270.2,145.2,0.0,0,18,18,18,18,1.0,1.0
nuscenes_mini_subset,scene-0103_024,yaw,0.0,deg,25,Car,vehicle,35.9,107.7,71.1,0.0,1,3,3,3,3,1.0,1.0
nuscenes_mini_subset,scene-0103_024,yaw,0.5,deg,0,Car,vehicle,46.4,124.9,63.1,0.0,2,0,0,0,0,,
nuscenes_mini_subset,scene-0103_024,yaw,0.5,deg,1,Pedestrian,pedestrian,53.4,14.3,43.4,0.0,2,1,1,0,0,0.0,0.0
nuscenes_mini_subset,scene-0103_024,yaw,0.5,deg,2,Car,vehicle,25.9,105.5,90.2,0.0,0,4,4,4,4,1.0,1.0
nuscenes_mini_subset,scene-0103_024,yaw,0.5,deg,3,Car,vehicle,39.2,114.8,63.0,0.0,1,5,5,5,5,1.0,1.0
nuscenes_mini_subset,scene-0103_024,yaw,0.5,deg,4,Car,vehicle,68.3,42.0,42.2,0.0,2,0,0,0,0,,
nuscenes_mini_subset,scene-0103_024,yaw,0.5,deg,5,Car,vehicle,64.8,44.4,33.3,0.0,2,0,0,0,0,,
nuscenes_mini_subset,scene-0103_024,yaw,0.5,deg,6,Car,vehicle,43.5,112.6,63.2,0.0,2,0,0,0,0,,
nuscenes_mini_subset,scene-0103_024,yaw,0.5,deg,7,Car,vehicle,44.4,122.1,64.7,0.0,2,0,0,0,0,,
nuscenes_mini_subset,scene-0103_024,yaw,0.5,deg,8,Car,vehicle,73.0,41.5,43.5,0.0,2,0,0,0,0,,
nuscenes_mini_subset,scene-0103_024,yaw,0.5,deg,9,Car,vehicle,41.2,79.9,73.4,0.52,0,3,4,2,3,0.6667,0.75
nuscenes_mini_subset,scene-0103_024,yaw,0.5,deg,10,Car,vehicle,31.0,88.1,69.9,0.0,0,10,10,10,10,1.0,1.0
nuscenes_mini_subset,scene-0103_024,yaw,0.5,deg,11,Car,vehicle,47.8,66.2,52.4,0.0,2,0,0,0,0,,
nuscenes_mini_subset,scene-0103_024,yaw,0.5,deg,12,Car,vehicle,15.8,188.5,216.8,0.63,2,9,8,8,8,0.8889,1.0
nuscenes_mini_subset,scene-0103_024,yaw,0.5,deg,14,Car,vehicle,55.6,65.7,48.6,0.0,2,1,1,1,1,1.0,1.0
nuscenes_mini_subset,scene-0103_024,yaw,0.5,deg,15,Pedestrian,pedestrian,37.8,29.2,62.1,0.0,2,2,2,2,2,1.0,1.0
nuscenes_mini_subset,scene-0103_024,yaw,0.5,deg,16,Motorcycle,cyclist,32.0,29.7,57.3,0.0,0,1,1,0,0,0.0,0.0
nuscenes_mini_subset,scene-0103_024,yaw,0.5,deg,17,Bicycle,cyclist,61.5,19.7,40.3,0.0,0,2,2,1,1,0.5,0.5
nuscenes_mini_subset,scene-0103_024,yaw,0.5,deg,18,Car,vehicle,41.6,74.3,59.1,0.0,2,0,0,0,0,,
nuscenes_mini_subset,scene-0103_024,yaw,0.5,deg,19,Pedestrian,pedestrian,25.7,42.2,92.3,0.0,0,6,6,6,6,1.0,1.0
nuscenes_mini_subset,scene-0103_024,yaw,0.5,deg,20,Truck,vehicle,47.4,103.7,87.1,0.0,0,10,10,10,10,1.0,1.0
nuscenes_mini_subset,scene-0103_024,yaw,0.5,deg,21,Car,vehicle,8.8,264.3,377.3,0.85,0,99,92,92,92,0.9293,1.0
nuscenes_mini_subset,scene-0103_024,yaw,0.5,deg,22,Pedestrian,pedestrian,53.4,13.3,45.5,0.0,2,0,0,0,0,,
nuscenes_mini_subset,scene-0103_024,yaw,0.5,deg,23,Car,vehicle,70.7,34.7,36.1,0.0,2,0,0,0,0,,
nuscenes_mini_subset,scene-0103_024,yaw,0.5,deg,24,Car,vehicle,21.4,270.2,145.2,0.0,0,18,18,18,18,1.0,1.0
nuscenes_mini_subset,scene-0103_024,yaw,0.5,deg,25,Car,vehicle,35.9,107.7,71.1,0.0,1,3,3,2,2,0.6667,0.6667
nuscenes_mini_subset,scene-0103_024,yaw,1.0,deg,0,Car,vehicle,46.4,124.9,63.1,0.0,2,0,0,0,0,,
nuscenes_mini_subset,scene-0103_024,yaw,1.0,deg,1,Pedestrian,pedestrian,53.4,14.3,43.4,0.0,2,1,1,0,0,0.0,0.0
nuscenes_mini_subset,scene-0103_024,yaw,1.0,deg,2,Car,vehicle,25.9,105.5,90.2,0.0,0,4,4,3,3,0.75,0.75
nuscenes_mini_subset,scene-0103_024,yaw,1.0,deg,3,Car,vehicle,39.2,114.8,63.0,0.0,1,5,5,5,5,1.0,1.0
nuscenes_mini_subset,scene-0103_024,yaw,1.0,deg,4,Car,vehicle,68.3,42.0,42.2,0.0,2,0,0,0,0,,
nuscenes_mini_subset,scene-0103_024,yaw,1.0,deg,5,Car,vehicle,64.8,44.4,33.3,0.0,2,0,0,0,0,,
nuscenes_mini_subset,scene-0103_024,yaw,1.0,deg,6,Car,vehicle,43.5,112.6,63.2,0.0,2,0,0,0,0,,
nuscenes_mini_subset,scene-0103_024,yaw,1.0,deg,7,Car,vehicle,44.4,122.1,64.7,0.0,2,0,0,0,0,,
nuscenes_mini_subset,scene-0103_024,yaw,1.0,deg,8,Car,vehicle,73.0,41.5,43.5,0.0,2,0,0,0,0,,
nuscenes_mini_subset,scene-0103_024,yaw,1.0,deg,9,Car,vehicle,41.2,79.9,73.4,0.52,0,3,5,1,3,0.3333,0.6
nuscenes_mini_subset,scene-0103_024,yaw,1.0,deg,10,Car,vehicle,31.0,88.1,69.9,0.0,0,10,10,9,9,0.9,0.9
nuscenes_mini_subset,scene-0103_024,yaw,1.0,deg,11,Car,vehicle,47.8,66.2,52.4,0.0,2,0,0,0,0,,
nuscenes_mini_subset,scene-0103_024,yaw,1.0,deg,12,Car,vehicle,15.8,188.5,216.8,0.63,2,9,6,6,6,0.6667,1.0
nuscenes_mini_subset,scene-0103_024,yaw,1.0,deg,14,Car,vehicle,55.6,65.7,48.6,0.0,2,1,1,1,1,1.0,1.0
nuscenes_mini_subset,scene-0103_024,yaw,1.0,deg,15,Pedestrian,pedestrian,37.8,29.2,62.1,0.0,2,2,2,0,0,0.0,0.0
nuscenes_mini_subset,scene-0103_024,yaw,1.0,deg,16,Motorcycle,cyclist,32.0,29.7,57.3,0.0,0,1,1,0,0,0.0,0.0
nuscenes_mini_subset,scene-0103_024,yaw,1.0,deg,17,Bicycle,cyclist,61.5,19.7,40.3,0.0,0,2,2,0,0,0.0,0.0
nuscenes_mini_subset,scene-0103_024,yaw,1.0,deg,18,Car,vehicle,41.6,74.3,59.1,0.0,2,0,0,0,0,,
nuscenes_mini_subset,scene-0103_024,yaw,1.0,deg,19,Pedestrian,pedestrian,25.7,42.2,92.3,0.0,0,6,6,3,3,0.5,0.5
nuscenes_mini_subset,scene-0103_024,yaw,1.0,deg,20,Truck,vehicle,47.4,103.7,87.1,0.0,0,10,10,10,10,1.0,1.0
nuscenes_mini_subset,scene-0103_024,yaw,1.0,deg,21,Car,vehicle,8.8,264.3,377.3,0.85,0,99,84,84,84,0.8485,1.0
nuscenes_mini_subset,scene-0103_024,yaw,1.0,deg,22,Pedestrian,pedestrian,53.4,13.3,45.5,0.0,2,0,0,0,0,,
nuscenes_mini_subset,scene-0103_024,yaw,1.0,deg,23,Car,vehicle,70.7,34.7,36.1,0.0,2,0,0,0,0,,
nuscenes_mini_subset,scene-0103_024,yaw,1.0,deg,24,Car,vehicle,21.4,270.2,145.2,0.0,0,18,18,18,18,1.0,1.0
nuscenes_mini_subset,scene-0103_024,yaw,1.0,deg,25,Car,vehicle,35.9,107.7,71.1,0.0,1,3,3,2,2,0.6667,0.6667
nuscenes_mini_subset,scene-0103_024,yaw,2.0,deg,0,Car,vehicle,46.4,124.9,63.1,0.0,2,0,0,0,0,,
nuscenes_mini_subset,scene-0103_024,yaw,2.0,deg,1,Pedestrian,pedestrian,53.4,14.3,43.4,0.0,2,1,1,0,0,0.0,0.0
nuscenes_mini_subset,scene-0103_024,yaw,2.0,deg,2,Car,vehicle,25.9,105.5,90.2,0.0,0,4,4,2,2,0.5,0.5
nuscenes_mini_subset,scene-0103_024,yaw,2.0,deg,3,Car,vehicle,39.2,114.8,63.0,0.0,1,5,5,5,5,1.0,1.0
nuscenes_mini_subset,scene-0103_024,yaw,2.0,deg,4,Car,vehicle,68.3,42.0,42.2,0.0,2,0,0,0,0,,
nuscenes_mini_subset,scene-0103_024,yaw,2.0,deg,5,Car,vehicle,64.8,44.4,33.3,0.0,2,0,0,0,0,,
nuscenes_mini_subset,scene-0103_024,yaw,2.0,deg,6,Car,vehicle,43.5,112.6,63.2,0.0,2,0,0,0,0,,
nuscenes_mini_subset,scene-0103_024,yaw,2.0,deg,7,Car,vehicle,44.4,122.1,64.7,0.0,2,0,0,0,0,,
nuscenes_mini_subset,scene-0103_024,yaw,2.0,deg,8,Car,vehicle,73.0,41.5,43.5,0.0,2,0,0,0,0,,
nuscenes_mini_subset,scene-0103_024,yaw,2.0,deg,9,Car,vehicle,41.2,79.9,73.4,0.52,0,3,5,1,3,0.3333,0.6
nuscenes_mini_subset,scene-0103_024,yaw,2.0,deg,10,Car,vehicle,31.0,88.1,69.9,0.0,0,10,10,5,5,0.5,0.5
nuscenes_mini_subset,scene-0103_024,yaw,2.0,deg,11,Car,vehicle,47.8,66.2,52.4,0.0,2,0,0,0,0,,
nuscenes_mini_subset,scene-0103_024,yaw,2.0,deg,12,Car,vehicle,15.8,188.5,216.8,0.63,2,9,4,4,4,0.4444,1.0
nuscenes_mini_subset,scene-0103_024,yaw,2.0,deg,14,Car,vehicle,55.6,65.7,48.6,0.0,2,1,1,0,0,0.0,0.0
nuscenes_mini_subset,scene-0103_024,yaw,2.0,deg,15,Pedestrian,pedestrian,37.8,29.2,62.1,0.0,2,2,2,0,0,0.0,0.0
nuscenes_mini_subset,scene-0103_024,yaw,2.0,deg,16,Motorcycle,cyclist,32.0,29.7,57.3,0.0,0,1,1,0,0,0.0,0.0
nuscenes_mini_subset,scene-0103_024,yaw,2.0,deg,17,Bicycle,cyclist,61.5,19.7,40.3,0.0,0,2,2,0,0,0.0,0.0
nuscenes_mini_subset,scene-0103_024,yaw,2.0,deg,18,Car,vehicle,41.6,74.3,59.1,0.0,2,0,0,0,0,,
nuscenes_mini_subset,scene-0103_024,yaw,2.0,deg,19,Pedestrian,pedestrian,25.7,42.2,92.3,0.0,0,6,6,0,0,0.0,0.0
nuscenes_mini_subset,scene-0103_024,yaw,2.0,deg,20,Truck,vehicle,47.4,103.7,87.1,0.0,0,10,10,9,9,0.9,0.9
nuscenes_mini_subset,scene-0103_024,yaw,2.0,deg,21,Car,vehicle,8.8,264.3,377.3,0.85,0,99,69,69,69,0.697,1.0
nuscenes_mini_subset,scene-0103_024,yaw,2.0,deg,22,Pedestrian,pedestrian,53.4,13.3,45.5,0.0,2,0,0,0,0,,
nuscenes_mini_subset,scene-0103_024,yaw,2.0,deg,23,Car,vehicle,70.7,34.7,36.1,0.0,2,0,0,0,0,,
nuscenes_mini_subset,scene-0103_024,yaw,2.0,deg,24,Car,vehicle,21.4,270.2,145.2,0.0,0,18,18,18,18,1.0,1.0
nuscenes_mini_subset,scene-0103_024,yaw,2.0,deg,25,Car,vehicle,35.9,107.7,71.1,0.0,1,3,3,0,0,0.0,0.0
nuscenes_mini_subset,scene-0103_024,yaw,3.0,deg,0,Car,vehicle,46.4,124.9,63.1,0.0,2,0,0,0,0,,
nuscenes_mini_subset,scene-0103_024,yaw,3.0,deg,1,Pedestrian,pedestrian,53.4,14.3,43.4,0.0,2,1,1,0,0,0.0,0.0
nuscenes_mini_subset,scene-0103_024,yaw,3.0,deg,2,Car,vehicle,25.9,105.5,90.2,0.0,0,4,4,1,1,0.25,0.25
nuscenes_mini_subset,scene-0103_024,yaw,3.0,deg,3,Car,vehicle,39.2,114.8,63.0,0.0,1,5,5,2,2,0.4,0.4
nuscenes_mini_subset,scene-0103_024,yaw,3.0,deg,4,Car,vehicle,68.3,42.0,42.2,0.0,2,0,0,0,0,,
nuscenes_mini_subset,scene-0103_024,yaw,3.0,deg,5,Car,vehicle,64.8,44.4,33.3,0.0,2,0,0,0,0,,
nuscenes_mini_subset,scene-0103_024,yaw,3.0,deg,6,Car,vehicle,43.5,112.6,63.2,0.0,2,0,0,0,0,,
nuscenes_mini_subset,scene-0103_024,yaw,3.0,deg,7,Car,vehicle,44.4,122.1,64.7,0.0,2,0,0,0,0,,
nuscenes_mini_subset,scene-0103_024,yaw,3.0,deg,8,Car,vehicle,73.0,41.5,43.5,0.0,2,0,0,0,0,,
nuscenes_mini_subset,scene-0103_024,yaw,3.0,deg,9,Car,vehicle,41.2,79.9,73.4,0.52,0,3,5,0,2,0.0,0.4
nuscenes_mini_subset,scene-0103_024,yaw,3.0,deg,10,Car,vehicle,31.0,88.1,69.9,0.0,0,10,10,2,2,0.2,0.2
nuscenes_mini_subset,scene-0103_024,yaw,3.0,deg,11,Car,vehicle,47.8,66.2,52.4,0.0,2,0,0,0,0,,
nuscenes_mini_subset,scene-0103_024,yaw,3.0,deg,12,Car,vehicle,15.8,188.5,216.8,0.63,2,9,3,3,3,0.3333,1.0
nuscenes_mini_subset,scene-0103_024,yaw,3.0,deg,14,Car,vehicle,55.6,65.7,48.6,0.0,2,1,1,0,0,0.0,0.0
nuscenes_mini_subset,scene-0103_024,yaw,3.0,deg,15,Pedestrian,pedestrian,37.8,29.2,62.1,0.0,2,2,2,0,0,0.0,0.0
nuscenes_mini_subset,scene-0103_024,yaw,3.0,deg,16,Motorcycle,cyclist,32.0,29.7,57.3,0.0,0,1,1,0,0,0.0,0.0
nuscenes_mini_subset,scene-0103_024,yaw,3.0,deg,17,Bicycle,cyclist,61.5,19.7,40.3,0.0,0,2,2,0,0,0.0,0.0
nuscenes_mini_subset,scene-0103_024,yaw,3.0,deg,18,Car,vehicle,41.6,74.3,59.1,0.0,2,0,0,0,0,,
nuscenes_mini_subset,scene-0103_024,yaw,3.0,deg,19,Pedestrian,pedestrian,25.7,42.2,92.3,0.0,0,6,6,0,0,0.0,0.0
nuscenes_mini_subset,scene-0103_024,yaw,3.0,deg,20,Truck,vehicle,47.4,103.7,87.1,0.0,0,10,10,6,6,0.6,0.6
nuscenes_mini_subset,scene-0103_024,yaw,3.0,deg,21,Car,vehicle,8.8,264.3,377.3,0.85,0,99,55,55,55,0.5556,1.0
nuscenes_mini_subset,scene-0103_024,yaw,3.0,deg,22,Pedestrian,pedestrian,53.4,13.3,45.5,0.0,2,0,0,0,0,,
nuscenes_mini_subset,scene-0103_024,yaw,3.0,deg,23,Car,vehicle,70.7,34.7,36.1,0.0,2,0,0,0,0,,
nuscenes_mini_subset,scene-0103_024,yaw,3.0,deg,24,Car,vehicle,21.4,270.2,145.2,0.0,0,18,18,15,15,0.8333,0.8333
nuscenes_mini_subset,scene-0103_024,yaw,3.0,deg,25,Car,vehicle,35.9,107.7,71.1,0.0,1,3,3,0,0,0.0,0.0
nuscenes_mini_subset,scene-0103_025,yaw,0.0,deg,0,Car,vehicle,44.5,134.8,66.5,0.0,2,0,0,0,0,,
nuscenes_mini_subset,scene-0103_025,yaw,0.0,deg,1,Pedestrian,pedestrian,52.1,14.7,44.6,0.0,2,0,0,0,0,,
nuscenes_mini_subset,scene-0103_025,yaw,0.0,deg,2,Car,vehicle,28.2,100.2,81.9,0.0,0,1,1,1,1,1.0,1.0
nuscenes_mini_subset,scene-0103_025,yaw,0.0,deg,3,Car,vehicle,37.3,125.9,67.2,0.0,1,4,4,4,4,1.0,1.0
nuscenes_mini_subset,scene-0103_025,yaw,0.0,deg,4,Car,vehicle,66.2,43.7,43.6,0.0,2,0,0,0,0,,
nuscenes_mini_subset,scene-0103_025,yaw,0.0,deg,5,Car,vehicle,62.7,46.2,34.5,0.0,2,1,1,1,1,1.0,1.0
nuscenes_mini_subset,scene-0103_025,yaw,0.0,deg,6,Car,vehicle,41.5,121.2,66.8,0.0,2,2,2,2,2,1.0,1.0
nuscenes_mini_subset,scene-0103_025,yaw,0.0,deg,7,Car,vehicle,42.4,131.9,68.4,0.0,2,0,0,0,0,,
nuscenes_mini_subset,scene-0103_025,yaw,0.0,deg,8,Car,vehicle,70.9,43.0,44.9,0.0,2,0,0,0,0,,
nuscenes_mini_subset,scene-0103_025,yaw,0.0,deg,9,Car,vehicle,39.4,42.2,78.4,0.77,0,1,1,1,1,1.0,1.0
nuscenes_mini_subset,scene-0103_025,yaw,0.0,deg,10,Car,vehicle,28.9,96.9,75.1,0.0,0,15,15,15,15,1.0,1.0
nuscenes_mini_subset,scene-0103_025,yaw,0.0,deg,11,Car,vehicle,45.7,70.0,55.0,0.0,2,1,1,1,1,1.0,1.0
nuscenes_mini_subset,scene-0103_025,yaw,0.0,deg,12,Car,vehicle,14.1,77.9,276.2,0.89,2,11,11,11,11,1.0,1.0
nuscenes_mini_subset,scene-0103_025,yaw,0.0,deg,14,Car,vehicle,53.5,69.1,50.9,0.0,2,1,1,1,1,1.0,1.0
nuscenes_mini_subset,scene-0103_025,yaw,0.0,deg,15,Pedestrian,pedestrian,36.4,30.9,64.9,0.0,2,3,3,3,3,1.0,1.0
nuscenes_mini_subset,scene-0103_025,yaw,0.0,deg,16,Motorcycle,cyclist,30.0,27.4,61.7,0.0,0,2,2,2,2,1.0,1.0
nuscenes_mini_subset,scene-0103_025,yaw,0.0,deg,17,Bicycle,cyclist,56.7,20.4,43.8,0.0,0,2,2,2,2,1.0,1.0
nuscenes_mini_subset,scene-0103_025,yaw,0.0,deg,18,Car,vehicle,39.5,79.5,62.4,0.0,2,1,1,1,1,1.0,1.0
nuscenes_mini_subset,scene-0103_025,yaw,0.0,deg,19,Pedestrian,pedestrian,24.5,45.3,97.6,0.0,0,4,4,4,4,1.0,1.0
nuscenes_mini_subset,scene-0103_025,yaw,0.0,deg,20,Truck,vehicle,45.2,110.4,91.7,0.0,0,10,10,10,10,1.0,1.0
nuscenes_mini_subset,scene-0103_025,yaw,0.0,deg,21,Car,vehicle,7.4,38.5,365.1,1.0,0,0,0,0,0,,
nuscenes_mini_subset,scene-0103_025,yaw,0.0,deg,22,Pedestrian,pedestrian,52.0,13.7,46.7,0.0,2,0,0,0,0,,
nuscenes_mini_subset,scene-0103_025,yaw,0.0,deg,23,Car,vehicle,68.6,35.9,37.3,0.0,2,0,0,0,0,,
nuscenes_mini_subset,scene-0103_025,yaw,0.0,deg,24,Car,vehicle,51.3,53.2,43.8,0.0,2,1,1,1,1,1.0,1.0
nuscenes_mini_subset,scene-0103_025,yaw,0.0,deg,25,Car,vehicle,19.5,318.4,165.1,0.0,0,30,30,30,30,1.0,1.0
nuscenes_mini_subset,scene-0103_025,yaw,0.0,deg,26,Car,vehicle,33.8,116.5,75.9,0.0,1,1,1,1,1,1.0,1.0
nuscenes_mini_subset,scene-0103_025,yaw,0.5,deg,0,Car,vehicle,44.5,134.8,66.5,0.0,2,0,0,0,0,,
nuscenes_mini_subset,scene-0103_025,yaw,0.5,deg,1,Pedestrian,pedestrian,52.1,14.7,44.6,0.0,2,0,0,0,0,,
nuscenes_mini_subset,scene-0103_025,yaw,0.5,deg,2,Car,vehicle,28.2,100.2,81.9,0.0,0,1,1,1,1,1.0,1.0
nuscenes_mini_subset,scene-0103_025,yaw,0.5,deg,3,Car,vehicle,37.3,125.9,67.2,0.0,1,4,4,4,4,1.0,1.0
nuscenes_mini_subset,scene-0103_025,yaw,0.5,deg,4,Car,vehicle,66.2,43.7,43.6,0.0,2,0,0,0,0,,
nuscenes_mini_subset,scene-0103_025,yaw,0.5,deg,5,Car,vehicle,62.7,46.2,34.5,0.0,2,1,1,1,1,1.0,1.0
nuscenes_mini_subset,scene-0103_025,yaw,0.5,deg,6,Car,vehicle,41.5,121.2,66.8,0.0,2,2,2,2,2,1.0,1.0
nuscenes_mini_subset,scene-0103_025,yaw,0.5,deg,7,Car,vehicle,42.4,131.9,68.4,0.0,2,0,0,0,0,,
nuscenes_mini_subset,scene-0103_025,yaw,0.5,deg,8,Car,vehicle,70.9,43.0,44.9,0.0,2,0,0,0,0,,
nuscenes_mini_subset,scene-0103_025,yaw,0.5,deg,9,Car,vehicle,39.4,42.2,78.4,0.77,0,1,1,1,1,1.0,1.0
nuscenes_mini_subset,scene-0103_025,yaw,0.5,deg,10,Car,vehicle,28.9,96.9,75.1,0.0,0,15,15,15,15,1.0,1.0
nuscenes_mini_subset,scene-0103_025,yaw,0.5,deg,11,Car,vehicle,45.7,70.0,55.0,0.0,2,1,1,1,1,1.0,1.0
nuscenes_mini_subset,scene-0103_025,yaw,0.5,deg,12,Car,vehicle,14.1,77.9,276.2,0.89,2,11,9,9,9,0.8182,1.0
nuscenes_mini_subset,scene-0103_025,yaw,0.5,deg,14,Car,vehicle,53.5,69.1,50.9,0.0,2,1,1,1,1,1.0,1.0
nuscenes_mini_subset,scene-0103_025,yaw,0.5,deg,15,Pedestrian,pedestrian,36.4,30.9,64.9,0.0,2,3,3,2,2,0.6667,0.6667
nuscenes_mini_subset,scene-0103_025,yaw,0.5,deg,16,Motorcycle,cyclist,30.0,27.4,61.7,0.0,0,2,2,2,2,1.0,1.0
nuscenes_mini_subset,scene-0103_025,yaw,0.5,deg,17,Bicycle,cyclist,56.7,20.4,43.8,0.0,0,2,2,1,1,0.5,0.5
nuscenes_mini_subset,scene-0103_025,yaw,0.5,deg,18,Car,vehicle,39.5,79.5,62.4,0.0,2,1,1,1,1,1.0,1.0
nuscenes_mini_subset,scene-0103_025,yaw,0.5,deg,19,Pedestrian,pedestrian,24.5,45.3,97.6,0.0,0,4,4,3,3,0.75,0.75
nuscenes_mini_subset,scene-0103_025,yaw,0.5,deg,20,Truck,vehicle,45.2,110.4,91.7,0.0,0,10,10,10,10,1.0,1.0
nuscenes_mini_subset,scene-0103_025,yaw,0.5,deg,21,Car,vehicle,7.4,38.5,365.1,1.0,0,0,0,0,0,,
nuscenes_mini_subset,scene-0103_025,yaw,0.5,deg,22,Pedestrian,pedestrian,52.0,13.7,46.7,0.0,2,0,0,0,0,,
nuscenes_mini_subset,scene-0103_025,yaw,0.5,deg,23,Car,vehicle,68.6,35.9,37.3,0.0,2,0,0,0,0,,
nuscenes_mini_subset,scene-0103_025,yaw,0.5,deg,24,Car,vehicle,51.3,53.2,43.8,0.0,2,1,1,0,0,0.0,0.0
nuscenes_mini_subset,scene-0103_025,yaw,0.5,deg,25,Car,vehicle,19.5,318.4,165.1,0.0,0,30,30,30,30,1.0,1.0
nuscenes_mini_subset,scene-0103_025,yaw,0.5,deg,26,Car,vehicle,33.8,116.5,75.9,0.0,1,1,1,1,1,1.0,1.0
nuscenes_mini_subset,scene-0103_025,yaw,1.0,deg,0,Car,vehicle,44.5,134.8,66.5,0.0,2,0,0,0,0,,
nuscenes_mini_subset,scene-0103_025,yaw,1.0,deg,1,Pedestrian,pedestrian,52.1,14.7,44.6,0.0,2,0,0,0,0,,
nuscenes_mini_subset,scene-0103_025,yaw,1.0,deg,2,Car,vehicle,28.2,100.2,81.9,0.0,0,1,1,1,1,1.0,1.0
nuscenes_mini_subset,scene-0103_025,yaw,1.0,deg,3,Car,vehicle,37.3,125.9,67.2,0.0,1,4,4,4,4,1.0,1.0
nuscenes_mini_subset,scene-0103_025,yaw,1.0,deg,4,Car,vehicle,66.2,43.7,43.6,0.0,2,0,0,0,0,,
nuscenes_mini_subset,scene-0103_025,yaw,1.0,deg,5,Car,vehicle,62.7,46.2,34.5,0.0,2,1,1,0,0,0.0,0.0
nuscenes_mini_subset,scene-0103_025,yaw,1.0,deg,6,Car,vehicle,41.5,121.2,66.8,0.0,2,2,2,2,2,1.0,1.0
nuscenes_mini_subset,scene-0103_025,yaw,1.0,deg,7,Car,vehicle,42.4,131.9,68.4,0.0,2,0,0,0,0,,
nuscenes_mini_subset,scene-0103_025,yaw,1.0,deg,8,Car,vehicle,70.9,43.0,44.9,0.0,2,0,0,0,0,,
nuscenes_mini_subset,scene-0103_025,yaw,1.0,deg,9,Car,vehicle,39.4,42.2,78.4,0.77,0,1,2,0,1,0.0,0.5
nuscenes_mini_subset,scene-0103_025,yaw,1.0,deg,10,Car,vehicle,28.9,96.9,75.1,0.0,0,15,15,13,13,0.8667,0.8667
nuscenes_mini_subset,scene-0103_025,yaw,1.0,deg,11,Car,vehicle,45.7,70.0,55.0,0.0,2,1,1,0,0,0.0,0.0
nuscenes_mini_subset,scene-0103_025,yaw,1.0,deg,12,Car,vehicle,14.1,77.9,276.2,0.89,2,11,3,3,3,0.2727,1.0
nuscenes_mini_subset,scene-0103_025,yaw,1.0,deg,14,Car,vehicle,53.5,69.1,50.9,0.0,2,1,1,1,1,1.0,1.0
nuscenes_mini_subset,scene-0103_025,yaw,1.0,deg,15,Pedestrian,pedestrian,36.4,30.9,64.9,0.0,2,3,3,0,0,0.0,0.0
nuscenes_mini_subset,scene-0103_025,yaw,1.0,deg,16,Motorcycle,cyclist,30.0,27.4,61.7,0.0,0,2,2,0,0,0.0,0.0
nuscenes_mini_subset,scene-0103_025,yaw,1.0,deg,17,Bicycle,cyclist,56.7,20.4,43.8,0.0,0,2,2,0,0,0.0,0.0
nuscenes_mini_subset,scene-0103_025,yaw,1.0,deg,18,Car,vehicle,39.5,79.5,62.4,0.0,2,1,1,0,0,0.0,0.0
nuscenes_mini_subset,scene-0103_025,yaw,1.0,deg,19,Pedestrian,pedestrian,24.5,45.3,97.6,0.0,0,4,4,2,2,0.5,0.5
nuscenes_mini_subset,scene-0103_025,yaw,1.0,deg,20,Truck,vehicle,45.2,110.4,91.7,0.0,0,10,10,10,10,1.0,1.0
nuscenes_mini_subset,scene-0103_025,yaw,1.0,deg,21,Car,vehicle,7.4,38.5,365.1,1.0,0,0,0,0,0,,
nuscenes_mini_subset,scene-0103_025,yaw,1.0,deg,22,Pedestrian,pedestrian,52.0,13.7,46.7,0.0,2,0,0,0,0,,
nuscenes_mini_subset,scene-0103_025,yaw,1.0,deg,23,Car,vehicle,68.6,35.9,37.3,0.0,2,0,0,0,0,,
nuscenes_mini_subset,scene-0103_025,yaw,1.0,deg,24,Car,vehicle,51.3,53.2,43.8,0.0,2,1,1,0,0,0.0,0.0
nuscenes_mini_subset,scene-0103_025,yaw,1.0,deg,25,Car,vehicle,19.5,318.4,165.1,0.0,0,30,30,29,29,0.9667,0.9667
nuscenes_mini_subset,scene-0103_025,yaw,1.0,deg,26,Car,vehicle,33.8,116.5,75.9,0.0,1,1,1,1,1,1.0,1.0
nuscenes_mini_subset,scene-0103_025,yaw,2.0,deg,0,Car,vehicle,44.5,134.8,66.5,0.0,2,0,0,0,0,,
nuscenes_mini_subset,scene-0103_025,yaw,2.0,deg,1,Pedestrian,pedestrian,52.1,14.7,44.6,0.0,2,0,0,0,0,,
nuscenes_mini_subset,scene-0103_025,yaw,2.0,deg,2,Car,vehicle,28.2,100.2,81.9,0.0,0,1,1,1,1,1.0,1.0
nuscenes_mini_subset,scene-0103_025,yaw,2.0,deg,3,Car,vehicle,37.3,125.9,67.2,0.0,1,4,4,4,4,1.0,1.0
nuscenes_mini_subset,scene-0103_025,yaw,2.0,deg,4,Car,vehicle,66.2,43.7,43.6,0.0,2,0,0,0,0,,
nuscenes_mini_subset,scene-0103_025,yaw,2.0,deg,5,Car,vehicle,62.7,46.2,34.5,0.0,2,1,1,0,0,0.0,0.0
nuscenes_mini_subset,scene-0103_025,yaw,2.0,deg,6,Car,vehicle,41.5,121.2,66.8,0.0,2,2,2,2,2,1.0,1.0
nuscenes_mini_subset,scene-0103_025,yaw,2.0,deg,7,Car,vehicle,42.4,131.9,68.4,0.0,2,0,0,0,0,,
nuscenes_mini_subset,scene-0103_025,yaw,2.0,deg,8,Car,vehicle,70.9,43.0,44.9,0.0,2,0,0,0,0,,
nuscenes_mini_subset,scene-0103_025,yaw,2.0,deg,9,Car,vehicle,39.4,42.2,78.4,0.77,0,1,4,0,3,0.0,0.75
nuscenes_mini_subset,scene-0103_025,yaw,2.0,deg,10,Car,vehicle,28.9,96.9,75.1,0.0,0,15,15,8,8,0.5333,0.5333
nuscenes_mini_subset,scene-0103_025,yaw,2.0,deg,11,Car,vehicle,45.7,70.0,55.0,0.0,2,1,1,0,0,0.0,0.0
nuscenes_mini_subset,scene-0103_025,yaw,2.0,deg,12,Car,vehicle,14.1,77.9,276.2,0.89,2,11,0,0,0,0.0,
nuscenes_mini_subset,scene-0103_025,yaw,2.0,deg,14,Car,vehicle,53.5,69.1,50.9,0.0,2,1,1,0,0,0.0,0.0
nuscenes_mini_subset,scene-0103_025,yaw,2.0,deg,15,Pedestrian,pedestrian,36.4,30.9,64.9,0.0,2,3,3,0,0,0.0,0.0
nuscenes_mini_subset,scene-0103_025,yaw,2.0,deg,16,Motorcycle,cyclist,30.0,27.4,61.7,0.0,0,2,2,0,0,0.0,0.0
nuscenes_mini_subset,scene-0103_025,yaw,2.0,deg,17,Bicycle,cyclist,56.7,20.4,43.8,0.0,0,2,2,0,0,0.0,0.0
nuscenes_mini_subset,scene-0103_025,yaw,2.0,deg,18,Car,vehicle,39.5,79.5,62.4,0.0,2,1,1,0,0,0.0,0.0
nuscenes_mini_subset,scene-0103_025,yaw,2.0,deg,19,Pedestrian,pedestrian,24.5,45.3,97.6,0.0,0,4,4,0,0,0.0,0.0
nuscenes_mini_subset,scene-0103_025,yaw,2.0,deg,20,Truck,vehicle,45.2,110.4,91.7,0.0,0,10,10,10,10,1.0,1.0
nuscenes_mini_subset,scene-0103_025,yaw,2.0,deg,21,Car,vehicle,7.4,38.5,365.1,1.0,0,0,0,0,0,,
nuscenes_mini_subset,scene-0103_025,yaw,2.0,deg,22,Pedestrian,pedestrian,52.0,13.7,46.7,0.0,2,0,0,0,0,,
nuscenes_mini_subset,scene-0103_025,yaw,2.0,deg,23,Car,vehicle,68.6,35.9,37.3,0.0,2,0,0,0,0,,
nuscenes_mini_subset,scene-0103_025,yaw,2.0,deg,24,Car,vehicle,51.3,53.2,43.8,0.0,2,1,1,0,0,0.0,0.0
nuscenes_mini_subset,scene-0103_025,yaw,2.0,deg,25,Car,vehicle,19.5,318.4,165.1,0.0,0,30,30,24,24,0.8,0.8
nuscenes_mini_subset,scene-0103_025,yaw,2.0,deg,26,Car,vehicle,33.8,116.5,75.9,0.0,1,1,1,0,0,0.0,0.0
nuscenes_mini_subset,scene-0103_025,yaw,3.0,deg,0,Car,vehicle,44.5,134.8,66.5,0.0,2,0,0,0,0,,
nuscenes_mini_subset,scene-0103_025,yaw,3.0,deg,1,Pedestrian,pedestrian,52.1,14.7,44.6,0.0,2,0,0,0,0,,
nuscenes_mini_subset,scene-0103_025,yaw,3.0,deg,2,Car,vehicle,28.2,100.2,81.9,0.0,0,1,1,0,0,0.0,0.0
nuscenes_mini_subset,scene-0103_025,yaw,3.0,deg,3,Car,vehicle,37.3,125.9,67.2,0.0,1,4,4,2,2,0.5,0.5
nuscenes_mini_subset,scene-0103_025,yaw,3.0,deg,4,Car,vehicle,66.2,43.7,43.6,0.0,2,0,0,0,0,,
nuscenes_mini_subset,scene-0103_025,yaw,3.0,deg,5,Car,vehicle,62.7,46.2,34.5,0.0,2,1,1,0,0,0.0,0.0
nuscenes_mini_subset,scene-0103_025,yaw,3.0,deg,6,Car,vehicle,41.5,121.2,66.8,0.0,2,2,2,0,0,0.0,0.0
nuscenes_mini_subset,scene-0103_025,yaw,3.0,deg,7,Car,vehicle,42.4,131.9,68.4,0.0,2,0,0,0,0,,
nuscenes_mini_subset,scene-0103_025,yaw,3.0,deg,8,Car,vehicle,70.9,43.0,44.9,0.0,2,0,0,0,0,,
nuscenes_mini_subset,scene-0103_025,yaw,3.0,deg,9,Car,vehicle,39.4,42.2,78.4,0.77,0,1,5,0,2,0.0,0.4
nuscenes_mini_subset,scene-0103_025,yaw,3.0,deg,10,Car,vehicle,28.9,96.9,75.1,0.0,0,15,15,4,4,0.2667,0.2667
nuscenes_mini_subset,scene-0103_025,yaw,3.0,deg,11,Car,vehicle,45.7,70.0,55.0,0.0,2,1,1,0,0,0.0,0.0
nuscenes_mini_subset,scene-0103_025,yaw,3.0,deg,12,Car,vehicle,14.1,77.9,276.2,0.89,2,11,0,0,0,0.0,
nuscenes_mini_subset,scene-0103_025,yaw,3.0,deg,14,Car,vehicle,53.5,69.1,50.9,0.0,2,1,1,0,0,0.0,0.0
nuscenes_mini_subset,scene-0103_025,yaw,3.0,deg,15,Pedestrian,pedestrian,36.4,30.9,64.9,0.0,2,3,3,0,0,0.0,0.0
nuscenes_mini_subset,scene-0103_025,yaw,3.0,deg,16,Motorcycle,cyclist,30.0,27.4,61.7,0.0,0,2,2,0,0,0.0,0.0
nuscenes_mini_subset,scene-0103_025,yaw,3.0,deg,17,Bicycle,cyclist,56.7,20.4,43.8,0.0,0,2,2,0,0,0.0,0.0
nuscenes_mini_subset,scene-0103_025,yaw,3.0,deg,18,Car,vehicle,39.5,79.5,62.4,0.0,2,1,1,0,0,0.0,0.0
nuscenes_mini_subset,scene-0103_025,yaw,3.0,deg,19,Pedestrian,pedestrian,24.5,45.3,97.6,0.0,0,4,4,0,0,0.0,0.0
nuscenes_mini_subset,scene-0103_025,yaw,3.0,deg,20,Truck,vehicle,45.2,110.4,91.7,0.0,0,10,10,8,8,0.8,0.8
nuscenes_mini_subset,scene-0103_025,yaw,3.0,deg,21,Car,vehicle,7.4,38.5,365.1,1.0,0,0,0,0,0,,
nuscenes_mini_subset,scene-0103_025,yaw,3.0,deg,22,Pedestrian,pedestrian,52.0,13.7,46.7,0.0,2,0,0,0,0,,
nuscenes_mini_subset,scene-0103_025,yaw,3.0,deg,23,Car,vehicle,68.6,35.9,37.3,0.0,2,0,0,0,0,,
nuscenes_mini_subset,scene-0103_025,yaw,3.0,deg,24,Car,vehicle,51.3,53.2,43.8,0.0,2,1,1,0,0,0.0,0.0
nuscenes_mini_subset,scene-0103_025,yaw,3.0,deg,25,Car,vehicle,19.5,318.4,165.1,0.0,0,30,25,21,21,0.7,0.84
nuscenes_mini_subset,scene-0103_025,yaw,3.0,deg,26,Car,vehicle,33.8,116.5,75.9,0.0,1,1,1,0,0,0.0,0.0
nuscenes_mini_subset,scene-0103_026,yaw,0.0,deg,0,Car,vehicle,42.4,147.3,70.8,0.0,2,0,0,0,0,,
nuscenes_mini_subset,scene-0103_026,yaw,0.0,deg,1,Pedestrian,pedestrian,50.5,15.3,46.2,0.0,2,0,0,0,0,,
nuscenes_mini_subset,scene-0103_026,yaw,0.0,deg,2,Car,vehicle,30.7,91.3,75.1,0.0,0,1,1,1,1,1.0,1.0
nuscenes_mini_subset,scene-0103_026,yaw,0.0,deg,3,Car,vehicle,35.1,140.6,72.5,0.0,1,5,5,5,5,1.0,1.0
nuscenes_mini_subset,scene-0103_026,yaw,0.0,deg,4,Car,vehicle,63.9,45.7,45.5,0.0,2,0,0,0,0,,
nuscenes_mini_subset,scene-0103_026,yaw,0.0,deg,5,Car,vehicle,60.3,48.4,35.5,0.0,2,0,0,0,0,,
nuscenes_mini_subset,scene-0103_026,yaw,0.0,deg,6,Car,vehicle,39.3,132.2,71.3,0.0,0,2,2,2,2,1.0,1.0
nuscenes_mini_subset,scene-0103_026,yaw,0.0,deg,7,Car,vehicle,40.2,144.5,73.0,0.0,2,0,0,0,0,,
nuscenes_mini_subset,scene-0103_026,yaw,0.0,deg,8,Car,vehicle,68.5,44.9,46.7,0.0,2,0,0,0,0,,
nuscenes_mini_subset,scene-0103_026,yaw,0.0,deg,9,Car,vehicle,26.6,108.9,82.9,0.0,0,20,20,20,20,1.0,1.0
nuscenes_mini_subset,scene-0103_026,yaw,0.0,deg,10,Car,vehicle,43.4,74.8,58.4,0.0,2,0,0,0,0,,
nuscenes_mini_subset,scene-0103_026,yaw,0.0,deg,12,Car,vehicle,51.1,73.2,53.9,0.0,2,2,2,2,2,1.0,1.0
nuscenes_mini_subset,scene-0103_026,yaw,0.0,deg,13,Pedestrian,pedestrian,34.8,33.1,68.4,0.0,2,3,3,3,3,1.0,1.0
nuscenes_mini_subset,scene-0103_026,yaw,0.0,deg,14,Motorcycle,cyclist,27.8,32.8,67.6,0.0,0,1,1,1,1,1.0,1.0
nuscenes_mini_subset,scene-0103_026,yaw,0.0,deg,15,Bicycle,cyclist,51.6,22.5,48.4,0.0,0,1,1,1,1,1.0,1.0
nuscenes_mini_subset,scene-0103_026,yaw,0.0,deg,16,Car,vehicle,37.2,86.0,66.7,0.0,1,1,1,1,1,1.0,1.0
nuscenes_mini_subset,scene-0103_026,yaw,0.0,deg,17,Pedestrian,pedestrian,22.9,50.1,105.3,0.0,0,5,5,5,5,1.0,1.0
nuscenes_mini_subset,scene-0103_026,yaw,0.0,deg,18,Truck,vehicle,42.9,119.0,97.4,0.0,0,15,15,15,15,1.0,1.0
nuscenes_mini_subset,scene-0103_026,yaw,0.0,deg,19,Pedestrian,pedestrian,50.4,14.3,48.3,0.0,2,0,0,0,0,,
nuscenes_mini_subset,scene-0103_026,yaw,0.0,deg,20,Car,vehicle,66.3,37.4,39.1,0.0,2,1,1,1,1,1.0,1.0
nuscenes_mini_subset,scene-0103_026,yaw,0.0,deg,21,Car,vehicle,49.0,56.4,46.2,0.0,2,0,0,0,0,,
nuscenes_mini_subset,scene-0103_026,yaw,0.0,deg,22,Car,vehicle,17.5,288.6,197.9,0.29,0,31,31,31,31,1.0,1.0
nuscenes_mini_subset,scene-0103_026,yaw,0.0,deg,23,Car,vehicle,31.5,128.0,82.2,0.0,1,2,2,2,2,1.0,1.0
nuscenes_mini_subset,scene-0103_026,yaw,0.5,deg,0,Car,vehicle,42.4,147.3,70.8,0.0,2,0,0,0,0,,
nuscenes_mini_subset,scene-0103_026,yaw,0.5,deg,1,Pedestrian,pedestrian,50.5,15.3,46.2,0.0,2,0,0,0,0,,
nuscenes_mini_subset,scene-0103_026,yaw,0.5,deg,2,Car,vehicle,30.7,91.3,75.1,0.0,0,1,1,1,1,1.0,1.0
nuscenes_mini_subset,scene-0103_026,yaw,0.5,deg,3,Car,vehicle,35.1,140.6,72.5,0.0,1,5,5,5,5,1.0,1.0
nuscenes_mini_subset,scene-0103_026,yaw,0.5,deg,4,Car,vehicle,63.9,45.7,45.5,0.0,2,0,0,0,0,,
nuscenes_mini_subset,scene-0103_026,yaw,0.5,deg,5,Car,vehicle,60.3,48.4,35.5,0.0,2,0,0,0,0,,
nuscenes_mini_subset,scene-0103_026,yaw,0.5,deg,6,Car,vehicle,39.3,132.2,71.3,0.0,0,2,2,1,1,0.5,0.5
nuscenes_mini_subset,scene-0103_026,yaw,0.5,deg,7,Car,vehicle,40.2,144.5,73.0,0.0,2,0,0,0,0,,
nuscenes_mini_subset,scene-0103_026,yaw,0.5,deg,8,Car,vehicle,68.5,44.9,46.7,0.0,2,0,0,0,0,,
nuscenes_mini_subset,scene-0103_026,yaw,0.5,deg,9,Car,vehicle,26.6,108.9,82.9,0.0,0,20,20,20,20,1.0,1.0
nuscenes_mini_subset,scene-0103_026,yaw,0.5,deg,10,Car,vehicle,43.4,74.8,58.4,0.0,2,0,0,0,0,,
nuscenes_mini_subset,scene-0103_026,yaw,0.5,deg,12,Car,vehicle,51.1,73.2,53.9,0.0,2,2,2,2,2,1.0,1.0
nuscenes_mini_subset,scene-0103_026,yaw,0.5,deg,13,Pedestrian,pedestrian,34.8,33.1,68.4,0.0,2,3,3,2,2,0.6667,0.6667
nuscenes_mini_subset,scene-0103_026,yaw,0.5,deg,14,Motorcycle,cyclist,27.8,32.8,67.6,0.0,0,1,1,1,1,1.0,1.0
nuscenes_mini_subset,scene-0103_026,yaw,0.5,deg,15,Bicycle,cyclist,51.6,22.5,48.4,0.0,0,1,1,0,0,0.0,0.0
nuscenes_mini_subset,scene-0103_026,yaw,0.5,deg,16,Car,vehicle,37.2,86.0,66.7,0.0,1,1,1,1,1,1.0,1.0
nuscenes_mini_subset,scene-0103_026,yaw,0.5,deg,17,Pedestrian,pedestrian,22.9,50.1,105.3,0.0,0,5,5,5,5,1.0,1.0
nuscenes_mini_subset,scene-0103_026,yaw,0.5,deg,18,Truck,vehicle,42.9,119.0,97.4,0.0,0,15,15,15,15,1.0,1.0
nuscenes_mini_subset,scene-0103_026,yaw,0.5,deg,19,Pedestrian,pedestrian,50.4,14.3,48.3,0.0,2,0,0,0,0,,
nuscenes_mini_subset,scene-0103_026,yaw,0.5,deg,20,Car,vehicle,66.3,37.4,39.1,0.0,2,1,1,1,1,1.0,1.0
nuscenes_mini_subset,scene-0103_026,yaw,0.5,deg,21,Car,vehicle,49.0,56.4,46.2,0.0,2,0,0,0,0,,
nuscenes_mini_subset,scene-0103_026,yaw,0.5,deg,22,Car,vehicle,17.5,288.6,197.9,0.29,0,31,29,29,29,0.9355,1.0
nuscenes_mini_subset,scene-0103_026,yaw,0.5,deg,23,Car,vehicle,31.5,128.0,82.2,0.0,1,2,2,2,2,1.0,1.0
nuscenes_mini_subset,scene-0103_026,yaw,1.0,deg,0,Car,vehicle,42.4,147.3,70.8,0.0,2,0,0,0,0,,
nuscenes_mini_subset,scene-0103_026,yaw,1.0,deg,1,Pedestrian,pedestrian,50.5,15.3,46.2,0.0,2,0,0,0,0,,
nuscenes_mini_subset,scene-0103_026,yaw,1.0,deg,2,Car,vehicle,30.7,91.3,75.1,0.0,0,1,1,1,1,1.0,1.0
nuscenes_mini_subset,scene-0103_026,yaw,1.0,deg,3,Car,vehicle,35.1,140.6,72.5,0.0,1,5,5,5,5,1.0,1.0
nuscenes_mini_subset,scene-0103_026,yaw,1.0,deg,4,Car,vehicle,63.9,45.7,45.5,0.0,2,0,0,0,0,,
nuscenes_mini_subset,scene-0103_026,yaw,1.0,deg,5,Car,vehicle,60.3,48.4,35.5,0.0,2,0,0,0,0,,
nuscenes_mini_subset,scene-0103_026,yaw,1.0,deg,6,Car,vehicle,39.3,132.2,71.3,0.0,0,2,2,1,1,0.5,0.5
nuscenes_mini_subset,scene-0103_026,yaw,1.0,deg,7,Car,vehicle,40.2,144.5,73.0,0.0,2,0,0,0,0,,
nuscenes_mini_subset,scene-0103_026,yaw,1.0,deg,8,Car,vehicle,68.5,44.9,46.7,0.0,2,0,0,0,0,,
nuscenes_mini_subset,scene-0103_026,yaw,1.0,deg,9,Car,vehicle,26.6,108.9,82.9,0.0,0,20,20,19,19,0.95,0.95
nuscenes_mini_subset,scene-0103_026,yaw,1.0,deg,10,Car,vehicle,43.4,74.8,58.4,0.0,2,0,0,0,0,,
nuscenes_mini_subset,scene-0103_026,yaw,1.0,deg,12,Car,vehicle,51.1,73.2,53.9,0.0,2,2,2,2,2,1.0,1.0
nuscenes_mini_subset,scene-0103_026,yaw,1.0,deg,13,Pedestrian,pedestrian,34.8,33.1,68.4,0.0,2,3,3,1,1,0.3333,0.3333
nuscenes_mini_subset,scene-0103_026,yaw,1.0,deg,14,Motorcycle,cyclist,27.8,32.8,67.6,0.0,0,1,1,0,0,0.0,0.0
nuscenes_mini_subset,scene-0103_026,yaw,1.0,deg,15,Bicycle,cyclist,51.6,22.5,48.4,0.0,0,1,1,0,0,0.0,0.0
nuscenes_mini_subset,scene-0103_026,yaw,1.0,deg,16,Car,vehicle,37.2,86.0,66.7,0.0,1,1,1,1,1,1.0,1.0
nuscenes_mini_subset,scene-0103_026,yaw,1.0,deg,17,Pedestrian,pedestrian,22.9,50.1,105.3,0.0,0,5,5,4,4,0.8,0.8
nuscenes_mini_subset,scene-0103_026,yaw,1.0,deg,18,Truck,vehicle,42.9,119.0,97.4,0.0,0,15,15,15,15,1.0,1.0
nuscenes_mini_subset,scene-0103_026,yaw,1.0,deg,19,Pedestrian,pedestrian,50.4,14.3,48.3,0.0,2,0,0,0,0,,
nuscenes_mini_subset,scene-0103_026,yaw,1.0,deg,20,Car,vehicle,66.3,37.4,39.1,0.0,2,1,1,0,0,0.0,0.0
nuscenes_mini_subset,scene-0103_026,yaw,1.0,deg,21,Car,vehicle,49.0,56.4,46.2,0.0,2,0,0,0,0,,
nuscenes_mini_subset,scene-0103_026,yaw,1.0,deg,22,Car,vehicle,17.5,288.6,197.9,0.29,0,31,27,27,27,0.871,1.0
nuscenes_mini_subset,scene-0103_026,yaw,1.0,deg,23,Car,vehicle,31.5,128.0,82.2,0.0,1,2,2,2,2,1.0,1.0
nuscenes_mini_subset,scene-0103_026,yaw,2.0,deg,0,Car,vehicle,42.4,147.3,70.8,0.0,2,0,0,0,0,,
nuscenes_mini_subset,scene-0103_026,yaw,2.0,deg,1,Pedestrian,pedestrian,50.5,15.3,46.2,0.0,2,0,0,0,0,,
nuscenes_mini_subset,scene-0103_026,yaw,2.0,deg,2,Car,vehicle,30.7,91.3,75.1,0.0,0,1,1,1,1,1.0,1.0
nuscenes_mini_subset,scene-0103_026,yaw,2.0,deg,3,Car,vehicle,35.1,140.6,72.5,0.0,1,5,5,5,5,1.0,1.0
nuscenes_mini_subset,scene-0103_026,yaw,2.0,deg,4,Car,vehicle,63.9,45.7,45.5,0.0,2,0,0,0,0,,
nuscenes_mini_subset,scene-0103_026,yaw,2.0,deg,5,Car,vehicle,60.3,48.4,35.5,0.0,2,0,0,0,0,,
nuscenes_mini_subset,scene-0103_026,yaw,2.0,deg,6,Car,vehicle,39.3,132.2,71.3,0.0,0,2,2,0,0,0.0,0.0
nuscenes_mini_subset,scene-0103_026,yaw,2.0,deg,7,Car,vehicle,40.2,144.5,73.0,0.0,2,0,0,0,0,,
nuscenes_mini_subset,scene-0103_026,yaw,2.0,deg,8,Car,vehicle,68.5,44.9,46.7,0.0,2,0,0,0,0,,
nuscenes_mini_subset,scene-0103_026,yaw,2.0,deg,9,Car,vehicle,26.6,108.9,82.9,0.0,0,20,20,14,14,0.7,0.7
nuscenes_mini_subset,scene-0103_026,yaw,2.0,deg,10,Car,vehicle,43.4,74.8,58.4,0.0,2,0,0,0,0,,
nuscenes_mini_subset,scene-0103_026,yaw,2.0,deg,12,Car,vehicle,51.1,73.2,53.9,0.0,2,2,2,1,1,0.5,0.5
nuscenes_mini_subset,scene-0103_026,yaw,2.0,deg,13,Pedestrian,pedestrian,34.8,33.1,68.4,0.0,2,3,3,0,0,0.0,0.0
nuscenes_mini_subset,scene-0103_026,yaw,2.0,deg,14,Motorcycle,cyclist,27.8,32.8,67.6,0.0,0,1,1,0,0,0.0,0.0
nuscenes_mini_subset,scene-0103_026,yaw,2.0,deg,15,Bicycle,cyclist,51.6,22.5,48.4,0.0,0,1,1,0,0,0.0,0.0
nuscenes_mini_subset,scene-0103_026,yaw,2.0,deg,16,Car,vehicle,37.2,86.0,66.7,0.0,1,1,1,0,0,0.0,0.0
nuscenes_mini_subset,scene-0103_026,yaw,2.0,deg,17,Pedestrian,pedestrian,22.9,50.1,105.3,0.0,0,5,5,0,0,0.0,0.0
nuscenes_mini_subset,scene-0103_026,yaw,2.0,deg,18,Truck,vehicle,42.9,119.0,97.4,0.0,0,15,15,14,14,0.9333,0.9333
nuscenes_mini_subset,scene-0103_026,yaw,2.0,deg,19,Pedestrian,pedestrian,50.4,14.3,48.3,0.0,2,0,0,0,0,,
nuscenes_mini_subset,scene-0103_026,yaw,2.0,deg,20,Car,vehicle,66.3,37.4,39.1,0.0,2,1,1,0,0,0.0,0.0
nuscenes_mini_subset,scene-0103_026,yaw,2.0,deg,21,Car,vehicle,49.0,56.4,46.2,0.0,2,0,0,0,0,,
nuscenes_mini_subset,scene-0103_026,yaw,2.0,deg,22,Car,vehicle,17.5,288.6,197.9,0.29,0,31,20,20,20,0.6452,1.0
nuscenes_mini_subset,scene-0103_026,yaw,2.0,deg,23,Car,vehicle,31.5,128.0,82.2,0.0,1,2,2,2,2,1.0,1.0
nuscenes_mini_subset,scene-0103_026,yaw,3.0,deg,0,Car,vehicle,42.4,147.3,70.8,0.0,2,0,0,0,0,,
nuscenes_mini_subset,scene-0103_026,yaw,3.0,deg,1,Pedestrian,pedestrian,50.5,15.3,46.2,0.0,2,0,0,0,0,,
nuscenes_mini_subset,scene-0103_026,yaw,3.0,deg,2,Car,vehicle,30.7,91.3,75.1,0.0,0,1,1,0,0,0.0,0.0
nuscenes_mini_subset,scene-0103_026,yaw,3.0,deg,3,Car,vehicle,35.1,140.6,72.5,0.0,1,5,5,4,4,0.8,0.8
nuscenes_mini_subset,scene-0103_026,yaw,3.0,deg,4,Car,vehicle,63.9,45.7,45.5,0.0,2,0,0,0,0,,
nuscenes_mini_subset,scene-0103_026,yaw,3.0,deg,5,Car,vehicle,60.3,48.4,35.5,0.0,2,0,0,0,0,,
nuscenes_mini_subset,scene-0103_026,yaw,3.0,deg,6,Car,vehicle,39.3,132.2,71.3,0.0,0,2,2,0,0,0.0,0.0
nuscenes_mini_subset,scene-0103_026,yaw,3.0,deg,7,Car,vehicle,40.2,144.5,73.0,0.0,2,0,0,0,0,,
nuscenes_mini_subset,scene-0103_026,yaw,3.0,deg,8,Car,vehicle,68.5,44.9,46.7,0.0,2,0,0,0,0,,
nuscenes_mini_subset,scene-0103_026,yaw,3.0,deg,9,Car,vehicle,26.6,108.9,82.9,0.0,0,20,20,8,8,0.4,0.4
nuscenes_mini_subset,scene-0103_026,yaw,3.0,deg,10,Car,vehicle,43.4,74.8,58.4,0.0,2,0,0,0,0,,
nuscenes_mini_subset,scene-0103_026,yaw,3.0,deg,12,Car,vehicle,51.1,73.2,53.9,0.0,2,2,2,0,0,0.0,0.0
nuscenes_mini_subset,scene-0103_026,yaw,3.0,deg,13,Pedestrian,pedestrian,34.8,33.1,68.4,0.0,2,3,3,0,0,0.0,0.0
nuscenes_mini_subset,scene-0103_026,yaw,3.0,deg,14,Motorcycle,cyclist,27.8,32.8,67.6,0.0,0,1,1,0,0,0.0,0.0
nuscenes_mini_subset,scene-0103_026,yaw,3.0,deg,15,Bicycle,cyclist,51.6,22.5,48.4,0.0,0,1,1,0,0,0.0,0.0
nuscenes_mini_subset,scene-0103_026,yaw,3.0,deg,16,Car,vehicle,37.2,86.0,66.7,0.0,1,1,1,0,0,0.0,0.0
nuscenes_mini_subset,scene-0103_026,yaw,3.0,deg,17,Pedestrian,pedestrian,22.9,50.1,105.3,0.0,0,5,5,0,0,0.0,0.0
nuscenes_mini_subset,scene-0103_026,yaw,3.0,deg,18,Truck,vehicle,42.9,119.0,97.4,0.0,0,15,15,9,9,0.6,0.6
nuscenes_mini_subset,scene-0103_026,yaw,3.0,deg,19,Pedestrian,pedestrian,50.4,14.3,48.3,0.0,2,0,0,0,0,,
nuscenes_mini_subset,scene-0103_026,yaw,3.0,deg,20,Car,vehicle,66.3,37.4,39.1,0.0,2,1,1,0,0,0.0,0.0
nuscenes_mini_subset,scene-0103_026,yaw,3.0,deg,21,Car,vehicle,49.0,56.4,46.2,0.0,2,0,0,0,0,,
nuscenes_mini_subset,scene-0103_026,yaw,3.0,deg,22,Car,vehicle,17.5,288.6,197.9,0.29,0,31,15,15,15,0.4839,1.0
nuscenes_mini_subset,scene-0103_026,yaw,3.0,deg,23,Car,vehicle,31.5,128.0,82.2,0.0,1,2,2,0,0,0.0,0.0
nuscenes_mini_subset,scene-0103_027,yaw,0.0,deg,0,Car,vehicle,40.1,163.7,76.3,0.0,2,0,0,0,0,,
nuscenes_mini_subset,scene-0103_027,yaw,0.0,deg,1,Pedestrian,pedestrian,48.7,16.0,48.1,0.0,2,0,0,0,0,,
nuscenes_mini_subset,scene-0103_027,yaw,0.0,deg,2,Car,vehicle,32.8,140.7,79.5,0.12,0,4,4,4,4,1.0,1.0
nuscenes_mini_subset,scene-0103_027,yaw,0.0,deg,3,Car,vehicle,61.3,48.2,47.8,0.0,2,0,0,0,0,,
nuscenes_mini_subset,scene-0103_027,yaw,0.0,deg,4,Car,vehicle,57.7,51.0,37.2,0.0,2,0,0,0,0,,
nuscenes_mini_subset,scene-0103_027,yaw,0.0,deg,5,Car,vehicle,36.8,147.0,77.1,0.0,0,3,3,3,3,1.0,1.0
nuscenes_mini_subset,scene-0103_027,yaw,0.0,deg,6,Car,vehicle,37.8,161.1,78.9,0.0,2,2,2,2,2,1.0,1.0
nuscenes_mini_subset,scene-0103_027,yaw,0.0,deg,7,Car,vehicle,65.9,47.1,48.9,0.0,2,0,0,0,0,,
nuscenes_mini_subset,scene-0103_027,yaw,0.0,deg,8,Car,vehicle,24.0,125.7,93.0,0.0,0,24,24,24,24,1.0,1.0
nuscenes_mini_subset,scene-0103_027,yaw,0.0,deg,9,Car,vehicle,40.8,81.0,62.7,0.0,2,0,0,0,0,,
nuscenes_mini_subset,scene-0103_027,yaw,0.0,deg,11,Car,vehicle,48.6,78.5,57.3,0.0,2,1,1,1,1,1.0,1.0
nuscenes_mini_subset,scene-0103_027,yaw,0.0,deg,12,Pedestrian,pedestrian,33.1,36.7,72.9,0.0,2,3,3,3,3,1.0,1.0
nuscenes_mini_subset,scene-0103_027,yaw,0.0,deg,13,Motorcycle,cyclist,25.3,34.6,75.4,0.0,0,1,1,1,1,1.0,1.0
nuscenes_mini_subset,scene-0103_027,yaw,0.0,deg,14,Bicycle,cyclist,46.3,25.4,54.3,0.0,0,3,3,3,3,1.0,1.0
nuscenes_mini_subset,scene-0103_027,yaw,0.0,deg,15,Car,vehicle,34.6,94.5,72.4,0.0,1,1,1,1,1,1.0,1.0
nuscenes_mini_subset,scene-0103_027,yaw,0.0,deg,16,Pedestrian,pedestrian,21.2,56.8,115.8,0.0,0,6,6,6,6,1.0,1.0
nuscenes_mini_subset,scene-0103_027,yaw,0.0,deg,17,Truck,vehicle,40.3,129.7,104.5,0.0,0,19,19,19,19,1.0,1.0
nuscenes_mini_subset,scene-0103_027,yaw,0.0,deg,18,Pedestrian,pedestrian,48.6,14.9,50.3,0.0,2,0,0,0,0,,
nuscenes_mini_subset,scene-0103_027,yaw,0.0,deg,19,Car,vehicle,63.7,39.2,40.3,0.0,2,1,1,1,1,1.0,1.0
nuscenes_mini_subset,scene-0103_027,yaw,0.0,deg,20,Car,vehicle,46.4,60.3,49.1,0.0,2,0,0,0,0,,
nuscenes_mini_subset,scene-0103_027,yaw,0.0,deg,21,Car,vehicle,15.3,187.1,253.0,0.67,0,17,17,17,17,1.0,1.0
nuscenes_mini_subset,scene-0103_027,yaw,0.0,deg,22,Car,vehicle,28.9,143.6,90.7,0.0,1,3,3,3,3,1.0,1.0
nuscenes_mini_subset,scene-0103_027,yaw,0.5,deg,0,Car,vehicle,40.1,163.7,76.3,0.0,2,0,0,0,0,,
nuscenes_mini_subset,scene-0103_027,yaw,0.5,deg,1,Pedestrian,pedestrian,48.7,16.0,48.1,0.0,2,0,0,0,0,,
nuscenes_mini_subset,scene-0103_027,yaw,0.5,deg,2,Car,vehicle,32.8,140.7,79.5,0.12,0,4,4,4,4,1.0,1.0
nuscenes_mini_subset,scene-0103_027,yaw,0.5,deg,3,Car,vehicle,61.3,48.2,47.8,0.0,2,0,0,0,0,,
nuscenes_mini_subset,scene-0103_027,yaw,0.5,deg,4,Car,vehicle,57.7,51.0,37.2,0.0,2,0,0,0,0,,
nuscenes_mini_subset,scene-0103_027,yaw,0.5,deg,5,Car,vehicle,36.8,147.0,77.1,0.0,0,3,3,3,3,1.0,1.0
nuscenes_mini_subset,scene-0103_027,yaw,0.5,deg,6,Car,vehicle,37.8,161.1,78.9,0.0,2,2,2,2,2,1.0,1.0
nuscenes_mini_subset,scene-0103_027,yaw,0.5,deg,7,Car,vehicle,65.9,47.1,48.9,0.0,2,0,0,0,0,,
nuscenes_mini_subset,scene-0103_027,yaw,0.5,deg,8,Car,vehicle,24.0,125.7,93.0,0.0,0,24,24,24,24,1.0,1.0
nuscenes_mini_subset,scene-0103_027,yaw,0.5,deg,9,Car,vehicle,40.8,81.0,62.7,0.0,2,0,0,0,0,,
nuscenes_mini_subset,scene-0103_027,yaw,0.5,deg,11,Car,vehicle,48.6,78.5,57.3,0.0,2,1,1,1,1,1.0,1.0
nuscenes_mini_subset,scene-0103_027,yaw,0.5,deg,12,Pedestrian,pedestrian,33.1,36.7,72.9,0.0,2,3,3,2,2,0.6667,0.6667
nuscenes_mini_subset,scene-0103_027,yaw,0.5,deg,13,Motorcycle,cyclist,25.3,34.6,75.4,0.0,0,1,1,0,0,0.0,0.0
nuscenes_mini_subset,scene-0103_027,yaw,0.5,deg,14,Bicycle,cyclist,46.3,25.4,54.3,0.0,0,3,3,2,2,0.6667,0.6667
nuscenes_mini_subset,scene-0103_027,yaw,0.5,deg,15,Car,vehicle,34.6,94.5,72.4,0.0,1,1,1,1,1,1.0,1.0
nuscenes_mini_subset,scene-0103_027,yaw,0.5,deg,16,Pedestrian,pedestrian,21.2,56.8,115.8,0.0,0,6,6,5,5,0.8333,0.8333
nuscenes_mini_subset,scene-0103_027,yaw,0.5,deg,17,Truck,vehicle,40.3,129.7,104.5,0.0,0,19,19,19,19,1.0,1.0
nuscenes_mini_subset,scene-0103_027,yaw,0.5,deg,18,Pedestrian,pedestrian,48.6,14.9,50.3,0.0,2,0,0,0,0,,
nuscenes_mini_subset,scene-0103_027,yaw,0.5,deg,19,Car,vehicle,63.7,39.2,40.3,0.0,2,1,1,1,1,1.0,1.0
nuscenes_mini_subset,scene-0103_027,yaw,0.5,deg,20,Car,vehicle,46.4,60.3,49.1,0.0,2,0,0,0,0,,
nuscenes_mini_subset,scene-0103_027,yaw,0.5,deg,21,Car,vehicle,15.3,187.1,253.0,0.67,0,17,17,17,17,1.0,1.0
nuscenes_mini_subset,scene-0103_027,yaw,0.5,deg,22,Car,vehicle,28.9,143.6,90.7,0.0,1,3,3,3,3,1.0,1.0
nuscenes_mini_subset,scene-0103_027,yaw,1.0,deg,0,Car,vehicle,40.1,163.7,76.3,0.0,2,0,0,0,0,,
nuscenes_mini_subset,scene-0103_027,yaw,1.0,deg,1,Pedestrian,pedestrian,48.7,16.0,48.1,0.0,2,0,0,0,0,,
nuscenes_mini_subset,scene-0103_027,yaw,1.0,deg,2,Car,vehicle,32.8,140.7,79.5,0.12,0,4,4,4,4,1.0,1.0
nuscenes_mini_subset,scene-0103_027,yaw,1.0,deg,3,Car,vehicle,61.3,48.2,47.8,0.0,2,0,0,0,0,,
nuscenes_mini_subset,scene-0103_027,yaw,1.0,deg,4,Car,vehicle,57.7,51.0,37.2,0.0,2,0,0,0,0,,
nuscenes_mini_subset,scene-0103_027,yaw,1.0,deg,5,Car,vehicle,36.8,147.0,77.1,0.0,0,3,3,3,3,1.0,1.0
nuscenes_mini_subset,scene-0103_027,yaw,1.0,deg,6,Car,vehicle,37.8,161.1,78.9,0.0,2,2,2,2,2,1.0,1.0
nuscenes_mini_subset,scene-0103_027,yaw,1.0,deg,7,Car,vehicle,65.9,47.1,48.9,0.0,2,0,0,0,0,,
nuscenes_mini_subset,scene-0103_027,yaw,1.0,deg,8,Car,vehicle,24.0,125.7,93.0,0.0,0,24,24,22,22,0.9167,0.9167
nuscenes_mini_subset,scene-0103_027,yaw,1.0,deg,9,Car,vehicle,40.8,81.0,62.7,0.0,2,0,0,0,0,,
nuscenes_mini_subset,scene-0103_027,yaw,1.0,deg,11,Car,vehicle,48.6,78.5,57.3,0.0,2,1,1,1,1,1.0,1.0
nuscenes_mini_subset,scene-0103_027,yaw,1.0,deg,12,Pedestrian,pedestrian,33.1,36.7,72.9,0.0,2,3,3,1,1,0.3333,0.3333
nuscenes_mini_subset,scene-0103_027,yaw,1.0,deg,13,Motorcycle,cyclist,25.3,34.6,75.4,0.0,0,1,1,0,0,0.0,0.0
nuscenes_mini_subset,scene-0103_027,yaw,1.0,deg,14,Bicycle,cyclist,46.3,25.4,54.3,0.0,0,3,3,0,0,0.0,0.0
nuscenes_mini_subset,scene-0103_027,yaw,1.0,deg,15,Car,vehicle,34.6,94.5,72.4,0.0,1,1,1,1,1,1.0,1.0
nuscenes_mini_subset,scene-0103_027,yaw,1.0,deg,16,Pedestrian,pedestrian,21.2,56.8,115.8,0.0,0,6,6,2,2,0.3333,0.3333
nuscenes_mini_subset,scene-0103_027,yaw,1.0,deg,17,Truck,vehicle,40.3,129.7,104.5,0.0,0,19,19,19,19,1.0,1.0
nuscenes_mini_subset,scene-0103_027,yaw,1.0,deg,18,Pedestrian,pedestrian,48.6,14.9,50.3,0.0,2,0,0,0,0,,
nuscenes_mini_subset,scene-0103_027,yaw,1.0,deg,19,Car,vehicle,63.7,39.2,40.3,0.0,2,1,1,0,0,0.0,0.0
nuscenes_mini_subset,scene-0103_027,yaw,1.0,deg,20,Car,vehicle,46.4,60.3,49.1,0.0,2,0,0,0,0,,
nuscenes_mini_subset,scene-0103_027,yaw,1.0,deg,21,Car,vehicle,15.3,187.1,253.0,0.67,0,17,17,17,17,1.0,1.0
nuscenes_mini_subset,scene-0103_027,yaw,1.0,deg,22,Car,vehicle,28.9,143.6,90.7,0.0,1,3,3,3,3,1.0,1.0
nuscenes_mini_subset,scene-0103_027,yaw,2.0,deg,0,Car,vehicle,40.1,163.7,76.3,0.0,2,0,0,0,0,,
nuscenes_mini_subset,scene-0103_027,yaw,2.0,deg,1,Pedestrian,pedestrian,48.7,16.0,48.1,0.0,2,0,0,0,0,,
nuscenes_mini_subset,scene-0103_027,yaw,2.0,deg,2,Car,vehicle,32.8,140.7,79.5,0.12,0,4,4,3,3,0.75,0.75
nuscenes_mini_subset,scene-0103_027,yaw,2.0,deg,3,Car,vehicle,61.3,48.2,47.8,0.0,2,0,0,0,0,,
nuscenes_mini_subset,scene-0103_027,yaw,2.0,deg,4,Car,vehicle,57.7,51.0,37.2,0.0,2,0,0,0,0,,
nuscenes_mini_subset,scene-0103_027,yaw,2.0,deg,5,Car,vehicle,36.8,147.0,77.1,0.0,0,3,3,3,3,1.0,1.0
nuscenes_mini_subset,scene-0103_027,yaw,2.0,deg,6,Car,vehicle,37.8,161.1,78.9,0.0,2,2,2,2,2,1.0,1.0
nuscenes_mini_subset,scene-0103_027,yaw,2.0,deg,7,Car,vehicle,65.9,47.1,48.9,0.0,2,0,0,0,0,,
nuscenes_mini_subset,scene-0103_027,yaw,2.0,deg,8,Car,vehicle,24.0,125.7,93.0,0.0,0,24,24,17,17,0.7083,0.7083
nuscenes_mini_subset,scene-0103_027,yaw,2.0,deg,9,Car,vehicle,40.8,81.0,62.7,0.0,2,0,0,0,0,,
nuscenes_mini_subset,scene-0103_027,yaw,2.0,deg,11,Car,vehicle,48.6,78.5,57.3,0.0,2,1,1,1,1,1.0,1.0
nuscenes_mini_subset,scene-0103_027,yaw,2.0,deg,12,Pedestrian,pedestrian,33.1,36.7,72.9,0.0,2,3,3,0,0,0.0,0.0
nuscenes_mini_subset,scene-0103_027,yaw,2.0,deg,13,Motorcycle,cyclist,25.3,34.6,75.4,0.0,0,1,1,0,0,0.0,0.0
nuscenes_mini_subset,scene-0103_027,yaw,2.0,deg,14,Bicycle,cyclist,46.3,25.4,54.3,0.0,0,3,3,0,0,0.0,0.0
nuscenes_mini_subset,scene-0103_027,yaw,2.0,deg,15,Car,vehicle,34.6,94.5,72.4,0.0,1,1,1,0,0,0.0,0.0
nuscenes_mini_subset,scene-0103_027,yaw,2.0,deg,16,Pedestrian,pedestrian,21.2,56.8,115.8,0.0,0,6,6,0,0,0.0,0.0
nuscenes_mini_subset,scene-0103_027,yaw,2.0,deg,17,Truck,vehicle,40.3,129.7,104.5,0.0,0,19,19,18,18,0.9474,0.9474
nuscenes_mini_subset,scene-0103_027,yaw,2.0,deg,18,Pedestrian,pedestrian,48.6,14.9,50.3,0.0,2,0,0,0,0,,
nuscenes_mini_subset,scene-0103_027,yaw,2.0,deg,19,Car,vehicle,63.7,39.2,40.3,0.0,2,1,1,0,0,0.0,0.0
nuscenes_mini_subset,scene-0103_027,yaw,2.0,deg,20,Car,vehicle,46.4,60.3,49.1,0.0,2,0,0,0,0,,
nuscenes_mini_subset,scene-0103_027,yaw,2.0,deg,21,Car,vehicle,15.3,187.1,253.0,0.67,0,17,14,14,14,0.8235,1.0
nuscenes_mini_subset,scene-0103_027,yaw,2.0,deg,22,Car,vehicle,28.9,143.6,90.7,0.0,1,3,3,2,2,0.6667,0.6667
nuscenes_mini_subset,scene-0103_027,yaw,3.0,deg,0,Car,vehicle,40.1,163.7,76.3,0.0,2,0,0,0,0,,
nuscenes_mini_subset,scene-0103_027,yaw,3.0,deg,1,Pedestrian,pedestrian,48.7,16.0,48.1,0.0,2,0,0,0,0,,
nuscenes_mini_subset,scene-0103_027,yaw,3.0,deg,2,Car,vehicle,32.8,140.7,79.5,0.12,0,4,4,3,3,0.75,0.75
nuscenes_mini_subset,scene-0103_027,yaw,3.0,deg,3,Car,vehicle,61.3,48.2,47.8,0.0,2,0,0,0,0,,
nuscenes_mini_subset,scene-0103_027,yaw,3.0,deg,4,Car,vehicle,57.7,51.0,37.2,0.0,2,0,0,0,0,,
nuscenes_mini_subset,scene-0103_027,yaw,3.0,deg,5,Car,vehicle,36.8,147.0,77.1,0.0,0,3,3,3,3,1.0,1.0
nuscenes_mini_subset,scene-0103_027,yaw,3.0,deg,6,Car,vehicle,37.8,161.1,78.9,0.0,2,2,2,2,2,1.0,1.0
nuscenes_mini_subset,scene-0103_027,yaw,3.0,deg,7,Car,vehicle,65.9,47.1,48.9,0.0,2,0,0,0,0,,
nuscenes_mini_subset,scene-0103_027,yaw,3.0,deg,8,Car,vehicle,24.0,125.7,93.0,0.0,0,24,24,11,11,0.4583,0.4583
nuscenes_mini_subset,scene-0103_027,yaw,3.0,deg,9,Car,vehicle,40.8,81.0,62.7,0.0,2,0,0,0,0,,
nuscenes_mini_subset,scene-0103_027,yaw,3.0,deg,11,Car,vehicle,48.6,78.5,57.3,0.0,2,1,1,0,0,0.0,0.0
nuscenes_mini_subset,scene-0103_027,yaw,3.0,deg,12,Pedestrian,pedestrian,33.1,36.7,72.9,0.0,2,3,3,0,0,0.0,0.0
nuscenes_mini_subset,scene-0103_027,yaw,3.0,deg,13,Motorcycle,cyclist,25.3,34.6,75.4,0.0,0,1,1,0,0,0.0,0.0
nuscenes_mini_subset,scene-0103_027,yaw,3.0,deg,14,Bicycle,cyclist,46.3,25.4,54.3,0.0,0,3,3,0,0,0.0,0.0
nuscenes_mini_subset,scene-0103_027,yaw,3.0,deg,15,Car,vehicle,34.6,94.5,72.4,0.0,1,1,1,0,0,0.0,0.0
nuscenes_mini_subset,scene-0103_027,yaw,3.0,deg,16,Pedestrian,pedestrian,21.2,56.8,115.8,0.0,0,6,6,0,0,0.0,0.0
nuscenes_mini_subset,scene-0103_027,yaw,3.0,deg,17,Truck,vehicle,40.3,129.7,104.5,0.0,0,19,19,12,12,0.6316,0.6316
nuscenes_mini_subset,scene-0103_027,yaw,3.0,deg,18,Pedestrian,pedestrian,48.6,14.9,50.3,0.0,2,0,0,0,0,,
nuscenes_mini_subset,scene-0103_027,yaw,3.0,deg,19,Car,vehicle,63.7,39.2,40.3,0.0,2,1,1,0,0,0.0,0.0
nuscenes_mini_subset,scene-0103_027,yaw,3.0,deg,20,Car,vehicle,46.4,60.3,49.1,0.0,2,0,0,0,0,,
nuscenes_mini_subset,scene-0103_027,yaw,3.0,deg,21,Car,vehicle,15.3,187.1,253.0,0.67,0,17,12,12,12,0.7059,1.0
nuscenes_mini_subset,scene-0103_027,yaw,3.0,deg,22,Car,vehicle,28.9,143.6,90.7,0.0,1,3,3,0,0,0.0,0.0
nuscenes_mini_subset,scene-0103_028,yaw,0.0,deg,0,Car,vehicle,37.9,136.5,82.5,0.25,2,0,0,0,0,,
nuscenes_mini_subset,scene-0103_028,yaw,0.0,deg,1,Pedestrian,pedestrian,46.9,16.8,50.1,0.0,2,0,0,0,0,,
nuscenes_mini_subset,scene-0103_028,yaw,0.0,deg,2,Car,vehicle,30.6,90.5,87.7,0.51,1,0,0,0,0,,
nuscenes_mini_subset,scene-0103_028,yaw,0.0,deg,3,Car,vehicle,58.8,50.9,50.5,0.0,2,0,0,0,0,,
nuscenes_mini_subset,scene-0103_028,yaw,0.0,deg,4,Car,vehicle,55.2,53.9,39.9,0.0,1,0,0,0,0,,
nuscenes_mini_subset,scene-0103_028,yaw,0.0,deg,5,Car,vehicle,34.4,164.2,83.7,0.0,0,4,4,4,4,1.0,1.0
nuscenes_mini_subset,scene-0103_028,yaw,0.0,deg,6,Car,vehicle,35.5,180.8,85.6,0.0,1,0,0,0,0,,
nuscenes_mini_subset,scene-0103_028,yaw,0.0,deg,7,Car,vehicle,63.4,49.5,51.4,0.0,2,0,0,0,0,,
nuscenes_mini_subset,scene-0103_028,yaw,0.0,deg,8,Car,vehicle,21.6,147.5,107.8,0.0,0,27,27,27,27,1.0,1.0
nuscenes_mini_subset,scene-0103_028,yaw,0.0,deg,9,Car,vehicle,38.3,87.9,68.2,0.0,2,4,4,4,4,1.0,1.0
nuscenes_mini_subset,scene-0103_028,yaw,0.0,deg,11,Car,vehicle,46.1,84.4,61.9,0.0,2,2,2,2,2,1.0,1.0
nuscenes_mini_subset,scene-0103_028,yaw,0.0,deg,12,Pedestrian,pedestrian,31.2,40.2,78.3,0.0,2,1,1,1,1,1.0,1.0
nuscenes_mini_subset,scene-0103_028,yaw,0.0,deg,13,Motorcycle,cyclist,23.0,50.4,85.7,0.0,0,2,2,2,2,1.0,1.0
nuscenes_mini_subset,scene-0103_028,yaw,0.0,deg,14,Bicycle,cyclist,41.0,29.7,61.9,0.0,0,3,3,3,3,1.0,1.0
nuscenes_mini_subset,scene-0103_028,yaw,0.0,deg,15,Car,vehicle,32.1,104.5,80.0,0.0,1,5,5,5,5,1.0,1.0
nuscenes_mini_subset,scene-0103_028,yaw,0.0,deg,16,Pedestrian,pedestrian,19.5,65.0,128.1,0.0,0,9,9,9,9,1.0,1.0
nuscenes_mini_subset,scene-0103_028,yaw,0.0,deg,17,Truck,vehicle,37.9,142.0,112.3,0.0,0,23,23,23,23,1.0,1.0
nuscenes_mini_subset,scene-0103_028,yaw,0.0,deg,18,Pedestrian,pedestrian,46.8,15.6,52.4,0.0,2,0,0,0,0,,
nuscenes_mini_subset,scene-0103_028,yaw,0.0,deg,19,Car,vehicle,61.2,41.1,42.5,0.0,2,0,0,0,0,,
nuscenes_mini_subset,scene-0103_028,yaw,0.0,deg,20,Car,vehicle,43.9,64.7,52.9,0.0,2,1,1,1,1,1.0,1.0
nuscenes_mini_subset,scene-0103_028,yaw,0.0,deg,21,Car,vehicle,13.3,45.9,341.5,0.94,0,2,2,2,2,1.0,1.0
nuscenes_mini_subset,scene-0103_028,yaw,0.0,deg,22,Car,vehicle,26.4,162.6,101.5,0.0,1,14,14,14,14,1.0,1.0
nuscenes_mini_subset,scene-0103_028,yaw,0.5,deg,0,Car,vehicle,37.9,136.5,82.5,0.25,2,0,0,0,0,,
nuscenes_mini_subset,scene-0103_028,yaw,0.5,deg,1,Pedestrian,pedestrian,46.9,16.8,50.1,0.0,2,0,0,0,0,,
nuscenes_mini_subset,scene-0103_028,yaw,0.5,deg,2,Car,vehicle,30.6,90.5,87.7,0.51,1,0,1,0,1,,1.0
nuscenes_mini_subset,scene-0103_028,yaw,0.5,deg,3,Car,vehicle,58.8,50.9,50.5,0.0,2,0,0,0,0,,
nuscenes_mini_subset,scene-0103_028,yaw,0.5,deg,4,Car,vehicle,55.2,53.9,39.9,0.0,1,0,0,0,0,,
nuscenes_mini_subset,scene-0103_028,yaw,0.5,deg,5,Car,vehicle,34.4,164.2,83.7,0.0,0,4,4,4,4,1.0,1.0
nuscenes_mini_subset,scene-0103_028,yaw,0.5,deg,6,Car,vehicle,35.5,180.8,85.6,0.0,1,0,0,0,0,,
nuscenes_mini_subset,scene-0103_028,yaw,0.5,deg,7,Car,vehicle,63.4,49.5,51.4,0.0,2,0,0,0,0,,
nuscenes_mini_subset,scene-0103_028,yaw,0.5,deg,8,Car,vehicle,21.6,147.5,107.8,0.0,0,27,27,26,26,0.963,0.963
nuscenes_mini_subset,scene-0103_028,yaw,0.5,deg,9,Car,vehicle,38.3,87.9,68.2,0.0,2,4,4,4,4,1.0,1.0
nuscenes_mini_subset,scene-0103_028,yaw,0.5,deg,11,Car,vehicle,46.1,84.4,61.9,0.0,2,2,2,2,2,1.0,1.0
nuscenes_mini_subset,scene-0103_028,yaw,0.5,deg,12,Pedestrian,pedestrian,31.2,40.2,78.3,0.0,2,1,1,1,1,1.0,1.0
nuscenes_mini_subset,scene-0103_028,yaw,0.5,deg,13,Motorcycle,cyclist,23.0,50.4,85.7,0.0,0,2,2,2,2,1.0,1.0
nuscenes_mini_subset,scene-0103_028,yaw,0.5,deg,14,Bicycle,cyclist,41.0,29.7,61.9,0.0,0,3,3,2,2,0.6667,0.6667
nuscenes_mini_subset,scene-0103_028,yaw,0.5,deg,15,Car,vehicle,32.1,104.5,80.0,0.0,1,5,5,4,4,0.8,0.8
nuscenes_mini_subset,scene-0103_028,yaw,0.5,deg,16,Pedestrian,pedestrian,19.5,65.0,128.1,0.0,0,9,9,8,8,0.8889,0.8889
nuscenes_mini_subset,scene-0103_028,yaw,0.5,deg,17,Truck,vehicle,37.9,142.0,112.3,0.0,0,23,23,23,23,1.0,1.0
nuscenes_mini_subset,scene-0103_028,yaw,0.5,deg,18,Pedestrian,pedestrian,46.8,15.6,52.4,0.0,2,0,0,0,0,,
nuscenes_mini_subset,scene-0103_028,yaw,0.5,deg,19,Car,vehicle,61.2,41.1,42.5,0.0,2,0,0,0,0,,
nuscenes_mini_subset,scene-0103_028,yaw,0.5,deg,20,Car,vehicle,43.9,64.7,52.9,0.0,2,1,1,1,1,1.0,1.0
nuscenes_mini_subset,scene-0103_028,yaw,0.5,deg,21,Car,vehicle,13.3,45.9,341.5,0.94,0,2,0,0,0,0.0,
nuscenes_mini_subset,scene-0103_028,yaw,0.5,deg,22,Car,vehicle,26.4,162.6,101.5,0.0,1,14,14,14,14,1.0,1.0
nuscenes_mini_subset,scene-0103_028,yaw,1.0,deg,0,Car,vehicle,37.9,136.5,82.5,0.25,2,0,0,0,0,,
nuscenes_mini_subset,scene-0103_028,yaw,1.0,deg,1,Pedestrian,pedestrian,46.9,16.8,50.1,0.0,2,0,0,0,0,,
nuscenes_mini_subset,scene-0103_028,yaw,1.0,deg,2,Car,vehicle,30.6,90.5,87.7,0.51,1,0,3,0,3,,1.0
nuscenes_mini_subset,scene-0103_028,yaw,1.0,deg,3,Car,vehicle,58.8,50.9,50.5,0.0,2,0,0,0,0,,
nuscenes_mini_subset,scene-0103_028,yaw,1.0,deg,4,Car,vehicle,55.2,53.9,39.9,0.0,1,0,0,0,0,,
nuscenes_mini_subset,scene-0103_028,yaw,1.0,deg,5,Car,vehicle,34.4,164.2,83.7,0.0,0,4,4,4,4,1.0,1.0
nuscenes_mini_subset,scene-0103_028,yaw,1.0,deg,6,Car,vehicle,35.5,180.8,85.6,0.0,1,0,0,0,0,,
nuscenes_mini_subset,scene-0103_028,yaw,1.0,deg,7,Car,vehicle,63.4,49.5,51.4,0.0,2,0,0,0,0,,
nuscenes_mini_subset,scene-0103_028,yaw,1.0,deg,8,Car,vehicle,21.6,147.5,107.8,0.0,0,27,27,25,25,0.9259,0.9259
nuscenes_mini_subset,scene-0103_028,yaw,1.0,deg,9,Car,vehicle,38.3,87.9,68.2,0.0,2,4,4,4,4,1.0,1.0
nuscenes_mini_subset,scene-0103_028,yaw,1.0,deg,11,Car,vehicle,46.1,84.4,61.9,0.0,2,2,2,2,2,1.0,1.0
nuscenes_mini_subset,scene-0103_028,yaw,1.0,deg,12,Pedestrian,pedestrian,31.2,40.2,78.3,0.0,2,1,1,0,0,0.0,0.0
nuscenes_mini_subset,scene-0103_028,yaw,1.0,deg,13,Motorcycle,cyclist,23.0,50.4,85.7,0.0,0,2,2,1,1,0.5,0.5
nuscenes_mini_subset,scene-0103_028,yaw,1.0,deg,14,Bicycle,cyclist,41.0,29.7,61.9,0.0,0,3,3,1,1,0.3333,0.3333
nuscenes_mini_subset,scene-0103_028,yaw,1.0,deg,15,Car,vehicle,32.1,104.5,80.0,0.0,1,5,5,3,3,0.6,0.6
nuscenes_mini_subset,scene-0103_028,yaw,1.0,deg,16,Pedestrian,pedestrian,19.5,65.0,128.1,0.0,0,9,9,5,5,0.5556,0.5556
nuscenes_mini_subset,scene-0103_028,yaw,1.0,deg,17,Truck,vehicle,37.9,142.0,112.3,0.0,0,23,23,22,22,0.9565,0.9565
nuscenes_mini_subset,scene-0103_028,yaw,1.0,deg,18,Pedestrian,pedestrian,46.8,15.6,52.4,0.0,2,0,0,0,0,,
nuscenes_mini_subset,scene-0103_028,yaw,1.0,deg,19,Car,vehicle,61.2,41.1,42.5,0.0,2,0,0,0,0,,
nuscenes_mini_subset,scene-0103_028,yaw,1.0,deg,20,Car,vehicle,43.9,64.7,52.9,0.0,2,1,1,0,0,0.0,0.0
nuscenes_mini_subset,scene-0103_028,yaw,1.0,deg,21,Car,vehicle,13.3,45.9,341.5,0.94,0,2,0,0,0,0.0,
nuscenes_mini_subset,scene-0103_028,yaw,1.0,deg,22,Car,vehicle,26.4,162.6,101.5,0.0,1,14,14,13,13,0.9286,0.9286
nuscenes_mini_subset,scene-0103_028,yaw,2.0,deg,0,Car,vehicle,37.9,136.5,82.5,0.25,2,0,0,0,0,,
nuscenes_mini_subset,scene-0103_028,yaw,2.0,deg,1,Pedestrian,pedestrian,46.9,16.8,50.1,0.0,2,0,0,0,0,,
nuscenes_mini_subset,scene-0103_028,yaw,2.0,deg,2,Car,vehicle,30.6,90.5,87.7,0.51,1,0,3,0,3,,1.0
nuscenes_mini_subset,scene-0103_028,yaw,2.0,deg,3,Car,vehicle,58.8,50.9,50.5,0.0,2,0,0,0,0,,
nuscenes_mini_subset,scene-0103_028,yaw,2.0,deg,4,Car,vehicle,55.2,53.9,39.9,0.0,1,0,0,0,0,,
nuscenes_mini_subset,scene-0103_028,yaw,2.0,deg,5,Car,vehicle,34.4,164.2,83.7,0.0,0,4,4,4,4,1.0,1.0
nuscenes_mini_subset,scene-0103_028,yaw,2.0,deg,6,Car,vehicle,35.5,180.8,85.6,0.0,1,0,0,0,0,,
nuscenes_mini_subset,scene-0103_028,yaw,2.0,deg,7,Car,vehicle,63.4,49.5,51.4,0.0,2,0,0,0,0,,
nuscenes_mini_subset,scene-0103_028,yaw,2.0,deg,8,Car,vehicle,21.6,147.5,107.8,0.0,0,27,27,21,21,0.7778,0.7778
nuscenes_mini_subset,scene-0103_028,yaw,2.0,deg,9,Car,vehicle,38.3,87.9,68.2,0.0,2,4,4,1,1,0.25,0.25
nuscenes_mini_subset,scene-0103_028,yaw,2.0,deg,11,Car,vehicle,46.1,84.4,61.9,0.0,2,2,2,2,2,1.0,1.0
nuscenes_mini_subset,scene-0103_028,yaw,2.0,deg,12,Pedestrian,pedestrian,31.2,40.2,78.3,0.0,2,1,1,0,0,0.0,0.0
nuscenes_mini_subset,scene-0103_028,yaw,2.0,deg,13,Motorcycle,cyclist,23.0,50.4,85.7,0.0,0,2,2,0,0,0.0,0.0
nuscenes_mini_subset,scene-0103_028,yaw,2.0,deg,14,Bicycle,cyclist,41.0,29.7,61.9,0.0,0,3,3,0,0,0.0,0.0
nuscenes_mini_subset,scene-0103_028,yaw,2.0,deg,15,Car,vehicle,32.1,104.5,80.0,0.0,1,5,5,0,0,0.0,0.0
nuscenes_mini_subset,scene-0103_028,yaw,2.0,deg,16,Pedestrian,pedestrian,19.5,65.0,128.1,0.0,0,9,9,0,0,0.0,0.0
nuscenes_mini_subset,scene-0103_028,yaw,2.0,deg,17,Truck,vehicle,37.9,142.0,112.3,0.0,0,23,23,19,19,0.8261,0.8261
nuscenes_mini_subset,scene-0103_028,yaw,2.0,deg,18,Pedestrian,pedestrian,46.8,15.6,52.4,0.0,2,0,0,0,0,,
nuscenes_mini_subset,scene-0103_028,yaw,2.0,deg,19,Car,vehicle,61.2,41.1,42.5,0.0,2,0,0,0,0,,
nuscenes_mini_subset,scene-0103_028,yaw,2.0,deg,20,Car,vehicle,43.9,64.7,52.9,0.0,2,1,1,0,0,0.0,0.0
nuscenes_mini_subset,scene-0103_028,yaw,2.0,deg,21,Car,vehicle,13.3,45.9,341.5,0.94,0,2,0,0,0,0.0,
nuscenes_mini_subset,scene-0103_028,yaw,2.0,deg,22,Car,vehicle,26.4,162.6,101.5,0.0,1,14,14,12,12,0.8571,0.8571
nuscenes_mini_subset,scene-0103_028,yaw,3.0,deg,0,Car,vehicle,37.9,136.5,82.5,0.25,2,0,0,0,0,,
nuscenes_mini_subset,scene-0103_028,yaw,3.0,deg,1,Pedestrian,pedestrian,46.9,16.8,50.1,0.0,2,0,0,0,0,,
nuscenes_mini_subset,scene-0103_028,yaw,3.0,deg,2,Car,vehicle,30.6,90.5,87.7,0.51,1,0,3,0,3,,1.0
nuscenes_mini_subset,scene-0103_028,yaw,3.0,deg,3,Car,vehicle,58.8,50.9,50.5,0.0,2,0,0,0,0,,
nuscenes_mini_subset,scene-0103_028,yaw,3.0,deg,4,Car,vehicle,55.2,53.9,39.9,0.0,1,0,0,0,0,,
nuscenes_mini_subset,scene-0103_028,yaw,3.0,deg,5,Car,vehicle,34.4,164.2,83.7,0.0,0,4,4,4,4,1.0,1.0
nuscenes_mini_subset,scene-0103_028,yaw,3.0,deg,6,Car,vehicle,35.5,180.8,85.6,0.0,1,0,0,0,0,,
nuscenes_mini_subset,scene-0103_028,yaw,3.0,deg,7,Car,vehicle,63.4,49.5,51.4,0.0,2,0,0,0,0,,
nuscenes_mini_subset,scene-0103_028,yaw,3.0,deg,8,Car,vehicle,21.6,147.5,107.8,0.0,0,27,27,15,15,0.5556,0.5556
nuscenes_mini_subset,scene-0103_028,yaw,3.0,deg,9,Car,vehicle,38.3,87.9,68.2,0.0,2,4,4,0,0,0.0,0.0
nuscenes_mini_subset,scene-0103_028,yaw,3.0,deg,11,Car,vehicle,46.1,84.4,61.9,0.0,2,2,2,0,0,0.0,0.0
nuscenes_mini_subset,scene-0103_028,yaw,3.0,deg,12,Pedestrian,pedestrian,31.2,40.2,78.3,0.0,2,1,1,0,0,0.0,0.0
nuscenes_mini_subset,scene-0103_028,yaw,3.0,deg,13,Motorcycle,cyclist,23.0,50.4,85.7,0.0,0,2,2,0,0,0.0,0.0
nuscenes_mini_subset,scene-0103_028,yaw,3.0,deg,14,Bicycle,cyclist,41.0,29.7,61.9,0.0,0,3,3,0,0,0.0,0.0
nuscenes_mini_subset,scene-0103_028,yaw,3.0,deg,15,Car,vehicle,32.1,104.5,80.0,0.0,1,5,5,0,0,0.0,0.0
nuscenes_mini_subset,scene-0103_028,yaw,3.0,deg,16,Pedestrian,pedestrian,19.5,65.0,128.1,0.0,0,9,9,0,0,0.0,0.0
nuscenes_mini_subset,scene-0103_028,yaw,3.0,deg,17,Truck,vehicle,37.9,142.0,112.3,0.0,0,23,23,15,15,0.6522,0.6522
nuscenes_mini_subset,scene-0103_028,yaw,3.0,deg,18,Pedestrian,pedestrian,46.8,15.6,52.4,0.0,2,0,0,0,0,,
nuscenes_mini_subset,scene-0103_028,yaw,3.0,deg,19,Car,vehicle,61.2,41.1,42.5,0.0,2,0,0,0,0,,
nuscenes_mini_subset,scene-0103_028,yaw,3.0,deg,20,Car,vehicle,43.9,64.7,52.9,0.0,2,1,1,0,0,0.0,0.0
nuscenes_mini_subset,scene-0103_028,yaw,3.0,deg,21,Car,vehicle,13.3,45.9,341.5,0.94,0,2,0,0,0,0.0,
nuscenes_mini_subset,scene-0103_028,yaw,3.0,deg,22,Car,vehicle,26.4,162.6,101.5,0.0,1,14,14,7,7,0.5,0.5
nuscenes_mini_subset,scene-0103_029,yaw,0.0,deg,0,Car,vehicle,35.0,81.1,92.2,0.62,2,0,0,0,0,,
nuscenes_mini_subset,scene-0103_029,yaw,0.0,deg,1,Pedestrian,pedestrian,44.4,18.0,53.2,0.0,2,0,0,0,0,,
nuscenes_mini_subset,scene-0103_029,yaw,0.0,deg,2,Car,vehicle,27.8,10.8,101.2,0.95,0,0,0,0,0,,
nuscenes_mini_subset,scene-0103_029,yaw,0.0,deg,3,Car,vehicle,55.5,54.9,53.7,0.0,2,0,0,0,0,,
nuscenes_mini_subset,scene-0103_029,yaw,0.0,deg,4,Car,vehicle,51.9,58.1,42.6,0.0,1,2,2,2,2,1.0,1.0
nuscenes_mini_subset,scene-0103_029,yaw,0.0,deg,5,Car,vehicle,31.4,192.5,94.1,0.0,0,3,3,3,3,1.0,1.0
nuscenes_mini_subset,scene-0103_029,yaw,0.0,deg,6,Car,vehicle,32.6,179.6,96.2,0.16,2,1,1,1,1,1.0,1.0
nuscenes_mini_subset,scene-0103_029,yaw,0.0,deg,7,Car,vehicle,60.2,53.1,54.5,0.0,2,0,0,0,0,,
nuscenes_mini_subset,scene-0103_029,yaw,0.0,deg,8,Car,vehicle,18.4,188.0,130.8,0.0,0,41,41,41,41,1.0,1.0
nuscenes_mini_subset,scene-0103_029,yaw,0.0,deg,9,Car,vehicle,35.0,98.8,75.2,0.0,2,3,3,3,3,1.0,1.0
nuscenes_mini_subset,scene-0103_029,yaw,0.0,deg,11,Car,vehicle,42.8,93.4,66.5,0.0,2,2,2,2,2,1.0,1.0
nuscenes_mini_subset,scene-0103_029,yaw,0.0,deg,12,Pedestrian,pedestrian,28.8,45.9,86.5,0.0,2,0,0,0,0,,
nuscenes_mini_subset,scene-0103_029,yaw,0.0,deg,13,Motorcycle,cyclist,20.1,87.2,102.9,0.0,0,5,5,5,5,1.0,1.0
nuscenes_mini_subset,scene-0103_029,yaw,0.0,deg,14,Bicycle,cyclist,34.9,35.5,73.5,0.0,0,5,5,5,5,1.0,1.0
nuscenes_mini_subset,scene-0103_029,yaw,0.0,deg,15,Car,vehicle,28.9,120.7,90.1,0.0,1,3,3,3,3,1.0,1.0
nuscenes_mini_subset,scene-0103_029,yaw,0.0,deg,16,Pedestrian,pedestrian,17.2,79.7,150.7,0.02,0,5,5,5,5,1.0,1.0
nuscenes_mini_subset,scene-0103_029,yaw,0.0,deg,17,Truck,vehicle,34.7,161.7,124.6,0.0,0,26,26,26,26,1.0,1.0
nuscenes_mini_subset,scene-0103_029,yaw,0.0,deg,18,Pedestrian,pedestrian,44.4,16.7,55.6,0.0,2,0,0,0,0,,
nuscenes_mini_subset,scene-0103_029,yaw,0.0,deg,19,Car,vehicle,57.9,43.9,45.2,0.0,2,1,1,1,1,1.0,1.0
nuscenes_mini_subset,scene-0103_029,yaw,0.0,deg,20,Car,vehicle,40.6,71.3,57.5,0.0,2,0,0,0,0,,
nuscenes_mini_subset,scene-0103_029,yaw,0.0,deg,21,Car,vehicle,23.2,195.5,119.0,0.0,1,11,11,11,11,1.0,1.0
nuscenes_mini_subset,scene-0103_029,yaw,0.5,deg,0,Car,vehicle,35.0,81.1,92.2,0.62,2,0,0,0,0,,
nuscenes_mini_subset,scene-0103_029,yaw,0.5,deg,1,Pedestrian,pedestrian,44.4,18.0,53.2,0.0,2,0,0,0,0,,
nuscenes_mini_subset,scene-0103_029,yaw,0.5,deg,2,Car,vehicle,27.8,10.8,101.2,0.95,0,0,0,0,0,,
nuscenes_mini_subset,scene-0103_029,yaw,0.5,deg,3,Car,vehicle,55.5,54.9,53.7,0.0,2,0,0,0,0,,
nuscenes_mini_subset,scene-0103_029,yaw,0.5,deg,4,Car,vehicle,51.9,58.1,42.6,0.0,1,2,2,2,2,1.0,1.0
nuscenes_mini_subset,scene-0103_029,yaw,0.5,deg,5,Car,vehicle,31.4,192.5,94.1,0.0,0,3,3,3,3,1.0,1.0
nuscenes_mini_subset,scene-0103_029,yaw,0.5,deg,6,Car,vehicle,32.6,179.6,96.2,0.16,2,1,1,1,1,1.0,1.0
nuscenes_mini_subset,scene-0103_029,yaw,0.5,deg,7,Car,vehicle,60.2,53.1,54.5,0.0,2,0,0,0,0,,
nuscenes_mini_subset,scene-0103_029,yaw,0.5,deg,8,Car,vehicle,18.4,188.0,130.8,0.0,0,41,41,41,41,1.0,1.0
nuscenes_mini_subset,scene-0103_029,yaw,0.5,deg,9,Car,vehicle,35.0,98.8,75.2,0.0,2,3,3,3,3,1.0,1.0
nuscenes_mini_subset,scene-0103_029,yaw,0.5,deg,11,Car,vehicle,42.8,93.4,66.5,0.0,2,2,2,2,2,1.0,1.0
nuscenes_mini_subset,scene-0103_029,yaw,0.5,deg,12,Pedestrian,pedestrian,28.8,45.9,86.5,0.0,2,0,0,0,0,,
nuscenes_mini_subset,scene-0103_029,yaw,0.5,deg,13,Motorcycle,cyclist,20.1,87.2,102.9,0.0,0,5,5,5,5,1.0,1.0
nuscenes_mini_subset,scene-0103_029,yaw,0.5,deg,14,Bicycle,cyclist,34.9,35.5,73.5,0.0,0,5,5,3,3,0.6,0.6
nuscenes_mini_subset,scene-0103_029,yaw,0.5,deg,15,Car,vehicle,28.9,120.7,90.1,0.0,1,3,3,3,3,1.0,1.0
nuscenes_mini_subset,scene-0103_029,yaw,0.5,deg,16,Pedestrian,pedestrian,17.2,79.7,150.7,0.02,0,5,5,5,5,1.0,1.0
nuscenes_mini_subset,scene-0103_029,yaw,0.5,deg,17,Truck,vehicle,34.7,161.7,124.6,0.0,0,26,26,26,26,1.0,1.0
nuscenes_mini_subset,scene-0103_029,yaw,0.5,deg,18,Pedestrian,pedestrian,44.4,16.7,55.6,0.0,2,0,0,0,0,,
nuscenes_mini_subset,scene-0103_029,yaw,0.5,deg,19,Car,vehicle,57.9,43.9,45.2,0.0,2,1,1,1,1,1.0,1.0
nuscenes_mini_subset,scene-0103_029,yaw,0.5,deg,20,Car,vehicle,40.6,71.3,57.5,0.0,2,0,0,0,0,,
nuscenes_mini_subset,scene-0103_029,yaw,0.5,deg,21,Car,vehicle,23.2,195.5,119.0,0.0,1,11,11,11,11,1.0,1.0
nuscenes_mini_subset,scene-0103_029,yaw,1.0,deg,0,Car,vehicle,35.0,81.1,92.2,0.62,2,0,0,0,0,,
nuscenes_mini_subset,scene-0103_029,yaw,1.0,deg,1,Pedestrian,pedestrian,44.4,18.0,53.2,0.0,2,0,0,0,0,,
nuscenes_mini_subset,scene-0103_029,yaw,1.0,deg,2,Car,vehicle,27.8,10.8,101.2,0.95,0,0,1,0,1,,1.0
nuscenes_mini_subset,scene-0103_029,yaw,1.0,deg,3,Car,vehicle,55.5,54.9,53.7,0.0,2,0,0,0,0,,
nuscenes_mini_subset,scene-0103_029,yaw,1.0,deg,4,Car,vehicle,51.9,58.1,42.6,0.0,1,2,2,1,1,0.5,0.5
nuscenes_mini_subset,scene-0103_029,yaw,1.0,deg,5,Car,vehicle,31.4,192.5,94.1,0.0,0,3,3,3,3,1.0,1.0
nuscenes_mini_subset,scene-0103_029,yaw,1.0,deg,6,Car,vehicle,32.6,179.6,96.2,0.16,2,1,1,1,1,1.0,1.0
nuscenes_mini_subset,scene-0103_029,yaw,1.0,deg,7,Car,vehicle,60.2,53.1,54.5,0.0,2,0,0,0,0,,
nuscenes_mini_subset,scene-0103_029,yaw,1.0,deg,8,Car,vehicle,18.4,188.0,130.8,0.0,0,41,41,39,39,0.9512,0.9512
nuscenes_mini_subset,scene-0103_029,yaw,1.0,deg,9,Car,vehicle,35.0,98.8,75.2,0.0,2,3,3,3,3,1.0,1.0
nuscenes_mini_subset,scene-0103_029,yaw,1.0,deg,11,Car,vehicle,42.8,93.4,66.5,0.0,2,2,2,2,2,1.0,1.0
nuscenes_mini_subset,scene-0103_029,yaw,1.0,deg,12,Pedestrian,pedestrian,28.8,45.9,86.5,0.0,2,0,0,0,0,,
nuscenes_mini_subset,scene-0103_029,yaw,1.0,deg,13,Motorcycle,cyclist,20.1,87.2,102.9,0.0,0,5,5,4,4,0.8,0.8
nuscenes_mini_subset,scene-0103_029,yaw,1.0,deg,14,Bicycle,cyclist,34.9,35.5,73.5,0.0,0,5,5,1,1,0.2,0.2
nuscenes_mini_subset,scene-0103_029,yaw,1.0,deg,15,Car,vehicle,28.9,120.7,90.1,0.0,1,3,3,3,3,1.0,1.0
nuscenes_mini_subset,scene-0103_029,yaw,1.0,deg,16,Pedestrian,pedestrian,17.2,79.7,150.7,0.02,0,5,5,3,3,0.6,0.6
nuscenes_mini_subset,scene-0103_029,yaw,1.0,deg,17,Truck,vehicle,34.7,161.7,124.6,0.0,0,26,26,26,26,1.0,1.0
nuscenes_mini_subset,scene-0103_029,yaw,1.0,deg,18,Pedestrian,pedestrian,44.4,16.7,55.6,0.0,2,0,0,0,0,,
nuscenes_mini_subset,scene-0103_029,yaw,1.0,deg,19,Car,vehicle,57.9,43.9,45.2,0.0,2,1,1,1,1,1.0,1.0
nuscenes_mini_subset,scene-0103_029,yaw,1.0,deg,20,Car,vehicle,40.6,71.3,57.5,0.0,2,0,0,0,0,,
nuscenes_mini_subset,scene-0103_029,yaw,1.0,deg,21,Car,vehicle,23.2,195.5,119.0,0.0,1,11,11,10,10,0.9091,0.9091
nuscenes_mini_subset,scene-0103_029,yaw,2.0,deg,0,Car,vehicle,35.0,81.1,92.2,0.62,2,0,0,0,0,,
nuscenes_mini_subset,scene-0103_029,yaw,2.0,deg,1,Pedestrian,pedestrian,44.4,18.0,53.2,0.0,2,0,0,0,0,,
nuscenes_mini_subset,scene-0103_029,yaw,2.0,deg,2,Car,vehicle,27.8,10.8,101.2,0.95,0,0,3,0,0,,0.0
nuscenes_mini_subset,scene-0103_029,yaw,2.0,deg,3,Car,vehicle,55.5,54.9,53.7,0.0,2,0,0,0,0,,
nuscenes_mini_subset,scene-0103_029,yaw,2.0,deg,4,Car,vehicle,51.9,58.1,42.6,0.0,1,2,2,0,0,0.0,0.0
nuscenes_mini_subset,scene-0103_029,yaw,2.0,deg,5,Car,vehicle,31.4,192.5,94.1,0.0,0,3,3,3,3,1.0,1.0
nuscenes_mini_subset,scene-0103_029,yaw,2.0,deg,6,Car,vehicle,32.6,179.6,96.2,0.16,2,1,1,1,1,1.0,1.0
nuscenes_mini_subset,scene-0103_029,yaw,2.0,deg,7,Car,vehicle,60.2,53.1,54.5,0.0,2,0,0,0,0,,
nuscenes_mini_subset,scene-0103_029,yaw,2.0,deg,8,Car,vehicle,18.4,188.0,130.8,0.0,0,41,41,33,33,0.8049,0.8049
nuscenes_mini_subset,scene-0103_029,yaw,2.0,deg,9,Car,vehicle,35.0,98.8,75.2,0.0,2,3,3,0,0,0.0,0.0
nuscenes_mini_subset,scene-0103_029,yaw,2.0,deg,11,Car,vehicle,42.8,93.4,66.5,0.0,2,2,2,2,2,1.0,1.0
nuscenes_mini_subset,scene-0103_029,yaw,2.0,deg,12,Pedestrian,pedestrian,28.8,45.9,86.5,0.0,2,0,0,0,0,,
nuscenes_mini_subset,scene-0103_029,yaw,2.0,deg,13,Motorcycle,cyclist,20.1,87.2,102.9,0.0,0,5,5,1,1,0.2,0.2
nuscenes_mini_subset,scene-0103_029,yaw,2.0,deg,14,Bicycle,cyclist,34.9,35.5,73.5,0.0,0,5,5,0,0,0.0,0.0
nuscenes_mini_subset,scene-0103_029,yaw,2.0,deg,15,Car,vehicle,28.9,120.7,90.1,0.0,1,3,3,0,0,0.0,0.0
nuscenes_mini_subset,scene-0103_029,yaw,2.0,deg,16,Pedestrian,pedestrian,17.2,79.7,150.7,0.02,0,5,5,0,0,0.0,0.0
nuscenes_mini_subset,scene-0103_029,yaw,2.0,deg,17,Truck,vehicle,34.7,161.7,124.6,0.0,0,26,26,23,23,0.8846,0.8846
nuscenes_mini_subset,scene-0103_029,yaw,2.0,deg,18,Pedestrian,pedestrian,44.4,16.7,55.6,0.0,2,0,0,0,0,,
nuscenes_mini_subset,scene-0103_029,yaw,2.0,deg,19,Car,vehicle,57.9,43.9,45.2,0.0,2,1,1,0,0,0.0,0.0
nuscenes_mini_subset,scene-0103_029,yaw,2.0,deg,20,Car,vehicle,40.6,71.3,57.5,0.0,2,0,0,0,0,,
nuscenes_mini_subset,scene-0103_029,yaw,2.0,deg,21,Car,vehicle,23.2,195.5,119.0,0.0,1,11,11,10,10,0.9091,0.9091
nuscenes_mini_subset,scene-0103_029,yaw,3.0,deg,0,Car,vehicle,35.0,81.1,92.2,0.62,2,0,0,0,0,,
nuscenes_mini_subset,scene-0103_029,yaw,3.0,deg,1,Pedestrian,pedestrian,44.4,18.0,53.2,0.0,2,0,0,0,0,,
nuscenes_mini_subset,scene-0103_029,yaw,3.0,deg,2,Car,vehicle,27.8,10.8,101.2,0.95,0,0,3,0,0,,0.0
nuscenes_mini_subset,scene-0103_029,yaw,3.0,deg,3,Car,vehicle,55.5,54.9,53.7,0.0,2,0,0,0,0,,
nuscenes_mini_subset,scene-0103_029,yaw,3.0,deg,4,Car,vehicle,51.9,58.1,42.6,0.0,1,2,2,0,0,0.0,0.0
nuscenes_mini_subset,scene-0103_029,yaw,3.0,deg,5,Car,vehicle,31.4,192.5,94.1,0.0,0,3,3,3,3,1.0,1.0
nuscenes_mini_subset,scene-0103_029,yaw,3.0,deg,6,Car,vehicle,32.6,179.6,96.2,0.16,2,1,1,1,1,1.0,1.0
nuscenes_mini_subset,scene-0103_029,yaw,3.0,deg,7,Car,vehicle,60.2,53.1,54.5,0.0,2,0,0,0,0,,
nuscenes_mini_subset,scene-0103_029,yaw,3.0,deg,8,Car,vehicle,18.4,188.0,130.8,0.0,0,41,41,27,27,0.6585,0.6585
nuscenes_mini_subset,scene-0103_029,yaw,3.0,deg,9,Car,vehicle,35.0,98.8,75.2,0.0,2,3,3,0,0,0.0,0.0
nuscenes_mini_subset,scene-0103_029,yaw,3.0,deg,11,Car,vehicle,42.8,93.4,66.5,0.0,2,2,2,0,0,0.0,0.0
nuscenes_mini_subset,scene-0103_029,yaw,3.0,deg,12,Pedestrian,pedestrian,28.8,45.9,86.5,0.0,2,0,0,0,0,,
nuscenes_mini_subset,scene-0103_029,yaw,3.0,deg,13,Motorcycle,cyclist,20.1,87.2,102.9,0.0,0,5,5,0,0,0.0,0.0
nuscenes_mini_subset,scene-0103_029,yaw,3.0,deg,14,Bicycle,cyclist,34.9,35.5,73.5,0.0,0,5,5,0,0,0.0,0.0
nuscenes_mini_subset,scene-0103_029,yaw,3.0,deg,15,Car,vehicle,28.9,120.7,90.1,0.0,1,3,3,0,0,0.0,0.0
nuscenes_mini_subset,scene-0103_029,yaw,3.0,deg,16,Pedestrian,pedestrian,17.2,79.7,150.7,0.02,0,5,5,0,0,0.0,0.0
nuscenes_mini_subset,scene-0103_029,yaw,3.0,deg,17,Truck,vehicle,34.7,161.7,124.6,0.0,0,26,26,20,20,0.7692,0.7692
nuscenes_mini_subset,scene-0103_029,yaw,3.0,deg,18,Pedestrian,pedestrian,44.4,16.7,55.6,0.0,2,0,0,0,0,,
nuscenes_mini_subset,scene-0103_029,yaw,3.0,deg,19,Car,vehicle,57.9,43.9,45.2,0.0,2,1,1,0,0,0.0,0.0
nuscenes_mini_subset,scene-0103_029,yaw,3.0,deg,20,Car,vehicle,40.6,71.3,57.5,0.0,2,0,0,0,0,,
nuscenes_mini_subset,scene-0103_029,yaw,3.0,deg,21,Car,vehicle,23.2,195.5,119.0,0.0,1,11,11,6,6,0.5455,0.5455
nuscenes_mini_subset,scene-0103_030,yaw,0.0,deg,0,Car,vehicle,32.3,15.1,104.1,0.94,2,0,0,0,0,,
nuscenes_mini_subset,scene-0103_030,yaw,0.0,deg,1,Pedestrian,pedestrian,42.1,19.3,56.4,0.0,2,0,0,0,0,,
nuscenes_mini_subset,scene-0103_030,yaw,0.0,deg,2,Car,vehicle,52.4,59.4,56.5,0.0,2,2,2,2,2,1.0,1.0
nuscenes_mini_subset,scene-0103_030,yaw,0.0,deg,3,Car,vehicle,48.8,62.7,44.5,0.0,1,0,0,0,0,,
nuscenes_mini_subset,scene-0103_030,yaw,0.0,deg,4,Car,vehicle,28.5,229.4,107.1,0.0,0,6,6,6,6,1.0,1.0
nuscenes_mini_subset,scene-0103_030,yaw,0.0,deg,5,Car,vehicle,29.8,121.3,109.4,0.53,1,0,0,0,0,,
nuscenes_mini_subset,scene-0103_030,yaw,0.0,deg,6,Car,vehicle,57.0,57.0,56.9,0.0,2,0,0,0,0,,
nuscenes_mini_subset,scene-0103_030,yaw,0.0,deg,7,Car,vehicle,15.4,251.9,161.0,0.0,0,66,66,66,66,1.0,1.0
nuscenes_mini_subset,scene-0103_030,yaw,0.0,deg,8,Car,vehicle,31.8,112.1,82.1,0.0,1,3,3,3,3,1.0,1.0
nuscenes_mini_subset,scene-0103_030,yaw,0.0,deg,10,Car,vehicle,39.7,104.1,71.5,0.0,2,1,1,1,1,1.0,1.0
nuscenes_mini_subset,scene-0103_030,yaw,0.0,deg,11,Pedestrian,pedestrian,26.5,53.1,95.9,0.0,2,1,1,1,1,1.0,1.0
nuscenes_mini_subset,scene-0103_030,yaw,0.0,deg,12,Bicycle,cyclist,29.2,46.8,88.2,0.0,0,7,7,7,7,1.0,1.0
nuscenes_mini_subset,scene-0103_030,yaw,0.0,deg,13,Car,vehicle,25.7,141.5,100.4,0.0,1,20,20,20,20,1.0,1.0
nuscenes_mini_subset,scene-0103_030,yaw,0.0,deg,14,Truck,vehicle,31.6,186.4,139.3,0.0,0,43,43,43,43,1.0,1.0
nuscenes_mini_subset,scene-0103_030,yaw,0.0,deg,15,Pedestrian,pedestrian,42.0,18.0,58.9,0.0,2,0,0,0,0,,
nuscenes_mini_subset,scene-0103_030,yaw,0.0,deg,16,Car,vehicle,54.7,46.9,47.0,0.0,1,0,0,0,0,,
nuscenes_mini_subset,scene-0103_030,yaw,0.0,deg,17,Car,vehicle,37.5,79.0,61.7,0.0,2,0,0,0,0,,
nuscenes_mini_subset,scene-0103_030,yaw,0.0,deg,18,Car,vehicle,20.1,241.3,139.2,0.0,1,30,30,30,30,1.0,1.0
nuscenes_mini_subset,scene-0103_030,yaw,0.5,deg,0,Car,vehicle,32.3,15.1,104.1,0.94,2,0,0,0,0,,
nuscenes_mini_subset,scene-0103_030,yaw,0.5,deg,1,Pedestrian,pedestrian,42.1,19.3,56.4,0.0,2,0,0,0,0,,
nuscenes_mini_subset,scene-0103_030,yaw,0.5,deg,2,Car,vehicle,52.4,59.4,56.5,0.0,2,2,2,2,2,1.0,1.0
nuscenes_mini_subset,scene-0103_030,yaw,0.5,deg,3,Car,vehicle,48.8,62.7,44.5,0.0,1,0,0,0,0,,
nuscenes_mini_subset,scene-0103_030,yaw,0.5,deg,4,Car,vehicle,28.5,229.4,107.1,0.0,0,6,6,6,6,1.0,1.0
nuscenes_mini_subset,scene-0103_030,yaw,0.5,deg,5,Car,vehicle,29.8,121.3,109.4,0.53,1,0,0,0,0,,
nuscenes_mini_subset,scene-0103_030,yaw,0.5,deg,6,Car,vehicle,57.0,57.0,56.9,0.0,2,0,0,0,0,,
nuscenes_mini_subset,scene-0103_030,yaw,0.5,deg,7,Car,vehicle,15.4,251.9,161.0,0.0,0,66,66,66,66,1.0,1.0
nuscenes_mini_subset,scene-0103_030,yaw,0.5,deg,8,Car,vehicle,31.8,112.1,82.1,0.0,1,3,3,3,3,1.0,1.0
nuscenes_mini_subset,scene-0103_030,yaw,0.5,deg,10,Car,vehicle,39.7,104.1,71.5,0.0,2,1,1,1,1,1.0,1.0
nuscenes_mini_subset,scene-0103_030,yaw,0.5,deg,11,Pedestrian,pedestrian,26.5,53.1,95.9,0.0,2,1,1,1,1,1.0,1.0
nuscenes_mini_subset,scene-0103_030,yaw,0.5,deg,12,Bicycle,cyclist,29.2,46.8,88.2,0.0,0,7,7,7,7,1.0,1.0
nuscenes_mini_subset,scene-0103_030,yaw,0.5,deg,13,Car,vehicle,25.7,141.5,100.4,0.0,1,20,20,19,19,0.95,0.95
nuscenes_mini_subset,scene-0103_030,yaw,0.5,deg,14,Truck,vehicle,31.6,186.4,139.3,0.0,0,43,43,43,43,1.0,1.0
nuscenes_mini_subset,scene-0103_030,yaw,0.5,deg,15,Pedestrian,pedestrian,42.0,18.0,58.9,0.0,2,0,0,0,0,,
nuscenes_mini_subset,scene-0103_030,yaw,0.5,deg,16,Car,vehicle,54.7,46.9,47.0,0.0,1,0,0,0,0,,
nuscenes_mini_subset,scene-0103_030,yaw,0.5,deg,17,Car,vehicle,37.5,79.0,61.7,0.0,2,0,0,0,0,,
nuscenes_mini_subset,scene-0103_030,yaw,0.5,deg,18,Car,vehicle,20.1,241.3,139.2,0.0,1,30,30,30,30,1.0,1.0
nuscenes_mini_subset,scene-0103_030,yaw,1.0,deg,0,Car,vehicle,32.3,15.1,104.1,0.94,2,0,0,0,0,,
nuscenes_mini_subset,scene-0103_030,yaw,1.0,deg,1,Pedestrian,pedestrian,42.1,19.3,56.4,0.0,2,0,0,0,0,,
nuscenes_mini_subset,scene-0103_030,yaw,1.0,deg,2,Car,vehicle,52.4,59.4,56.5,0.0,2,2,2,1,1,0.5,0.5
nuscenes_mini_subset,scene-0103_030,yaw,1.0,deg,3,Car,vehicle,48.8,62.7,44.5,0.0,1,0,0,0,0,,
nuscenes_mini_subset,scene-0103_030,yaw,1.0,deg,4,Car,vehicle,28.5,229.4,107.1,0.0,0,6,6,6,6,1.0,1.0
nuscenes_mini_subset,scene-0103_030,yaw,1.0,deg,5,Car,vehicle,29.8,121.3,109.4,0.53,1,0,1,0,1,,1.0
nuscenes_mini_subset,scene-0103_030,yaw,1.0,deg,6,Car,vehicle,57.0,57.0,56.9,0.0,2,0,0,0,0,,
nuscenes_mini_subset,scene-0103_030,yaw,1.0,deg,7,Car,vehicle,15.4,251.9,161.0,0.0,0,66,66,64,64,0.9697,0.9697
nuscenes_mini_subset,scene-0103_030,yaw,1.0,deg,8,Car,vehicle,31.8,112.1,82.1,0.0,1,3,3,3,3,1.0,1.0
nuscenes_mini_subset,scene-0103_030,yaw,1.0,deg,10,Car,vehicle,39.7,104.1,71.5,0.0,2,1,1,1,1,1.0,1.0
nuscenes_mini_subset,scene-0103_030,yaw,1.0,deg,11,Pedestrian,pedestrian,26.5,53.1,95.9,0.0,2,1,1,1,1,1.0,1.0
nuscenes_mini_subset,scene-0103_030,yaw,1.0,deg,12,Bicycle,cyclist,29.2,46.8,88.2,0.0,0,7,7,3,3,0.4286,0.4286
nuscenes_mini_subset,scene-0103_030,yaw,1.0,deg,13,Car,vehicle,25.7,141.5,100.4,0.0,1,20,20,17,17,0.85,0.85
nuscenes_mini_subset,scene-0103_030,yaw,1.0,deg,14,Truck,vehicle,31.6,186.4,139.3,0.0,0,43,43,43,43,1.0,1.0
nuscenes_mini_subset,scene-0103_030,yaw,1.0,deg,15,Pedestrian,pedestrian,42.0,18.0,58.9,0.0,2,0,0,0,0,,
nuscenes_mini_subset,scene-0103_030,yaw,1.0,deg,16,Car,vehicle,54.7,46.9,47.0,0.0,1,0,0,0,0,,
nuscenes_mini_subset,scene-0103_030,yaw,1.0,deg,17,Car,vehicle,37.5,79.0,61.7,0.0,2,0,0,0,0,,
nuscenes_mini_subset,scene-0103_030,yaw,1.0,deg,18,Car,vehicle,20.1,241.3,139.2,0.0,1,30,30,28,28,0.9333,0.9333
nuscenes_mini_subset,scene-0103_030,yaw,2.0,deg,0,Car,vehicle,32.3,15.1,104.1,0.94,2,0,0,0,0,,
nuscenes_mini_subset,scene-0103_030,yaw,2.0,deg,1,Pedestrian,pedestrian,42.1,19.3,56.4,0.0,2,0,0,0,0,,
nuscenes_mini_subset,scene-0103_030,yaw,2.0,deg,2,Car,vehicle,52.4,59.4,56.5,0.0,2,2,2,0,0,0.0,0.0
nuscenes_mini_subset,scene-0103_030,yaw,2.0,deg,3,Car,vehicle,48.8,62.7,44.5,0.0,1,0,0,0,0,,
nuscenes_mini_subset,scene-0103_030,yaw,2.0,deg,4,Car,vehicle,28.5,229.4,107.1,0.0,0,6,6,6,6,1.0,1.0
nuscenes_mini_subset,scene-0103_030,yaw,2.0,deg,5,Car,vehicle,29.8,121.3,109.4,0.53,1,0,1,0,1,,1.0
nuscenes_mini_subset,scene-0103_030,yaw,2.0,deg,6,Car,vehicle,57.0,57.0,56.9,0.0,2,0,0,0,0,,
nuscenes_mini_subset,scene-0103_030,yaw,2.0,deg,7,Car,vehicle,15.4,251.9,161.0,0.0,0,66,66,58,58,0.8788,0.8788
nuscenes_mini_subset,scene-0103_030,yaw,2.0,deg,8,Car,vehicle,31.8,112.1,82.1,0.0,1,3,3,1,1,0.3333,0.3333
nuscenes_mini_subset,scene-0103_030,yaw,2.0,deg,10,Car,vehicle,39.7,104.1,71.5,0.0,2,1,1,1,1,1.0,1.0
nuscenes_mini_subset,scene-0103_030,yaw,2.0,deg,11,Pedestrian,pedestrian,26.5,53.1,95.9,0.0,2,1,1,0,0,0.0,0.0
nuscenes_mini_subset,scene-0103_030,yaw,2.0,deg,12,Bicycle,cyclist,29.2,46.8,88.2,0.0,0,7,7,0,0,0.0,0.0
nuscenes_mini_subset,scene-0103_030,yaw,2.0,deg,13,Car,vehicle,25.7,141.5,100.4,0.0,1,20,20,11,11,0.55,0.55
nuscenes_mini_subset,scene-0103_030,yaw,2.0,deg,14,Truck,vehicle,31.6,186.4,139.3,0.0,0,43,43,40,40,0.9302,0.9302
nuscenes_mini_subset,scene-0103_030,yaw,2.0,deg,15,Pedestrian,pedestrian,42.0,18.0,58.9,0.0,2,0,0,0,0,,
nuscenes_mini_subset,scene-0103_030,yaw,2.0,deg,16,Car,vehicle,54.7,46.9,47.0,0.0,1,0,0,0,0,,
nuscenes_mini_subset,scene-0103_030,yaw,2.0,deg,17,Car,vehicle,37.5,79.0,61.7,0.0,2,0,0,0,0,,
nuscenes_mini_subset,scene-0103_030,yaw,2.0,deg,18,Car,vehicle,20.1,241.3,139.2,0.0,1,30,30,28,28,0.9333,0.9333
nuscenes_mini_subset,scene-0103_030,yaw,3.0,deg,0,Car,vehicle,32.3,15.1,104.1,0.94,2,0,0,0,0,,
nuscenes_mini_subset,scene-0103_030,yaw,3.0,deg,1,Pedestrian,pedestrian,42.1,19.3,56.4,0.0,2,0,0,0,0,,
nuscenes_mini_subset,scene-0103_030,yaw,3.0,deg,2,Car,vehicle,52.4,59.4,56.5,0.0,2,2,2,0,0,0.0,0.0
nuscenes_mini_subset,scene-0103_030,yaw,3.0,deg,3,Car,vehicle,48.8,62.7,44.5,0.0,1,0,0,0,0,,
nuscenes_mini_subset,scene-0103_030,yaw,3.0,deg,4,Car,vehicle,28.5,229.4,107.1,0.0,0,6,6,6,6,1.0,1.0
nuscenes_mini_subset,scene-0103_030,yaw,3.0,deg,5,Car,vehicle,29.8,121.3,109.4,0.53,1,0,1,0,1,,1.0
nuscenes_mini_subset,scene-0103_030,yaw,3.0,deg,6,Car,vehicle,57.0,57.0,56.9,0.0,2,0,0,0,0,,
nuscenes_mini_subset,scene-0103_030,yaw,3.0,deg,7,Car,vehicle,15.4,251.9,161.0,0.0,0,66,66,52,52,0.7879,0.7879
nuscenes_mini_subset,scene-0103_030,yaw,3.0,deg,8,Car,vehicle,31.8,112.1,82.1,0.0,1,3,3,0,0,0.0,0.0
nuscenes_mini_subset,scene-0103_030,yaw,3.0,deg,10,Car,vehicle,39.7,104.1,71.5,0.0,2,1,1,1,1,1.0,1.0
nuscenes_mini_subset,scene-0103_030,yaw,3.0,deg,11,Pedestrian,pedestrian,26.5,53.1,95.9,0.0,2,1,1,0,0,0.0,0.0
nuscenes_mini_subset,scene-0103_030,yaw,3.0,deg,12,Bicycle,cyclist,29.2,46.8,88.2,0.0,0,7,7,0,0,0.0,0.0
nuscenes_mini_subset,scene-0103_030,yaw,3.0,deg,13,Car,vehicle,25.7,141.5,100.4,0.0,1,20,20,4,4,0.2,0.2
nuscenes_mini_subset,scene-0103_030,yaw,3.0,deg,14,Truck,vehicle,31.6,186.4,139.3,0.0,0,43,43,37,37,0.8605,0.8605
nuscenes_mini_subset,scene-0103_030,yaw,3.0,deg,15,Pedestrian,pedestrian,42.0,18.0,58.9,0.0,2,0,0,0,0,,
nuscenes_mini_subset,scene-0103_030,yaw,3.0,deg,16,Car,vehicle,54.7,46.9,47.0,0.0,1,0,0,0,0,,
nuscenes_mini_subset,scene-0103_030,yaw,3.0,deg,17,Car,vehicle,37.5,79.0,61.7,0.0,2,0,0,0,0,,
nuscenes_mini_subset,scene-0103_030,yaw,3.0,deg,18,Car,vehicle,20.1,241.3,139.2,0.0,1,30,30,26,26,0.8667,0.8667
nuscenes_mini_subset,scene-0103_031,yaw,0.0,deg,0,Pedestrian,pedestrian,39.5,21.0,60.5,0.0,2,0,0,0,0,,
nuscenes_mini_subset,scene-0103_031,yaw,0.0,deg,1,Car,vehicle,49.1,65.0,60.7,0.0,0,2,2,2,2,1.0,1.0
nuscenes_mini_subset,scene-0103_031,yaw,0.0,deg,2,Car,vehicle,45.4,68.6,48.4,0.0,0,2,2,2,2,1.0,1.0
nuscenes_mini_subset,scene-0103_031,yaw,0.0,deg,3,Car,vehicle,25.4,180.6,125.6,0.37,1,6,6,6,6,1.0,1.0
nuscenes_mini_subset,scene-0103_031,yaw,0.0,deg,4,Car,vehicle,26.9,38.1,128.3,0.88,1,0,0,0,0,,
nuscenes_mini_subset,scene-0103_031,yaw,0.0,deg,5,Car,vehicle,53.6,61.9,60.9,0.0,2,0,0,0,0,,
nuscenes_mini_subset,scene-0103_031,yaw,0.0,deg,6,Car,vehicle,12.2,302.0,223.1,0.21,0,125,125,125,125,1.0,1.0
nuscenes_mini_subset,scene-0103_031,yaw,0.0,deg,7,Car,vehicle,28.5,130.2,93.6,0.0,1,12,12,12,12,1.0,1.0
nuscenes_mini_subset,scene-0103_031,yaw,0.0,deg,9,Car,vehicle,36.4,118.2,79.6,0.0,1,9,9,9,9,1.0,1.0
nuscenes_mini_subset,scene-0103_031,yaw,0.0,deg,10,Pedestrian,pedestrian,24.0,63.5,109.1,0.0,2,1,1,1,1,1.0,1.0
nuscenes_mini_subset,scene-0103_031,yaw,0.0,deg,11,Bicycle,cyclist,23.1,68.8,114.3,0.0,0,8,8,8,8,1.0,1.0
nuscenes_mini_subset,scene-0103_031,yaw,0.0,deg,12,Car,vehicle,22.4,172.7,118.9,0.0,1,19,19,19,19,1.0,1.0
nuscenes_mini_subset,scene-0103_031,yaw,0.0,deg,13,Truck,vehicle,28.3,222.2,159.6,0.0,0,49,49,49,49,1.0,1.0
nuscenes_mini_subset,scene-0103_031,yaw,0.0,deg,14,Pedestrian,pedestrian,39.4,19.5,63.2,0.0,2,0,0,0,0,,
nuscenes_mini_subset,scene-0103_031,yaw,0.0,deg,15,Car,vehicle,51.3,50.6,50.5,0.0,1,0,0,0,0,,
nuscenes_mini_subset,scene-0103_031,yaw,0.0,deg,16,Car,vehicle,34.1,89.2,68.8,0.0,2,1,1,1,1,1.0,1.0
nuscenes_mini_subset,scene-0103_031,yaw,0.0,deg,17,Car,vehicle,16.8,317.9,174.5,0.0,0,47,47,47,47,1.0,1.0
nuscenes_mini_subset,scene-0103_031,yaw,0.5,deg,0,Pedestrian,pedestrian,39.5,21.0,60.5,0.0,2,0,0,0,0,,
nuscenes_mini_subset,scene-0103_031,yaw,0.5,deg,1,Car,vehicle,49.1,65.0,60.7,0.0,0,2,2,2,2,1.0,1.0
nuscenes_mini_subset,scene-0103_031,yaw,0.5,deg,2,Car,vehicle,45.4,68.6,48.4,0.0,0,2,2,2,2,1.0,1.0
nuscenes_mini_subset,scene-0103_031,yaw,0.5,deg,3,Car,vehicle,25.4,180.6,125.6,0.37,1,6,10,6,10,1.0,1.0
nuscenes_mini_subset,scene-0103_031,yaw,0.5,deg,4,Car,vehicle,26.9,38.1,128.3,0.88,1,0,0,0,0,,
nuscenes_mini_subset,scene-0103_031,yaw,0.5,deg,5,Car,vehicle,53.6,61.9,60.9,0.0,2,0,0,0,0,,
nuscenes_mini_subset,scene-0103_031,yaw,0.5,deg,6,Car,vehicle,12.2,302.0,223.1,0.21,0,125,133,125,132,1.0,0.9925
nuscenes_mini_subset,scene-0103_031,yaw,0.5,deg,7,Car,vehicle,28.5,130.2,93.6,0.0,1,12,12,12,12,1.0,1.0
nuscenes_mini_subset,scene-0103_031,yaw,0.5,deg,9,Car,vehicle,36.4,118.2,79.6,0.0,1,9,9,9,9,1.0,1.0
nuscenes_mini_subset,scene-0103_031,yaw,0.5,deg,10,Pedestrian,pedestrian,24.0,63.5,109.1,0.0,2,1,1,1,1,1.0,1.0
nuscenes_mini_subset,scene-0103_031,yaw,0.5,deg,11,Bicycle,cyclist,23.1,68.8,114.3,0.0,0,8,8,8,8,1.0,1.0
nuscenes_mini_subset,scene-0103_031,yaw,0.5,deg,12,Car,vehicle,22.4,172.7,118.9,0.0,1,19,19,19,19,1.0,1.0
nuscenes_mini_subset,scene-0103_031,yaw,0.5,deg,13,Truck,vehicle,28.3,222.2,159.6,0.0,0,49,49,49,49,1.0,1.0
nuscenes_mini_subset,scene-0103_031,yaw,0.5,deg,14,Pedestrian,pedestrian,39.4,19.5,63.2,0.0,2,0,0,0,0,,
nuscenes_mini_subset,scene-0103_031,yaw,0.5,deg,15,Car,vehicle,51.3,50.6,50.5,0.0,1,0,0,0,0,,
nuscenes_mini_subset,scene-0103_031,yaw,0.5,deg,16,Car,vehicle,34.1,89.2,68.8,0.0,2,1,1,1,1,1.0,1.0
nuscenes_mini_subset,scene-0103_031,yaw,0.5,deg,17,Car,vehicle,16.8,317.9,174.5,0.0,0,47,47,47,47,1.0,1.0
nuscenes_mini_subset,scene-0103_031,yaw,1.0,deg,0,Pedestrian,pedestrian,39.5,21.0,60.5,0.0,2,0,0,0,0,,
nuscenes_mini_subset,scene-0103_031,yaw,1.0,deg,1,Car,vehicle,49.1,65.0,60.7,0.0,0,2,2,1,1,0.5,0.5
nuscenes_mini_subset,scene-0103_031,yaw,1.0,deg,2,Car,vehicle,45.4,68.6,48.4,0.0,0,2,2,1,1,0.5,0.5
nuscenes_mini_subset,scene-0103_031,yaw,1.0,deg,3,Car,vehicle,25.4,180.6,125.6,0.37,1,6,12,6,12,1.0,1.0
nuscenes_mini_subset,scene-0103_031,yaw,1.0,deg,4,Car,vehicle,26.9,38.1,128.3,0.88,1,0,0,0,0,,
nuscenes_mini_subset,scene-0103_031,yaw,1.0,deg,5,Car,vehicle,53.6,61.9,60.9,0.0,2,0,0,0,0,,
nuscenes_mini_subset,scene-0103_031,yaw,1.0,deg,6,Car,vehicle,12.2,302.0,223.1,0.21,0,125,137,123,135,0.984,0.9854
nuscenes_mini_subset,scene-0103_031,yaw,1.0,deg,7,Car,vehicle,28.5,130.2,93.6,0.0,1,12,12,12,12,1.0,1.0
nuscenes_mini_subset,scene-0103_031,yaw,1.0,deg,9,Car,vehicle,36.4,118.2,79.6,0.0,1,9,9,9,9,1.0,1.0
nuscenes_mini_subset,scene-0103_031,yaw,1.0,deg,10,Pedestrian,pedestrian,24.0,63.5,109.1,0.0,2,1,1,1,1,1.0,1.0
nuscenes_mini_subset,scene-0103_031,yaw,1.0,deg,11,Bicycle,cyclist,23.1,68.8,114.3,0.0,0,8,8,7,7,0.875,0.875
nuscenes_mini_subset,scene-0103_031,yaw,1.0,deg,12,Car,vehicle,22.4,172.7,118.9,0.0,1,19,19,17,17,0.8947,0.8947
nuscenes_mini_subset,scene-0103_031,yaw,1.0,deg,13,Truck,vehicle,28.3,222.2,159.6,0.0,0,49,49,49,49,1.0,1.0
nuscenes_mini_subset,scene-0103_031,yaw,1.0,deg,14,Pedestrian,pedestrian,39.4,19.5,63.2,0.0,2,0,0,0,0,,
nuscenes_mini_subset,scene-0103_031,yaw,1.0,deg,15,Car,vehicle,51.3,50.6,50.5,0.0,1,0,0,0,0,,
nuscenes_mini_subset,scene-0103_031,yaw,1.0,deg,16,Car,vehicle,34.1,89.2,68.8,0.0,2,1,1,1,1,1.0,1.0
nuscenes_mini_subset,scene-0103_031,yaw,1.0,deg,17,Car,vehicle,16.8,317.9,174.5,0.0,0,47,47,46,46,0.9787,0.9787
nuscenes_mini_subset,scene-0103_031,yaw,2.0,deg,0,Pedestrian,pedestrian,39.5,21.0,60.5,0.0,2,0,0,0,0,,
nuscenes_mini_subset,scene-0103_031,yaw,2.0,deg,1,Car,vehicle,49.1,65.0,60.7,0.0,0,2,2,0,0,0.0,0.0
nuscenes_mini_subset,scene-0103_031,yaw,2.0,deg,2,Car,vehicle,45.4,68.6,48.4,0.0,0,2,2,0,0,0.0,0.0
nuscenes_mini_subset,scene-0103_031,yaw,2.0,deg,3,Car,vehicle,25.4,180.6,125.6,0.37,1,6,16,5,15,0.8333,0.9375
nuscenes_mini_subset,scene-0103_031,yaw,2.0,deg,4,Car,vehicle,26.9,38.1,128.3,0.88,1,0,0,0,0,,
nuscenes_mini_subset,scene-0103_031,yaw,2.0,deg,5,Car,vehicle,53.6,61.9,60.9,0.0,2,0,0,0,0,,
nuscenes_mini_subset,scene-0103_031,yaw,2.0,deg,6,Car,vehicle,12.2,302.0,223.1,0.21,0,125,140,116,131,0.928,0.9357
nuscenes_mini_subset,scene-0103_031,yaw,2.0,deg,7,Car,vehicle,28.5,130.2,93.6,0.0,1,12,12,10,10,0.8333,0.8333
nuscenes_mini_subset,scene-0103_031,yaw,2.0,deg,9,Car,vehicle,36.4,118.2,79.6,0.0,1,9,9,9,9,1.0,1.0
nuscenes_mini_subset,scene-0103_031,yaw,2.0,deg,10,Pedestrian,pedestrian,24.0,63.5,109.1,0.0,2,1,1,0,0,0.0,0.0
nuscenes_mini_subset,scene-0103_031,yaw,2.0,deg,11,Bicycle,cyclist,23.1,68.8,114.3,0.0,0,8,8,2,2,0.25,0.25
nuscenes_mini_subset,scene-0103_031,yaw,2.0,deg,12,Car,vehicle,22.4,172.7,118.9,0.0,1,19,19,11,11,0.5789,0.5789
nuscenes_mini_subset,scene-0103_031,yaw,2.0,deg,13,Truck,vehicle,28.3,222.2,159.6,0.0,0,49,49,47,47,0.9592,0.9592
nuscenes_mini_subset,scene-0103_031,yaw,2.0,deg,14,Pedestrian,pedestrian,39.4,19.5,63.2,0.0,2,0,0,0,0,,
nuscenes_mini_subset,scene-0103_031,yaw,2.0,deg,15,Car,vehicle,51.3,50.6,50.5,0.0,1,0,0,0,0,,
nuscenes_mini_subset,scene-0103_031,yaw,2.0,deg,16,Car,vehicle,34.1,89.2,68.8,0.0,2,1,1,0,0,0.0,0.0
nuscenes_mini_subset,scene-0103_031,yaw,2.0,deg,17,Car,vehicle,16.8,317.9,174.5,0.0,0,47,47,41,41,0.8723,0.8723
nuscenes_mini_subset,scene-0103_031,yaw,3.0,deg,0,Pedestrian,pedestrian,39.5,21.0,60.5,0.0,2,0,0,0,0,,
nuscenes_mini_subset,scene-0103_031,yaw,3.0,deg,1,Car,vehicle,49.1,65.0,60.7,0.0,0,2,2,0,0,0.0,0.0
nuscenes_mini_subset,scene-0103_031,yaw,3.0,deg,2,Car,vehicle,45.4,68.6,48.4,0.0,0,2,2,0,0,0.0,0.0
nuscenes_mini_subset,scene-0103_031,yaw,3.0,deg,3,Car,vehicle,25.4,180.6,125.6,0.37,1,6,18,5,17,0.8333,0.9444
nuscenes_mini_subset,scene-0103_031,yaw,3.0,deg,4,Car,vehicle,26.9,38.1,128.3,0.88,1,0,0,0,0,,
nuscenes_mini_subset,scene-0103_031,yaw,3.0,deg,5,Car,vehicle,53.6,61.9,60.9,0.0,2,0,0,0,0,,
nuscenes_mini_subset,scene-0103_031,yaw,3.0,deg,6,Car,vehicle,12.2,302.0,223.1,0.21,0,125,140,106,121,0.848,0.8643
nuscenes_mini_subset,scene-0103_031,yaw,3.0,deg,7,Car,vehicle,28.5,130.2,93.6,0.0,1,12,12,4,4,0.3333,0.3333
nuscenes_mini_subset,scene-0103_031,yaw,3.0,deg,9,Car,vehicle,36.4,118.2,79.6,0.0,1,9,9,6,6,0.6667,0.6667
nuscenes_mini_subset,scene-0103_031,yaw,3.0,deg,10,Pedestrian,pedestrian,24.0,63.5,109.1,0.0,2,1,1,0,0,0.0,0.0
nuscenes_mini_subset,scene-0103_031,yaw,3.0,deg,11,Bicycle,cyclist,23.1,68.8,114.3,0.0,0,8,8,0,0,0.0,0.0
nuscenes_mini_subset,scene-0103_031,yaw,3.0,deg,12,Car,vehicle,22.4,172.7,118.9,0.0,1,19,19,4,4,0.2105,0.2105
nuscenes_mini_subset,scene-0103_031,yaw,3.0,deg,13,Truck,vehicle,28.3,222.2,159.6,0.0,0,49,49,43,43,0.8776,0.8776
nuscenes_mini_subset,scene-0103_031,yaw,3.0,deg,14,Pedestrian,pedestrian,39.4,19.5,63.2,0.0,2,0,0,0,0,,
nuscenes_mini_subset,scene-0103_031,yaw,3.0,deg,15,Car,vehicle,51.3,50.6,50.5,0.0,1,0,0,0,0,,
nuscenes_mini_subset,scene-0103_031,yaw,3.0,deg,16,Car,vehicle,34.1,89.2,68.8,0.0,2,1,1,0,0,0.0,0.0
nuscenes_mini_subset,scene-0103_031,yaw,3.0,deg,17,Car,vehicle,16.8,317.9,174.5,0.0,0,47,47,35,35,0.7447,0.7447
nuscenes_mini_subset,scene-0103_032,yaw,0.0,deg,0,Pedestrian,pedestrian,36.8,23.2,65.4,0.0,2,0,0,0,0,,
nuscenes_mini_subset,scene-0103_032,yaw,0.0,deg,1,Car,vehicle,45.6,71.9,65.7,0.0,0,5,5,5,5,1.0,1.0
nuscenes_mini_subset,scene-0103_032,yaw,0.0,deg,2,Car,vehicle,41.9,76.0,52.9,0.0,0,4,4,4,4,1.0,1.0
nuscenes_mini_subset,scene-0103_032,yaw,0.0,deg,3,Car,vehicle,22.4,84.0,153.5,0.78,2,0,0,0,0,,
nuscenes_mini_subset,scene-0103_032,yaw,0.0,deg,4,Car,vehicle,50.1,67.7,65.4,0.0,2,1,1,1,1,1.0,1.0
nuscenes_mini_subset,scene-0103_032,yaw,0.0,deg,5,Car,vehicle,9.2,129.1,356.7,0.82,0,24,24,24,24,1.0,1.0
nuscenes_mini_subset,scene-0103_032,yaw,0.0,deg,6,Car,vehicle,25.0,156.5,108.0,0.0,0,22,22,22,22,1.0,1.0
nuscenes_mini_subset,scene-0103_032,yaw,0.0,deg,8,Car,vehicle,33.0,137.0,88.9,0.0,1,10,10,10,10,1.0,1.0
nuscenes_mini_subset,scene-0103_032,yaw,0.0,deg,9,Pedestrian,pedestrian,21.6,62.8,126.7,0.2,2,0,0,0,0,,
nuscenes_mini_subset,scene-0103_032,yaw,0.0,deg,10,Bicycle,cyclist,17.0,116.5,163.1,0.0,0,16,16,16,16,1.0,1.0
nuscenes_mini_subset,scene-0103_032,yaw,0.0,deg,11,Car,vehicle,19.0,222.9,144.4,0.0,1,25,25,25,25,1.0,1.0
nuscenes_mini_subset,scene-0103_032,yaw,0.0,deg,12,Truck,vehicle,24.9,274.6,188.0,0.0,0,70,70,70,70,1.0,1.0
nuscenes_mini_subset,scene-0103_032,yaw,0.0,deg,13,Pedestrian,pedestrian,36.8,21.4,68.3,0.0,2,0,0,0,0,,
nuscenes_mini_subset,scene-0103_032,yaw,0.0,deg,14,Car,vehicle,47.8,55.2,54.3,0.0,1,0,0,0,0,,
nuscenes_mini_subset,scene-0103_032,yaw,0.0,deg,15,Car,vehicle,30.6,103.2,77.2,0.0,1,3,3,3,3,1.0,1.0
nuscenes_mini_subset,scene-0103_032,yaw,0.0,deg,16,Car,vehicle,13.5,391.8,237.2,0.16,0,123,123,123,123,1.0,1.0
nuscenes_mini_subset,scene-0103_032,yaw,0.5,deg,0,Pedestrian,pedestrian,36.8,23.2,65.4,0.0,2,0,0,0,0,,
nuscenes_mini_subset,scene-0103_032,yaw,0.5,deg,1,Car,vehicle,45.6,71.9,65.7,0.0,0,5,5,5,5,1.0,1.0
nuscenes_mini_subset,scene-0103_032,yaw,0.5,deg,2,Car,vehicle,41.9,76.0,52.9,0.0,0,4,4,4,4,1.0,1.0
nuscenes_mini_subset,scene-0103_032,yaw,0.5,deg,3,Car,vehicle,22.4,84.0,153.5,0.78,2,0,0,0,0,,
nuscenes_mini_subset,scene-0103_032,yaw,0.5,deg,4,Car,vehicle,50.1,67.7,65.4,0.0,2,1,1,1,1,1.0,1.0
nuscenes_mini_subset,scene-0103_032,yaw,0.5,deg,5,Car,vehicle,9.2,129.1,356.7,0.82,0,24,30,24,29,1.0,0.9667
nuscenes_mini_subset,scene-0103_032,yaw,0.5,deg,6,Car,vehicle,25.0,156.5,108.0,0.0,0,22,22,22,22,1.0,1.0
nuscenes_mini_subset,scene-0103_032,yaw,0.5,deg,8,Car,vehicle,33.0,137.0,88.9,0.0,1,10,10,10,10,1.0,1.0
nuscenes_mini_subset,scene-0103_032,yaw,0.5,deg,9,Pedestrian,pedestrian,21.6,62.8,126.7,0.2,2,0,0,0,0,,
nuscenes_mini_subset,scene-0103_032,yaw,0.5,deg,10,Bicycle,cyclist,17.0,116.5,163.1,0.0,0,16,16,16,16,1.0,1.0
nuscenes_mini_subset,scene-0103_032,yaw,0.5,deg,11,Car,vehicle,19.0,222.9,144.4,0.0,1,25,25,24,24,0.96,0.96
nuscenes_mini_subset,scene-0103_032,yaw,0.5,deg,12,Truck,vehicle,24.9,274.6,188.0,0.0,0,70,70,70,70,1.0,1.0
nuscenes_mini_subset,scene-0103_032,yaw,0.5,deg,13,Pedestrian,pedestrian,36.8,21.4,68.3,0.0,2,0,0,0,0,,
nuscenes_mini_subset,scene-0103_032,yaw,0.5,deg,14,Car,vehicle,47.8,55.2,54.3,0.0,1,0,0,0,0,,
nuscenes_mini_subset,scene-0103_032,yaw,0.5,deg,15,Car,vehicle,30.6,103.2,77.2,0.0,1,3,3,3,3,1.0,1.0
nuscenes_mini_subset,scene-0103_032,yaw,0.5,deg,16,Car,vehicle,13.5,391.8,237.2,0.16,0,123,123,123,123,1.0,1.0
nuscenes_mini_subset,scene-0103_032,yaw,1.0,deg,0,Pedestrian,pedestrian,36.8,23.2,65.4,0.0,2,0,0,0,0,,
nuscenes_mini_subset,scene-0103_032,yaw,1.0,deg,1,Car,vehicle,45.6,71.9,65.7,0.0,0,5,5,5,5,1.0,1.0
nuscenes_mini_subset,scene-0103_032,yaw,1.0,deg,2,Car,vehicle,41.9,76.0,52.9,0.0,0,4,4,3,3,0.75,0.75
nuscenes_mini_subset,scene-0103_032,yaw,1.0,deg,3,Car,vehicle,22.4,84.0,153.5,0.78,2,0,2,0,2,,1.0
nuscenes_mini_subset,scene-0103_032,yaw,1.0,deg,4,Car,vehicle,50.1,67.7,65.4,0.0,2,1,1,1,1,1.0,1.0
nuscenes_mini_subset,scene-0103_032,yaw,1.0,deg,5,Car,vehicle,9.2,129.1,356.7,0.82,0,24,35,23,34,0.9583,0.9714
nuscenes_mini_subset,scene-0103_032,yaw,1.0,deg,6,Car,vehicle,25.0,156.5,108.0,0.0,0,22,22,19,19,0.8636,0.8636
nuscenes_mini_subset,scene-0103_032,yaw,1.0,deg,8,Car,vehicle,33.0,137.0,88.9,0.0,1,10,10,10,10,1.0,1.0
nuscenes_mini_subset,scene-0103_032,yaw,1.0,deg,9,Pedestrian,pedestrian,21.6,62.8,126.7,0.2,2,0,0,0,0,,
nuscenes_mini_subset,scene-0103_032,yaw,1.0,deg,10,Bicycle,cyclist,17.0,116.5,163.1,0.0,0,16,16,16,16,1.0,1.0
nuscenes_mini_subset,scene-0103_032,yaw,1.0,deg,11,Car,vehicle,19.0,222.9,144.4,0.0,1,25,25,23,23,0.92,0.92
nuscenes_mini_subset,scene-0103_032,yaw,1.0,deg,12,Truck,vehicle,24.9,274.6,188.0,0.0,0,70,70,70,70,1.0,1.0
nuscenes_mini_subset,scene-0103_032,yaw,1.0,deg,13,Pedestrian,pedestrian,36.8,21.4,68.3,0.0,2,0,0,0,0,,
nuscenes_mini_subset,scene-0103_032,yaw,1.0,deg,14,Car,vehicle,47.8,55.2,54.3,0.0,1,0,0,0,0,,
nuscenes_mini_subset,scene-0103_032,yaw,1.0,deg,15,Car,vehicle,30.6,103.2,77.2,0.0,1,3,3,3,3,1.0,1.0
nuscenes_mini_subset,scene-0103_032,yaw,1.0,deg,16,Car,vehicle,13.5,391.8,237.2,0.16,0,123,123,121,121,0.9837,0.9837
nuscenes_mini_subset,scene-0103_032,yaw,2.0,deg,0,Pedestrian,pedestrian,36.8,23.2,65.4,0.0,2,0,0,0,0,,
nuscenes_mini_subset,scene-0103_032,yaw,2.0,deg,1,Car,vehicle,45.6,71.9,65.7,0.0,0,5,5,1,1,0.2,0.2
nuscenes_mini_subset,scene-0103_032,yaw,2.0,deg,2,Car,vehicle,41.9,76.0,52.9,0.0,0,4,4,0,0,0.0,0.0
nuscenes_mini_subset,scene-0103_032,yaw,2.0,deg,3,Car,vehicle,22.4,84.0,153.5,0.78,2,0,7,0,7,,1.0
nuscenes_mini_subset,scene-0103_032,yaw,2.0,deg,4,Car,vehicle,50.1,67.7,65.4,0.0,2,1,1,0,0,0.0,0.0
nuscenes_mini_subset,scene-0103_032,yaw,2.0,deg,5,Car,vehicle,9.2,129.1,356.7,0.82,0,24,50,16,40,0.6667,0.8
nuscenes_mini_subset,scene-0103_032,yaw,2.0,deg,6,Car,vehicle,25.0,156.5,108.0,0.0,0,22,22,16,16,0.7273,0.7273
nuscenes_mini_subset,scene-0103_032,yaw,2.0,deg,8,Car,vehicle,33.0,137.0,88.9,0.0,1,10,10,10,10,1.0,1.0
nuscenes_mini_subset,scene-0103_032,yaw,2.0,deg,9,Pedestrian,pedestrian,21.6,62.8,126.7,0.2,2,0,0,0,0,,
nuscenes_mini_subset,scene-0103_032,yaw,2.0,deg,10,Bicycle,cyclist,17.0,116.5,163.1,0.0,0,16,16,13,13,0.8125,0.8125
nuscenes_mini_subset,scene-0103_032,yaw,2.0,deg,11,Car,vehicle,19.0,222.9,144.4,0.0,1,25,25,16,16,0.64,0.64
nuscenes_mini_subset,scene-0103_032,yaw,2.0,deg,12,Truck,vehicle,24.9,274.6,188.0,0.0,0,70,70,67,67,0.9571,0.9571
nuscenes_mini_subset,scene-0103_032,yaw,2.0,deg,13,Pedestrian,pedestrian,36.8,21.4,68.3,0.0,2,0,0,0,0,,
nuscenes_mini_subset,scene-0103_032,yaw,2.0,deg,14,Car,vehicle,47.8,55.2,54.3,0.0,1,0,0,0,0,,
nuscenes_mini_subset,scene-0103_032,yaw,2.0,deg,15,Car,vehicle,30.6,103.2,77.2,0.0,1,3,3,0,0,0.0,0.0
nuscenes_mini_subset,scene-0103_032,yaw,2.0,deg,16,Car,vehicle,13.5,391.8,237.2,0.16,0,123,123,114,114,0.9268,0.9268
nuscenes_mini_subset,scene-0103_032,yaw,3.0,deg,0,Pedestrian,pedestrian,36.8,23.2,65.4,0.0,2,0,0,0,0,,
nuscenes_mini_subset,scene-0103_032,yaw,3.0,deg,1,Car,vehicle,45.6,71.9,65.7,0.0,0,5,5,0,0,0.0,0.0
nuscenes_mini_subset,scene-0103_032,yaw,3.0,deg,2,Car,vehicle,41.9,76.0,52.9,0.0,0,4,4,0,0,0.0,0.0
nuscenes_mini_subset,scene-0103_032,yaw,3.0,deg,3,Car,vehicle,22.4,84.0,153.5,0.78,2,0,8,0,8,,1.0
nuscenes_mini_subset,scene-0103_032,yaw,3.0,deg,4,Car,vehicle,50.1,67.7,65.4,0.0,2,1,1,0,0,0.0,0.0
nuscenes_mini_subset,scene-0103_032,yaw,3.0,deg,5,Car,vehicle,9.2,129.1,356.7,0.82,0,24,65,10,51,0.4167,0.7846
nuscenes_mini_subset,scene-0103_032,yaw,3.0,deg,6,Car,vehicle,25.0,156.5,108.0,0.0,0,22,22,10,10,0.4545,0.4545
nuscenes_mini_subset,scene-0103_032,yaw,3.0,deg,8,Car,vehicle,33.0,137.0,88.9,0.0,1,10,10,8,8,0.8,0.8
nuscenes_mini_subset,scene-0103_032,yaw,3.0,deg,9,Pedestrian,pedestrian,21.6,62.8,126.7,0.2,2,0,0,0,0,,
nuscenes_mini_subset,scene-0103_032,yaw,3.0,deg,10,Bicycle,cyclist,17.0,116.5,163.1,0.0,0,16,16,4,4,0.25,0.25
nuscenes_mini_subset,scene-0103_032,yaw,3.0,deg,11,Car,vehicle,19.0,222.9,144.4,0.0,1,25,25,12,12,0.48,0.48
nuscenes_mini_subset,scene-0103_032,yaw,3.0,deg,12,Truck,vehicle,24.9,274.6,188.0,0.0,0,70,70,61,61,0.8714,0.8714
nuscenes_mini_subset,scene-0103_032,yaw,3.0,deg,13,Pedestrian,pedestrian,36.8,21.4,68.3,0.0,2,0,0,0,0,,
nuscenes_mini_subset,scene-0103_032,yaw,3.0,deg,14,Car,vehicle,47.8,55.2,54.3,0.0,1,0,0,0,0,,
nuscenes_mini_subset,scene-0103_032,yaw,3.0,deg,15,Car,vehicle,30.6,103.2,77.2,0.0,1,3,3,0,0,0.0,0.0
nuscenes_mini_subset,scene-0103_032,yaw,3.0,deg,16,Car,vehicle,13.5,391.8,237.2,0.16,0,123,123,105,105,0.8537,0.8537
nuscenes_mini_subset,scene-0103_033,yaw,0.0,deg,0,Pedestrian,pedestrian,34.0,26.0,71.6,0.0,2,0,0,0,0,,
nuscenes_mini_subset,scene-0103_033,yaw,0.0,deg,1,Car,vehicle,41.9,80.9,71.6,0.0,0,6,6,6,6,1.0,1.0
nuscenes_mini_subset,scene-0103_033,yaw,0.0,deg,2,Car,vehicle,63.4,45.7,39.6,0.0,2,1,1,1,1,1.0,1.0
nuscenes_mini_subset,scene-0103_033,yaw,0.0,deg,3,Car,vehicle,38.2,85.6,57.7,0.0,0,4,4,4,4,1.0,1.0
nuscenes_mini_subset,scene-0103_033,yaw,0.0,deg,4,Car,vehicle,46.5,75.3,70.5,0.0,2,0,0,0,0,,
nuscenes_mini_subset,scene-0103_033,yaw,0.0,deg,5,Car,vehicle,21.3,197.0,129.4,0.0,0,30,30,30,30,1.0,1.0
nuscenes_mini_subset,scene-0103_033,yaw,0.0,deg,6,Car,vehicle,81.5,31.8,29.0,0.0,2,1,1,1,1,1.0,1.0
nuscenes_mini_subset,scene-0103_033,yaw,0.0,deg,7,Car,vehicle,29.4,164.2,101.4,0.0,1,20,20,20,20,1.0,1.0
nuscenes_mini_subset,scene-0103_033,yaw,0.0,deg,8,Bicycle,cyclist,11.2,125.4,286.0,0.53,0,25,25,25,25,1.0,1.0
nuscenes_mini_subset,scene-0103_033,yaw,0.0,deg,9,Car,vehicle,15.4,314.1,189.3,0.0,0,64,64,64,64,1.0,1.0
nuscenes_mini_subset,scene-0103_033,yaw,0.0,deg,11,Truck,vehicle,21.4,361.4,231.7,0.0,0,122,122,122,122,1.0,1.0
nuscenes_mini_subset,scene-0103_033,yaw,0.0,deg,12,Pedestrian,pedestrian,33.9,24.0,74.8,0.0,2,0,0,0,0,,
nuscenes_mini_subset,scene-0103_033,yaw,0.0,deg,13,Car,vehicle,44.1,61.0,58.7,0.0,1,0,0,0,0,,
nuscenes_mini_subset,scene-0103_033,yaw,0.0,deg,14,Car,vehicle,26.9,122.9,88.4,0.0,1,6,6,6,6,1.0,1.0
nuscenes_mini_subset,scene-0103_033,yaw,0.0,deg,15,Car,vehicle,10.2,274.5,382.7,0.67,0,86,86,86,86,1.0,1.0
nuscenes_mini_subset,scene-0103_033,yaw,0.5,deg,0,Pedestrian,pedestrian,34.0,26.0,71.6,0.0,2,0,0,0,0,,
nuscenes_mini_subset,scene-0103_033,yaw,0.5,deg,1,Car,vehicle,41.9,80.9,71.6,0.0,0,6,6,5,5,0.8333,0.8333
nuscenes_mini_subset,scene-0103_033,yaw,0.5,deg,2,Car,vehicle,63.4,45.7,39.6,0.0,2,1,1,0,0,0.0,0.0
nuscenes_mini_subset,scene-0103_033,yaw,0.5,deg,3,Car,vehicle,38.2,85.6,57.7,0.0,0,4,4,4,4,1.0,1.0
nuscenes_mini_subset,scene-0103_033,yaw,0.5,deg,4,Car,vehicle,46.5,75.3,70.5,0.0,2,0,0,0,0,,
nuscenes_mini_subset,scene-0103_033,yaw,0.5,deg,5,Car,vehicle,21.3,197.0,129.4,0.0,0,30,30,30,30,1.0,1.0
nuscenes_mini_subset,scene-0103_033,yaw,0.5,deg,6,Car,vehicle,81.5,31.8,29.0,0.0,2,1,1,1,1,1.0,1.0
nuscenes_mini_subset,scene-0103_033,yaw,0.5,deg,7,Car,vehicle,29.4,164.2,101.4,0.0,1,20,20,20,20,1.0,1.0
nuscenes_mini_subset,scene-0103_033,yaw,0.5,deg,8,Bicycle,cyclist,11.2,125.4,286.0,0.53,0,25,18,18,18,0.72,1.0
nuscenes_mini_subset,scene-0103_033,yaw,0.5,deg,9,Car,vehicle,15.4,314.1,189.3,0.0,0,64,64,64,64,1.0,1.0
nuscenes_mini_subset,scene-0103_033,yaw,0.5,deg,11,Truck,vehicle,21.4,361.4,231.7,0.0,0,122,122,122,122,1.0,1.0
nuscenes_mini_subset,scene-0103_033,yaw,0.5,deg,12,Pedestrian,pedestrian,33.9,24.0,74.8,0.0,2,0,0,0,0,,
nuscenes_mini_subset,scene-0103_033,yaw,0.5,deg,13,Car,vehicle,44.1,61.0,58.7,0.0,1,0,0,0,0,,
nuscenes_mini_subset,scene-0103_033,yaw,0.5,deg,14,Car,vehicle,26.9,122.9,88.4,0.0,1,6,6,6,6,1.0,1.0
nuscenes_mini_subset,scene-0103_033,yaw,0.5,deg,15,Car,vehicle,10.2,274.5,382.7,0.67,0,86,92,86,92,1.0,1.0
nuscenes_mini_subset,scene-0103_033,yaw,1.0,deg,0,Pedestrian,pedestrian,34.0,26.0,71.6,0.0,2,0,0,0,0,,
nuscenes_mini_subset,scene-0103_033,yaw,1.0,deg,1,Car,vehicle,41.9,80.9,71.6,0.0,0,6,6,3,3,0.5,0.5
nuscenes_mini_subset,scene-0103_033,yaw,1.0,deg,2,Car,vehicle,63.4,45.7,39.6,0.0,2,1,1,0,0,0.0,0.0
nuscenes_mini_subset,scene-0103_033,yaw,1.0,deg,3,Car,vehicle,38.2,85.6,57.7,0.0,0,4,4,4,4,1.0,1.0
nuscenes_mini_subset,scene-0103_033,yaw,1.0,deg,4,Car,vehicle,46.5,75.3,70.5,0.0,2,0,0,0,0,,
nuscenes_mini_subset,scene-0103_033,yaw,1.0,deg,5,Car,vehicle,21.3,197.0,129.4,0.0,0,30,30,29,29,0.9667,0.9667
nuscenes_mini_subset,scene-0103_033,yaw,1.0,deg,6,Car,vehicle,81.5,31.8,29.0,0.0,2,1,1,0,0,0.0,0.0
nuscenes_mini_subset,scene-0103_033,yaw,1.0,deg,7,Car,vehicle,29.4,164.2,101.4,0.0,1,20,20,20,20,1.0,1.0
nuscenes_mini_subset,scene-0103_033,yaw,1.0,deg,8,Bicycle,cyclist,11.2,125.4,286.0,0.53,0,25,11,11,11,0.44,1.0
nuscenes_mini_subset,scene-0103_033,yaw,1.0,deg,9,Car,vehicle,15.4,314.1,189.3,0.0,0,64,64,62,62,0.9688,0.9688
nuscenes_mini_subset,scene-0103_033,yaw,1.0,deg,11,Truck,vehicle,21.4,361.4,231.7,0.0,0,122,122,122,122,1.0,1.0
nuscenes_mini_subset,scene-0103_033,yaw,1.0,deg,12,Pedestrian,pedestrian,33.9,24.0,74.8,0.0,2,0,0,0,0,,
nuscenes_mini_subset,scene-0103_033,yaw,1.0,deg,13,Car,vehicle,44.1,61.0,58.7,0.0,1,0,0,0,0,,
nuscenes_mini_subset,scene-0103_033,yaw,1.0,deg,14,Car,vehicle,26.9,122.9,88.4,0.0,1,6,6,6,6,1.0,1.0
nuscenes_mini_subset,scene-0103_033,yaw,1.0,deg,15,Car,vehicle,10.2,274.5,382.7,0.67,0,86,95,85,94,0.9884,0.9895
nuscenes_mini_subset,scene-0103_033,yaw,2.0,deg,0,Pedestrian,pedestrian,34.0,26.0,71.6,0.0,2,0,0,0,0,,
nuscenes_mini_subset,scene-0103_033,yaw,2.0,deg,1,Car,vehicle,41.9,80.9,71.6,0.0,0,6,6,1,1,0.1667,0.1667
nuscenes_mini_subset,scene-0103_033,yaw,2.0,deg,2,Car,vehicle,63.4,45.7,39.6,0.0,2,1,1,0,0,0.0,0.0
nuscenes_mini_subset,scene-0103_033,yaw,2.0,deg,3,Car,vehicle,38.2,85.6,57.7,0.0,0,4,4,1,1,0.25,0.25
nuscenes_mini_subset,scene-0103_033,yaw,2.0,deg,4,Car,vehicle,46.5,75.3,70.5,0.0,2,0,0,0,0,,
nuscenes_mini_subset,scene-0103_033,yaw,2.0,deg,5,Car,vehicle,21.3,197.0,129.4,0.0,0,30,30,25,25,0.8333,0.8333
nuscenes_mini_subset,scene-0103_033,yaw,2.0,deg,6,Car,vehicle,81.5,31.8,29.0,0.0,2,1,1,0,0,0.0,0.0
nuscenes_mini_subset,scene-0103_033,yaw,2.0,deg,7,Car,vehicle,29.4,164.2,101.4,0.0,1,20,20,20,20,1.0,1.0
nuscenes_mini_subset,scene-0103_033,yaw,2.0,deg,8,Bicycle,cyclist,11.2,125.4,286.0,0.53,0,25,1,1,1,0.04,1.0
nuscenes_mini_subset,scene-0103_033,yaw,2.0,deg,9,Car,vehicle,15.4,314.1,189.3,0.0,0,64,64,57,57,0.8906,0.8906
nuscenes_mini_subset,scene-0103_033,yaw,2.0,deg,11,Truck,vehicle,21.4,361.4,231.7,0.0,0,122,122,122,122,1.0,1.0
nuscenes_mini_subset,scene-0103_033,yaw,2.0,deg,12,Pedestrian,pedestrian,33.9,24.0,74.8,0.0,2,0,0,0,0,,
nuscenes_mini_subset,scene-0103_033,yaw,2.0,deg,13,Car,vehicle,44.1,61.0,58.7,0.0,1,0,0,0,0,,
nuscenes_mini_subset,scene-0103_033,yaw,2.0,deg,14,Car,vehicle,26.9,122.9,88.4,0.0,1,6,6,2,2,0.3333,0.3333
nuscenes_mini_subset,scene-0103_033,yaw,2.0,deg,15,Car,vehicle,10.2,274.5,382.7,0.67,0,86,111,80,105,0.9302,0.9459
nuscenes_mini_subset,scene-0103_033,yaw,3.0,deg,0,Pedestrian,pedestrian,34.0,26.0,71.6,0.0,2,0,0,0,0,,
nuscenes_mini_subset,scene-0103_033,yaw,3.0,deg,1,Car,vehicle,41.9,80.9,71.6,0.0,0,6,6,0,0,0.0,0.0
nuscenes_mini_subset,scene-0103_033,yaw,3.0,deg,2,Car,vehicle,63.4,45.7,39.6,0.0,2,1,1,0,0,0.0,0.0
nuscenes_mini_subset,scene-0103_033,yaw,3.0,deg,3,Car,vehicle,38.2,85.6,57.7,0.0,0,4,4,0,0,0.0,0.0
nuscenes_mini_subset,scene-0103_033,yaw,3.0,deg,4,Car,vehicle,46.5,75.3,70.5,0.0,2,0,0,0,0,,
nuscenes_mini_subset,scene-0103_033,yaw,3.0,deg,5,Car,vehicle,21.3,197.0,129.4,0.0,0,30,30,15,15,0.5,0.5
nuscenes_mini_subset,scene-0103_033,yaw,3.0,deg,6,Car,vehicle,81.5,31.8,29.0,0.0,2,1,1,0,0,0.0,0.0
nuscenes_mini_subset,scene-0103_033,yaw,3.0,deg,7,Car,vehicle,29.4,164.2,101.4,0.0,1,20,20,17,17,0.85,0.85
nuscenes_mini_subset,scene-0103_033,yaw,3.0,deg,8,Bicycle,cyclist,11.2,125.4,286.0,0.53,0,25,0,0,0,0.0,
nuscenes_mini_subset,scene-0103_033,yaw,3.0,deg,9,Car,vehicle,15.4,314.1,189.3,0.0,0,64,64,51,51,0.7969,0.7969
nuscenes_mini_subset,scene-0103_033,yaw,3.0,deg,11,Truck,vehicle,21.4,361.4,231.7,0.0,0,122,122,116,116,0.9508,0.9508
nuscenes_mini_subset,scene-0103_033,yaw,3.0,deg,12,Pedestrian,pedestrian,33.9,24.0,74.8,0.0,2,0,0,0,0,,
nuscenes_mini_subset,scene-0103_033,yaw,3.0,deg,13,Car,vehicle,44.1,61.0,58.7,0.0,1,0,0,0,0,,
nuscenes_mini_subset,scene-0103_033,yaw,3.0,deg,14,Car,vehicle,26.9,122.9,88.4,0.0,1,6,6,0,0,0.0,0.0
nuscenes_mini_subset,scene-0103_033,yaw,3.0,deg,15,Car,vehicle,10.2,274.5,382.7,0.67,0,86,126,73,113,0.8488,0.8968
nuscenes_mini_subset,scene-0103_034,yaw,0.0,deg,0,Pedestrian,pedestrian,31.1,29.7,79.5,0.0,2,0,0,0,0,,
nuscenes_mini_subset,scene-0103_034,yaw,0.0,deg,1,Car,vehicle,38.1,92.8,79.1,0.0,0,9,9,9,9,1.0,1.0
nuscenes_mini_subset,scene-0103_034,yaw,0.0,deg,2,Car,vehicle,59.5,49.2,42.3,0.0,2,1,1,1,1,1.0,1.0
nuscenes_mini_subset,scene-0103_034,yaw,0.0,deg,3,Car,vehicle,34.3,98.2,64.7,0.0,0,6,6,6,6,1.0,1.0
nuscenes_mini_subset,scene-0103_034,yaw,0.0,deg,4,Car,vehicle,34.3,76.5,59.7,0.0,0,3,3,3,3,1.0,1.0
nuscenes_mini_subset,scene-0103_034,yaw,0.0,deg,5,Car,vehicle,42.7,85.0,77.1,0.0,2,0,0,0,0,,
nuscenes_mini_subset,scene-0103_034,yaw,0.0,deg,6,Car,vehicle,17.6,265.5,164.4,0.0,0,61,61,61,61,1.0,1.0
nuscenes_mini_subset,scene-0103_034,yaw,0.0,deg,7,Car,vehicle,77.8,33.1,30.3,0.0,2,1,1,1,1,1.0,1.0
nuscenes_mini_subset,scene-0103_034,yaw,0.0,deg,8,Car,vehicle,25.7,204.8,119.0,0.0,0,22,22,22,22,1.0,1.0
nuscenes_mini_subset,scene-0103_034,yaw,0.0,deg,9,Car,vehicle,11.8,332.5,279.2,0.36,0,142,142,142,142,1.0,1.0
nuscenes_mini_subset,scene-0103_034,yaw,0.0,deg,11,Truck,vehicle,18.0,350.1,303.4,0.32,0,159,159,159,159,1.0,1.0
nuscenes_mini_subset,scene-0103_034,yaw,0.0,deg,12,Pedestrian,pedestrian,31.0,27.3,83.0,0.0,2,0,0,0,0,,
nuscenes_mini_subset,scene-0103_034,yaw,0.0,deg,13,Car,vehicle,40.2,68.3,64.7,0.0,1,1,1,1,1,1.0,1.0
nuscenes_mini_subset,scene-0103_034,yaw,0.0,deg,14,Car,vehicle,23.1,152.4,104.5,0.0,1,17,17,17,17,1.0,1.0
nuscenes_mini_subset,scene-0103_034,yaw,0.0,deg,15,Car,vehicle,7.2,20.9,610.9,1.0,0,0,0,0,0,,
nuscenes_mini_subset,scene-0103_034,yaw,0.5,deg,0,Pedestrian,pedestrian,31.1,29.7,79.5,0.0,2,0,0,0,0,,
nuscenes_mini_subset,scene-0103_034,yaw,0.5,deg,1,Car,vehicle,38.1,92.8,79.1,0.0,0,9,9,9,9,1.0,1.0
nuscenes_mini_subset,scene-0103_034,yaw,0.5,deg,2,Car,vehicle,59.5,49.2,42.3,0.0,2,1,1,1,1,1.0,1.0
nuscenes_mini_subset,scene-0103_034,yaw,0.5,deg,3,Car,vehicle,34.3,98.2,64.7,0.0,0,6,6,6,6,1.0,1.0
nuscenes_mini_subset,scene-0103_034,yaw,0.5,deg,4,Car,vehicle,34.3,76.5,59.7,0.0,0,3,3,3,3,1.0,1.0
nuscenes_mini_subset,scene-0103_034,yaw,0.5,deg,5,Car,vehicle,42.7,85.0,77.1,0.0,2,0,0,0,0,,
nuscenes_mini_subset,scene-0103_034,yaw,0.5,deg,6,Car,vehicle,17.6,265.5,164.4,0.0,0,61,61,61,61,1.0,1.0
nuscenes_mini_subset,scene-0103_034,yaw,0.5,deg,7,Car,vehicle,77.8,33.1,30.3,0.0,2,1,1,0,0,0.0,0.0
nuscenes_mini_subset,scene-0103_034,yaw,0.5,deg,8,Car,vehicle,25.7,204.8,119.0,0.0,0,22,22,22,22,1.0,1.0
nuscenes_mini_subset,scene-0103_034,yaw,0.5,deg,9,Car,vehicle,11.8,332.5,279.2,0.36,0,142,148,141,147,0.993,0.9932
nuscenes_mini_subset,scene-0103_034,yaw,0.5,deg,11,Truck,vehicle,18.0,350.1,303.4,0.32,0,159,156,156,156,0.9811,1.0
nuscenes_mini_subset,scene-0103_034,yaw,0.5,deg,12,Pedestrian,pedestrian,31.0,27.3,83.0,0.0,2,0,0,0,0,,
nuscenes_mini_subset,scene-0103_034,yaw,0.5,deg,13,Car,vehicle,40.2,68.3,64.7,0.0,1,1,1,1,1,1.0,1.0
nuscenes_mini_subset,scene-0103_034,yaw,0.5,deg,14,Car,vehicle,23.1,152.4,104.5,0.0,1,17,17,16,16,0.9412,0.9412
nuscenes_mini_subset,scene-0103_034,yaw,0.5,deg,15,Car,vehicle,7.2,20.9,610.9,1.0,0,0,0,0,0,,
nuscenes_mini_subset,scene-0103_034,yaw,1.0,deg,0,Pedestrian,pedestrian,31.1,29.7,79.5,0.0,2,0,0,0,0,,
nuscenes_mini_subset,scene-0103_034,yaw,1.0,deg,1,Car,vehicle,38.1,92.8,79.1,0.0,0,9,9,8,8,0.8889,0.8889
nuscenes_mini_subset,scene-0103_034,yaw,1.0,deg,2,Car,vehicle,59.5,49.2,42.3,0.0,2,1,1,0,0,0.0,0.0
nuscenes_mini_subset,scene-0103_034,yaw,1.0,deg,3,Car,vehicle,34.3,98.2,64.7,0.0,0,6,6,6,6,1.0,1.0
nuscenes_mini_subset,scene-0103_034,yaw,1.0,deg,4,Car,vehicle,34.3,76.5,59.7,0.0,0,3,3,2,2,0.6667,0.6667
nuscenes_mini_subset,scene-0103_034,yaw,1.0,deg,5,Car,vehicle,42.7,85.0,77.1,0.0,2,0,0,0,0,,
nuscenes_mini_subset,scene-0103_034,yaw,1.0,deg,6,Car,vehicle,17.6,265.5,164.4,0.0,0,61,61,59,59,0.9672,0.9672
nuscenes_mini_subset,scene-0103_034,yaw,1.0,deg,7,Car,vehicle,77.8,33.1,30.3,0.0,2,1,1,0,0,0.0,0.0
nuscenes_mini_subset,scene-0103_034,yaw,1.0,deg,8,Car,vehicle,25.7,204.8,119.0,0.0,0,22,22,22,22,1.0,1.0
nuscenes_mini_subset,scene-0103_034,yaw,1.0,deg,9,Car,vehicle,11.8,332.5,279.2,0.36,0,142,150,138,146,0.9718,0.9733
nuscenes_mini_subset,scene-0103_034,yaw,1.0,deg,11,Truck,vehicle,18.0,350.1,303.4,0.32,0,159,148,148,148,0.9308,1.0
nuscenes_mini_subset,scene-0103_034,yaw,1.0,deg,12,Pedestrian,pedestrian,31.0,27.3,83.0,0.0,2,0,0,0,0,,
nuscenes_mini_subset,scene-0103_034,yaw,1.0,deg,13,Car,vehicle,40.2,68.3,64.7,0.0,1,1,1,1,1,1.0,1.0
nuscenes_mini_subset,scene-0103_034,yaw,1.0,deg,14,Car,vehicle,23.1,152.4,104.5,0.0,1,17,17,15,15,0.8824,0.8824
nuscenes_mini_subset,scene-0103_034,yaw,1.0,deg,15,Car,vehicle,7.2,20.9,610.9,1.0,0,0,1,0,1,,1.0
nuscenes_mini_subset,scene-0103_034,yaw,2.0,deg,0,Pedestrian,pedestrian,31.1,29.7,79.5,0.0,2,0,0,0,0,,
nuscenes_mini_subset,scene-0103_034,yaw,2.0,deg,1,Car,vehicle,38.1,92.8,79.1,0.0,0,9,9,3,3,0.3333,0.3333
nuscenes_mini_subset,scene-0103_034,yaw,2.0,deg,2,Car,vehicle,59.5,49.2,42.3,0.0,2,1,1,0,0,0.0,0.0
nuscenes_mini_subset,scene-0103_034,yaw,2.0,deg,3,Car,vehicle,34.3,98.2,64.7,0.0,0,6,6,3,3,0.5,0.5
nuscenes_mini_subset,scene-0103_034,yaw,2.0,deg,4,Car,vehicle,34.3,76.5,59.7,0.0,0,3,3,1,1,0.3333,0.3333
nuscenes_mini_subset,scene-0103_034,yaw,2.0,deg,5,Car,vehicle,42.7,85.0,77.1,0.0,2,0,0,0,0,,
nuscenes_mini_subset,scene-0103_034,yaw,2.0,deg,6,Car,vehicle,17.6,265.5,164.4,0.0,0,61,61,54,54,0.8852,0.8852
nuscenes_mini_subset,scene-0103_034,yaw,2.0,deg,7,Car,vehicle,77.8,33.1,30.3,0.0,2,1,1,0,0,0.0,0.0
nuscenes_mini_subset,scene-0103_034,yaw,2.0,deg,8,Car,vehicle,25.7,204.8,119.0,0.0,0,22,22,22,22,1.0,1.0
nuscenes_mini_subset,scene-0103_034,yaw,2.0,deg,9,Car,vehicle,11.8,332.5,279.2,0.36,0,142,160,131,148,0.9225,0.925
nuscenes_mini_subset,scene-0103_034,yaw,2.0,deg,11,Truck,vehicle,18.0,350.1,303.4,0.32,0,159,136,136,136,0.8553,1.0
nuscenes_mini_subset,scene-0103_034,yaw,2.0,deg,12,Pedestrian,pedestrian,31.0,27.3,83.0,0.0,2,0,0,0,0,,
nuscenes_mini_subset,scene-0103_034,yaw,2.0,deg,13,Car,vehicle,40.2,68.3,64.7,0.0,1,1,1,0,0,0.0,0.0
nuscenes_mini_subset,scene-0103_034,yaw,2.0,deg,14,Car,vehicle,23.1,152.4,104.5,0.0,1,17,17,13,13,0.7647,0.7647
nuscenes_mini_subset,scene-0103_034,yaw,2.0,deg,15,Car,vehicle,7.2,20.9,610.9,1.0,0,0,10,0,7,,0.7
nuscenes_mini_subset,scene-0103_034,yaw,3.0,deg,0,Pedestrian,pedestrian,31.1,29.7,79.5,0.0,2,0,0,0,0,,
nuscenes_mini_subset,scene-0103_034,yaw,3.0,deg,1,Car,vehicle,38.1,92.8,79.1,0.0,0,9,9,1,1,0.1111,0.1111
nuscenes_mini_subset,scene-0103_034,yaw,3.0,deg,2,Car,vehicle,59.5,49.2,42.3,0.0,2,1,1,0,0,0.0,0.0
nuscenes_mini_subset,scene-0103_034,yaw,3.0,deg,3,Car,vehicle,34.3,98.2,64.7,0.0,0,6,6,0,0,0.0,0.0
nuscenes_mini_subset,scene-0103_034,yaw,3.0,deg,4,Car,vehicle,34.3,76.5,59.7,0.0,0,3,3,0,0,0.0,0.0
nuscenes_mini_subset,scene-0103_034,yaw,3.0,deg,5,Car,vehicle,42.7,85.0,77.1,0.0,2,0,0,0,0,,
nuscenes_mini_subset,scene-0103_034,yaw,3.0,deg,6,Car,vehicle,17.6,265.5,164.4,0.0,0,61,61,44,44,0.7213,0.7213
nuscenes_mini_subset,scene-0103_034,yaw,3.0,deg,7,Car,vehicle,77.8,33.1,30.3,0.0,2,1,1,0,0,0.0,0.0
nuscenes_mini_subset,scene-0103_034,yaw,3.0,deg,8,Car,vehicle,25.7,204.8,119.0,0.0,0,22,22,19,19,0.8636,0.8636
nuscenes_mini_subset,scene-0103_034,yaw,3.0,deg,9,Car,vehicle,11.8,332.5,279.2,0.36,0,142,166,121,145,0.8521,0.8735
nuscenes_mini_subset,scene-0103_034,yaw,3.0,deg,11,Truck,vehicle,18.0,350.1,303.4,0.32,0,159,126,126,126,0.7925,1.0
nuscenes_mini_subset,scene-0103_034,yaw,3.0,deg,12,Pedestrian,pedestrian,31.0,27.3,83.0,0.0,2,0,0,0,0,,
nuscenes_mini_subset,scene-0103_034,yaw,3.0,deg,13,Car,vehicle,40.2,68.3,64.7,0.0,1,1,1,0,0,0.0,0.0
nuscenes_mini_subset,scene-0103_034,yaw,3.0,deg,14,Car,vehicle,23.1,152.4,104.5,0.0,1,17,17,4,4,0.2353,0.2353
nuscenes_mini_subset,scene-0103_034,yaw,3.0,deg,15,Car,vehicle,7.2,20.9,610.9,1.0,0,0,22,0,8,,0.3636
nuscenes_mini_subset,scene-0103_035,yaw,0.0,deg,0,Pedestrian,pedestrian,27.4,36.0,92.4,0.0,2,0,0,0,0,,
nuscenes_mini_subset,scene-0103_035,yaw,0.0,deg,1,Car,vehicle,33.6,112.2,91.3,0.0,0,17,17,17,17,1.0,1.0
nuscenes_mini_subset,scene-0103_035,yaw,0.0,deg,2,Car,vehicle,54.8,54.3,46.1,0.0,2,1,1,1,1,1.0,1.0
nuscenes_mini_subset,scene-0103_035,yaw,0.0,deg,3,Car,vehicle,29.7,120.0,75.6,0.0,0,13,13,13,13,1.0,1.0
nuscenes_mini_subset,scene-0103_035,yaw,0.0,deg,4,Car,vehicle,26.0,105.5,80.4,0.0,0,0,0,0,0,,
nuscenes_mini_subset,scene-0103_035,yaw,0.0,deg,5,Car,vehicle,38.0,100.1,87.6,0.0,2,0,0,0,0,,
nuscenes_mini_subset,scene-0103_035,yaw,0.0,deg,6,Car,vehicle,67.3,43.0,32.1,0.0,1,2,2,2,2,1.0,1.0
nuscenes_mini_subset,scene-0103_035,yaw,0.0,deg,7,Car,vehicle,13.1,378.1,246.5,0.15,0,148,148,148,148,1.0,1.0
nuscenes_mini_subset,scene-0103_035,yaw,0.0,deg,8,Car,vehicle,73.0,36.4,32.2,0.0,2,2,2,2,2,1.0,1.0
nuscenes_mini_subset,scene-0103_035,yaw,0.0,deg,9,Car,vehicle,21.3,284.9,152.0,0.0,0,49,49,49,49,1.0,1.0
nuscenes_mini_subset,scene-0103_035,yaw,0.0,deg,10,Car,vehicle,7.8,78.9,521.9,0.96,0,11,11,11,11,1.0,1.0
nuscenes_mini_subset,scene-0103_035,yaw,0.0,deg,12,Truck,vehicle,14.1,191.4,485.7,0.8,0,89,89,89,89,1.0,1.0
nuscenes_mini_subset,scene-0103_035,yaw,0.0,deg,13,Pedestrian,pedestrian,27.3,32.9,96.4,0.0,2,0,0,0,0,,
nuscenes_mini_subset,scene-0103_035,yaw,0.0,deg,14,Car,vehicle,35.5,80.0,74.1,0.0,1,2,2,2,2,1.0,1.0
nuscenes_mini_subset,scene-0103_035,yaw,0.0,deg,15,Car,vehicle,18.5,213.6,135.8,0.0,1,26,26,26,26,1.0,1.0
nuscenes_mini_subset,scene-0103_035,yaw,0.5,deg,0,Pedestrian,pedestrian,27.4,36.0,92.4,0.0,2,0,0,0,0,,
nuscenes_mini_subset,scene-0103_035,yaw,0.5,deg,1,Car,vehicle,33.6,112.2,91.3,0.0,0,17,17,16,16,0.9412,0.9412
nuscenes_mini_subset,scene-0103_035,yaw,0.5,deg,2,Car,vehicle,54.8,54.3,46.1,0.0,2,1,1,1,1,1.0,1.0
nuscenes_mini_subset,scene-0103_035,yaw,0.5,deg,3,Car,vehicle,29.7,120.0,75.6,0.0,0,13,13,13,13,1.0,1.0
nuscenes_mini_subset,scene-0103_035,yaw,0.5,deg,4,Car,vehicle,26.0,105.5,80.4,0.0,0,0,0,0,0,,
nuscenes_mini_subset,scene-0103_035,yaw,0.5,deg,5,Car,vehicle,38.0,100.1,87.6,0.0,2,0,0,0,0,,
nuscenes_mini_subset,scene-0103_035,yaw,0.5,deg,6,Car,vehicle,67.3,43.0,32.1,0.0,1,2,2,2,2,1.0,1.0
nuscenes_mini_subset,scene-0103_035,yaw,0.5,deg,7,Car,vehicle,13.1,378.1,246.5,0.15,0,148,149,148,149,1.0,1.0
nuscenes_mini_subset,scene-0103_035,yaw,0.5,deg,8,Car,vehicle,73.0,36.4,32.2,0.0,2,2,2,1,1,0.5,0.5
nuscenes_mini_subset,scene-0103_035,yaw,0.5,deg,9,Car,vehicle,21.3,284.9,152.0,0.0,0,49,49,49,49,1.0,1.0
nuscenes_mini_subset,scene-0103_035,yaw,0.5,deg,10,Car,vehicle,7.8,78.9,521.9,0.96,0,11,20,11,18,1.0,0.9
nuscenes_mini_subset,scene-0103_035,yaw,0.5,deg,12,Truck,vehicle,14.1,191.4,485.7,0.8,0,89,78,78,78,0.8764,1.0
nuscenes_mini_subset,scene-0103_035,yaw,0.5,deg,13,Pedestrian,pedestrian,27.3,32.9,96.4,0.0,2,0,0,0,0,,
nuscenes_mini_subset,scene-0103_035,yaw,0.5,deg,14,Car,vehicle,35.5,80.0,74.1,0.0,1,2,2,2,2,1.0,1.0
nuscenes_mini_subset,scene-0103_035,yaw,0.5,deg,15,Car,vehicle,18.5,213.6,135.8,0.0,1,26,26,25,25,0.9615,0.9615
nuscenes_mini_subset,scene-0103_035,yaw,1.0,deg,0,Pedestrian,pedestrian,27.4,36.0,92.4,0.0,2,0,0,0,0,,
nuscenes_mini_subset,scene-0103_035,yaw,1.0,deg,1,Car,vehicle,33.6,112.2,91.3,0.0,0,17,17,14,14,0.8235,0.8235
nuscenes_mini_subset,scene-0103_035,yaw,1.0,deg,2,Car,vehicle,54.8,54.3,46.1,0.0,2,1,1,0,0,0.0,0.0
nuscenes_mini_subset,scene-0103_035,yaw,1.0,deg,3,Car,vehicle,29.7,120.0,75.6,0.0,0,13,13,13,13,1.0,1.0
nuscenes_mini_subset,scene-0103_035,yaw,1.0,deg,4,Car,vehicle,26.0,105.5,80.4,0.0,0,0,0,0,0,,
nuscenes_mini_subset,scene-0103_035,yaw,1.0,deg,5,Car,vehicle,38.0,100.1,87.6,0.0,2,0,0,0,0,,
nuscenes_mini_subset,scene-0103_035,yaw,1.0,deg,6,Car,vehicle,67.3,43.0,32.1,0.0,1,2,2,1,1,0.5,0.5
nuscenes_mini_subset,scene-0103_035,yaw,1.0,deg,7,Car,vehicle,13.1,378.1,246.5,0.15,0,148,149,148,149,1.0,1.0
nuscenes_mini_subset,scene-0103_035,yaw,1.0,deg,8,Car,vehicle,73.0,36.4,32.2,0.0,2,2,2,0,0,0.0,0.0
nuscenes_mini_subset,scene-0103_035,yaw,1.0,deg,9,Car,vehicle,21.3,284.9,152.0,0.0,0,49,49,49,49,1.0,1.0
nuscenes_mini_subset,scene-0103_035,yaw,1.0,deg,10,Car,vehicle,7.8,78.9,521.9,0.96,0,11,25,11,25,1.0,1.0
nuscenes_mini_subset,scene-0103_035,yaw,1.0,deg,12,Truck,vehicle,14.1,191.4,485.7,0.8,0,89,67,67,67,0.7528,1.0
nuscenes_mini_subset,scene-0103_035,yaw,1.0,deg,13,Pedestrian,pedestrian,27.3,32.9,96.4,0.0,2,0,0,0,0,,
nuscenes_mini_subset,scene-0103_035,yaw,1.0,deg,14,Car,vehicle,35.5,80.0,74.1,0.0,1,2,2,2,2,1.0,1.0
nuscenes_mini_subset,scene-0103_035,yaw,1.0,deg,15,Car,vehicle,18.5,213.6,135.8,0.0,1,26,26,23,23,0.8846,0.8846
nuscenes_mini_subset,scene-0103_035,yaw,2.0,deg,0,Pedestrian,pedestrian,27.4,36.0,92.4,0.0,2,0,0,0,0,,
nuscenes_mini_subset,scene-0103_035,yaw,2.0,deg,1,Car,vehicle,33.6,112.2,91.3,0.0,0,17,17,8,8,0.4706,0.4706
nuscenes_mini_subset,scene-0103_035,yaw,2.0,deg,2,Car,vehicle,54.8,54.3,46.1,0.0,2,1,1,0,0,0.0,0.0
nuscenes_mini_subset,scene-0103_035,yaw,2.0,deg,3,Car,vehicle,29.7,120.0,75.6,0.0,0,13,13,9,9,0.6923,0.6923
nuscenes_mini_subset,scene-0103_035,yaw,2.0,deg,4,Car,vehicle,26.0,105.5,80.4,0.0,0,0,0,0,0,,
nuscenes_mini_subset,scene-0103_035,yaw,2.0,deg,5,Car,vehicle,38.0,100.1,87.6,0.0,2,0,0,0,0,,
nuscenes_mini_subset,scene-0103_035,yaw,2.0,deg,6,Car,vehicle,67.3,43.0,32.1,0.0,1,2,2,0,0,0.0,0.0
nuscenes_mini_subset,scene-0103_035,yaw,2.0,deg,7,Car,vehicle,13.1,378.1,246.5,0.15,0,148,149,140,141,0.9459,0.9463
nuscenes_mini_subset,scene-0103_035,yaw,2.0,deg,8,Car,vehicle,73.0,36.4,32.2,0.0,2,2,2,0,0,0.0,0.0
nuscenes_mini_subset,scene-0103_035,yaw,2.0,deg,9,Car,vehicle,21.3,284.9,152.0,0.0,0,49,49,49,49,1.0,1.0
nuscenes_mini_subset,scene-0103_035,yaw,2.0,deg,10,Car,vehicle,7.8,78.9,521.9,0.96,0,11,36,4,27,0.3636,0.75
nuscenes_mini_subset,scene-0103_035,yaw,2.0,deg,12,Truck,vehicle,14.1,191.4,485.7,0.8,0,89,49,49,49,0.5506,1.0
nuscenes_mini_subset,scene-0103_035,yaw,2.0,deg,13,Pedestrian,pedestrian,27.3,32.9,96.4,0.0,2,0,0,0,0,,
nuscenes_mini_subset,scene-0103_035,yaw,2.0,deg,14,Car,vehicle,35.5,80.0,74.1,0.0,1,2,2,1,1,0.5,0.5
nuscenes_mini_subset,scene-0103_035,yaw,2.0,deg,15,Car,vehicle,18.5,213.6,135.8,0.0,1,26,26,22,22,0.8462,0.8462
nuscenes_mini_subset,scene-0103_035,yaw,3.0,deg,0,Pedestrian,pedestrian,27.4,36.0,92.4,0.0,2,0,0,0,0,,
nuscenes_mini_subset,scene-0103_035,yaw,3.0,deg,1,Car,vehicle,33.6,112.2,91.3,0.0,0,17,17,4,4,0.2353,0.2353
nuscenes_mini_subset,scene-0103_035,yaw,3.0,deg,2,Car,vehicle,54.8,54.3,46.1,0.0,2,1,1,0,0,0.0,0.0
nuscenes_mini_subset,scene-0103_035,yaw,3.0,deg,3,Car,vehicle,29.7,120.0,75.6,0.0,0,13,13,5,5,0.3846,0.3846
nuscenes_mini_subset,scene-0103_035,yaw,3.0,deg,4,Car,vehicle,26.0,105.5,80.4,0.0,0,0,0,0,0,,
nuscenes_mini_subset,scene-0103_035,yaw,3.0,deg,5,Car,vehicle,38.0,100.1,87.6,0.0,2,0,0,0,0,,
nuscenes_mini_subset,scene-0103_035,yaw,3.0,deg,6,Car,vehicle,67.3,43.0,32.1,0.0,1,2,2,0,0,0.0,0.0
nuscenes_mini_subset,scene-0103_035,yaw,3.0,deg,7,Car,vehicle,13.1,378.1,246.5,0.15,0,148,149,130,131,0.8784,0.8792
nuscenes_mini_subset,scene-0103_035,yaw,3.0,deg,8,Car,vehicle,73.0,36.4,32.2,0.0,2,2,2,0,0,0.0,0.0
nuscenes_mini_subset,scene-0103_035,yaw,3.0,deg,9,Car,vehicle,21.3,284.9,152.0,0.0,0,49,49,42,42,0.8571,0.8571
nuscenes_mini_subset,scene-0103_035,yaw,3.0,deg,10,Car,vehicle,7.8,78.9,521.9,0.96,0,11,45,0,26,0.0,0.5778
nuscenes_mini_subset,scene-0103_035,yaw,3.0,deg,12,Truck,vehicle,14.1,191.4,485.7,0.8,0,89,32,32,32,0.3596,1.0
nuscenes_mini_subset,scene-0103_035,yaw,3.0,deg,13,Pedestrian,pedestrian,27.3,32.9,96.4,0.0,2,0,0,0,0,,
nuscenes_mini_subset,scene-0103_035,yaw,3.0,deg,14,Car,vehicle,35.5,80.0,74.1,0.0,1,2,2,0,0,0.0,0.0
nuscenes_mini_subset,scene-0103_035,yaw,3.0,deg,15,Car,vehicle,18.5,213.6,135.8,0.0,1,26,26,18,18,0.6923,0.6923
nuscenes_mini_subset,scene-0103_036,yaw,0.0,deg,0,Pedestrian,pedestrian,25.2,41.5,103.0,0.0,2,0,0,0,0,,
nuscenes_mini_subset,scene-0103_036,yaw,0.0,deg,1,Car,vehicle,30.5,130.5,102.0,0.0,0,25,25,25,25,1.0,1.0
nuscenes_mini_subset,scene-0103_036,yaw,0.0,deg,2,Car,vehicle,51.5,58.4,49.2,0.0,1,1,1,1,1,1.0,1.0
nuscenes_mini_subset,scene-0103_036,yaw,0.0,deg,3,Car,vehicle,26.5,140.7,85.7,0.0,0,16,16,16,16,1.0,1.0
nuscenes_mini_subset,scene-0103_036,yaw,0.0,deg,4,Car,vehicle,19.3,153.4,113.2,0.0,0,17,17,17,17,1.0,1.0
nuscenes_mini_subset,scene-0103_036,yaw,0.0,deg,5,Car,vehicle,34.9,113.9,96.6,0.0,2,3,3,3,3,1.0,1.0
nuscenes_mini_subset,scene-0103_036,yaw,0.0,deg,6,Car,vehicle,64.1,46.9,33.8,0.0,1,1,1,1,1,1.0,1.0
nuscenes_mini_subset,scene-0103_036,yaw,0.0,deg,7,Car,vehicle,10.2,271.2,373.7,0.64,0,93,93,93,93,1.0,1.0
nuscenes_mini_subset,scene-0103_036,yaw,0.0,deg,8,Car,vehicle,69.4,38.1,33.9,0.0,2,2,2,2,2,1.0,1.0
nuscenes_mini_subset,scene-0103_036,yaw,0.0,deg,9,Car,vehicle,18.4,333.3,187.7,0.12,0,71,71,71,71,1.0,1.0
nuscenes_mini_subset,scene-0103_036,yaw,0.0,deg,11,Pedestrian,pedestrian,25.0,37.8,107.2,0.0,2,0,0,0,0,,
nuscenes_mini_subset,scene-0103_036,yaw,0.0,deg,12,Car,vehicle,32.3,90.4,82.1,0.0,0,1,1,1,1,1.0,1.0
nuscenes_mini_subset,scene-0103_036,yaw,0.0,deg,13,Car,vehicle,15.4,288.2,171.7,0.0,0,38,38,38,38,1.0,1.0
nuscenes_mini_subset,scene-0103_036,yaw,0.5,deg,0,Pedestrian,pedestrian,25.2,41.5,103.0,0.0,2,0,0,0,0,,
nuscenes_mini_subset,scene-0103_036,yaw,0.5,deg,1,Car,vehicle,30.5,130.5,102.0,0.0,0,25,25,25,25,1.0,1.0
nuscenes_mini_subset,scene-0103_036,yaw,0.5,deg,2,Car,vehicle,51.5,58.4,49.2,0.0,1,1,1,1,1,1.0,1.0
nuscenes_mini_subset,scene-0103_036,yaw,0.5,deg,3,Car,vehicle,26.5,140.7,85.7,0.0,0,16,16,15,15,0.9375,0.9375
nuscenes_mini_subset,scene-0103_036,yaw,0.5,deg,4,Car,vehicle,19.3,153.4,113.2,0.0,0,17,17,17,17,1.0,1.0
nuscenes_mini_subset,scene-0103_036,yaw,0.5,deg,5,Car,vehicle,34.9,113.9,96.6,0.0,2,3,3,3,3,1.0,1.0
nuscenes_mini_subset,scene-0103_036,yaw,0.5,deg,6,Car,vehicle,64.1,46.9,33.8,0.0,1,1,1,1,1,1.0,1.0
nuscenes_mini_subset,scene-0103_036,yaw,0.5,deg,7,Car,vehicle,10.2,271.2,373.7,0.64,0,93,100,93,100,1.0,1.0
nuscenes_mini_subset,scene-0103_036,yaw,0.5,deg,8,Car,vehicle,69.4,38.1,33.9,0.0,2,2,2,1,1,0.5,0.5
nuscenes_mini_subset,scene-0103_036,yaw,0.5,deg,9,Car,vehicle,18.4,333.3,187.7,0.12,0,71,69,69,69,0.9718,1.0
nuscenes_mini_subset,scene-0103_036,yaw,0.5,deg,11,Pedestrian,pedestrian,25.0,37.8,107.2,0.0,2,0,0,0,0,,
nuscenes_mini_subset,scene-0103_036,yaw,0.5,deg,12,Car,vehicle,32.3,90.4,82.1,0.0,0,1,1,1,1,1.0,1.0
nuscenes_mini_subset,scene-0103_036,yaw,0.5,deg,13,Car,vehicle,15.4,288.2,171.7,0.0,0,38,38,38,38,1.0,1.0
nuscenes_mini_subset,scene-0103_036,yaw,1.0,deg,0,Pedestrian,pedestrian,25.2,41.5,103.0,0.0,2,0,0,0,0,,
nuscenes_mini_subset,scene-0103_036,yaw,1.0,deg,1,Car,vehicle,30.5,130.5,102.0,0.0,0,25,25,23,23,0.92,0.92
nuscenes_mini_subset,scene-0103_036,yaw,1.0,deg,2,Car,vehicle,51.5,58.4,49.2,0.0,1,1,1,0,0,0.0,0.0
nuscenes_mini_subset,scene-0103_036,yaw,1.0,deg,3,Car,vehicle,26.5,140.7,85.7,0.0,0,16,16,15,15,0.9375,0.9375
nuscenes_mini_subset,scene-0103_036,yaw,1.0,deg,4,Car,vehicle,19.3,153.4,113.2,0.0,0,17,17,13,13,0.7647,0.7647
nuscenes_mini_subset,scene-0103_036,yaw,1.0,deg,5,Car,vehicle,34.9,113.9,96.6,0.0,2,3,3,3,3,1.0,1.0
nuscenes_mini_subset,scene-0103_036,yaw,1.0,deg,6,Car,vehicle,64.1,46.9,33.8,0.0,1,1,1,1,1,1.0,1.0
nuscenes_mini_subset,scene-0103_036,yaw,1.0,deg,7,Car,vehicle,10.2,271.2,373.7,0.64,0,93,111,93,110,1.0,0.991
nuscenes_mini_subset,scene-0103_036,yaw,1.0,deg,8,Car,vehicle,69.4,38.1,33.9,0.0,2,2,2,0,0,0.0,0.0
nuscenes_mini_subset,scene-0103_036,yaw,1.0,deg,9,Car,vehicle,18.4,333.3,187.7,0.12,0,71,68,68,68,0.9577,1.0
nuscenes_mini_subset,scene-0103_036,yaw,1.0,deg,11,Pedestrian,pedestrian,25.0,37.8,107.2,0.0,2,0,0,0,0,,
nuscenes_mini_subset,scene-0103_036,yaw,1.0,deg,12,Car,vehicle,32.3,90.4,82.1,0.0,0,1,1,1,1,1.0,1.0
nuscenes_mini_subset,scene-0103_036,yaw,1.0,deg,13,Car,vehicle,15.4,288.2,171.7,0.0,0,38,38,36,36,0.9474,0.9474
nuscenes_mini_subset,scene-0103_036,yaw,2.0,deg,0,Pedestrian,pedestrian,25.2,41.5,103.0,0.0,2,0,0,0,0,,
nuscenes_mini_subset,scene-0103_036,yaw,2.0,deg,1,Car,vehicle,30.5,130.5,102.0,0.0,0,25,25,16,16,0.64,0.64
nuscenes_mini_subset,scene-0103_036,yaw,2.0,deg,2,Car,vehicle,51.5,58.4,49.2,0.0,1,1,1,0,0,0.0,0.0
nuscenes_mini_subset,scene-0103_036,yaw,2.0,deg,3,Car,vehicle,26.5,140.7,85.7,0.0,0,16,16,11,11,0.6875,0.6875
nuscenes_mini_subset,scene-0103_036,yaw,2.0,deg,4,Car,vehicle,19.3,153.4,113.2,0.0,0,17,17,11,11,0.6471,0.6471
nuscenes_mini_subset,scene-0103_036,yaw,2.0,deg,5,Car,vehicle,34.9,113.9,96.6,0.0,2,3,3,3,3,1.0,1.0
nuscenes_mini_subset,scene-0103_036,yaw,2.0,deg,6,Car,vehicle,64.1,46.9,33.8,0.0,1,1,1,0,0,0.0,0.0
nuscenes_mini_subset,scene-0103_036,yaw,2.0,deg,7,Car,vehicle,10.2,271.2,373.7,0.64,0,93,127,87,121,0.9355,0.9528
nuscenes_mini_subset,scene-0103_036,yaw,2.0,deg,8,Car,vehicle,69.4,38.1,33.9,0.0,2,2,2,0,0,0.0,0.0
nuscenes_mini_subset,scene-0103_036,yaw,2.0,deg,9,Car,vehicle,18.4,333.3,187.7,0.12,0,71,64,64,64,0.9014,1.0
nuscenes_mini_subset,scene-0103_036,yaw,2.0,deg,11,Pedestrian,pedestrian,25.0,37.8,107.2,0.0,2,0,0,0,0,,
nuscenes_mini_subset,scene-0103_036,yaw,2.0,deg,12,Car,vehicle,32.3,90.4,82.1,0.0,0,1,1,1,1,1.0,1.0
nuscenes_mini_subset,scene-0103_036,yaw,2.0,deg,13,Car,vehicle,15.4,288.2,171.7,0.0,0,38,38,32,32,0.8421,0.8421
nuscenes_mini_subset,scene-0103_036,yaw,3.0,deg,0,Pedestrian,pedestrian,25.2,41.5,103.0,0.0,2,0,0,0,0,,
nuscenes_mini_subset,scene-0103_036,yaw,3.0,deg,1,Car,vehicle,30.5,130.5,102.0,0.0,0,25,25,8,8,0.32,0.32
nuscenes_mini_subset,scene-0103_036,yaw,3.0,deg,2,Car,vehicle,51.5,58.4,49.2,0.0,1,1,1,0,0,0.0,0.0
nuscenes_mini_subset,scene-0103_036,yaw,3.0,deg,3,Car,vehicle,26.5,140.7,85.7,0.0,0,16,16,8,8,0.5,0.5
nuscenes_mini_subset,scene-0103_036,yaw,3.0,deg,4,Car,vehicle,19.3,153.4,113.2,0.0,0,17,17,9,9,0.5294,0.5294
nuscenes_mini_subset,scene-0103_036,yaw,3.0,deg,5,Car,vehicle,34.9,113.9,96.6,0.0,2,3,3,1,1,0.3333,0.3333
nuscenes_mini_subset,scene-0103_036,yaw,3.0,deg,6,Car,vehicle,64.1,46.9,33.8,0.0,1,1,1,0,0,0.0,0.0
nuscenes_mini_subset,scene-0103_036,yaw,3.0,deg,7,Car,vehicle,10.2,271.2,373.7,0.64,0,93,150,82,138,0.8817,0.92
nuscenes_mini_subset,scene-0103_036,yaw,3.0,deg,8,Car,vehicle,69.4,38.1,33.9,0.0,2,2,2,0,0,0.0,0.0
nuscenes_mini_subset,scene-0103_036,yaw,3.0,deg,9,Car,vehicle,18.4,333.3,187.7,0.12,0,71,56,56,56,0.7887,1.0
nuscenes_mini_subset,scene-0103_036,yaw,3.0,deg,11,Pedestrian,pedestrian,25.0,37.8,107.2,0.0,2,0,0,0,0,,
nuscenes_mini_subset,scene-0103_036,yaw,3.0,deg,12,Car,vehicle,32.3,90.4,82.1,0.0,0,1,1,0,0,0.0,0.0
nuscenes_mini_subset,scene-0103_036,yaw,3.0,deg,13,Car,vehicle,15.4,288.2,171.7,0.0,0,38,38,27,27,0.7105,0.7105
nuscenes_mini_subset,scene-0103_037,yaw,0.0,deg,0,Car,vehicle,34.5,88.4,73.9,0.0,2,1,1,1,1,1.0,1.0
nuscenes_mini_subset,scene-0103_037,yaw,0.0,deg,1,Pedestrian,pedestrian,22.3,51.7,121.4,0.0,2,0,0,0,0,,
nuscenes_mini_subset,scene-0103_037,yaw,0.0,deg,2,Bicycle,cyclist,19.6,83.6,84.1,0.0,0,1,1,1,1,1.0,1.0
nuscenes_mini_subset,scene-0103_037,yaw,0.0,deg,3,Car,vehicle,26.6,162.3,120.4,0.0,0,29,29,29,29,1.0,1.0
nuscenes_mini_subset,scene-0103_037,yaw,0.0,deg,4,Car,vehicle,47.5,64.7,53.8,0.0,1,0,0,0,0,,
nuscenes_mini_subset,scene-0103_037,yaw,0.0,deg,5,Car,vehicle,22.5,179.1,106.0,0.0,0,21,21,21,21,1.0,1.0
nuscenes_mini_subset,scene-0103_037,yaw,0.0,deg,6,Car,vehicle,12.1,315.9,204.3,0.0,0,105,105,105,105,1.0,1.0
nuscenes_mini_subset,scene-0103_037,yaw,0.0,deg,7,Car,vehicle,31.0,136.6,110.8,0.0,2,2,2,2,2,1.0,1.0
nuscenes_mini_subset,scene-0103_037,yaw,0.0,deg,8,Car,vehicle,60.0,49.9,36.7,0.0,1,0,0,0,0,,
nuscenes_mini_subset,scene-0103_037,yaw,0.0,deg,9,Car,vehicle,65.6,39.6,36.5,0.0,2,2,2,2,2,1.0,1.0
nuscenes_mini_subset,scene-0103_037,yaw,0.0,deg,10,Car,vehicle,14.9,195.1,267.5,0.68,0,42,42,42,42,1.0,1.0
nuscenes_mini_subset,scene-0103_037,yaw,0.0,deg,11,Pedestrian,pedestrian,22.1,46.7,126.2,0.0,2,0,0,0,0,,
nuscenes_mini_subset,scene-0103_037,yaw,0.0,deg,12,Car,vehicle,28.3,108.1,95.0,0.0,0,6,6,6,6,1.0,1.0
nuscenes_mini_subset,scene-0103_037,yaw,0.0,deg,13,Car,vehicle,11.6,303.6,259.8,0.38,0,112,112,111,111,0.9911,0.9911
nuscenes_mini_subset,scene-0103_037,yaw,0.5,deg,0,Car,vehicle,34.5,88.4,73.9,0.0,2,1,1,1,1,1.0,1.0
nuscenes_mini_subset,scene-0103_037,yaw,0.5,deg,1,Pedestrian,pedestrian,22.3,51.7,121.4,0.0,2,0,0,0,0,,
nuscenes_mini_subset,scene-0103_037,yaw,0.5,deg,2,Bicycle,cyclist,19.6,83.6,84.1,0.0,0,1,1,1,1,1.0,1.0
nuscenes_mini_subset,scene-0103_037,yaw,0.5,deg,3,Car,vehicle,26.6,162.3,120.4,0.0,0,29,29,28,28,0.9655,0.9655
nuscenes_mini_subset,scene-0103_037,yaw,0.5,deg,4,Car,vehicle,47.5,64.7,53.8,0.0,1,0,0,0,0,,
nuscenes_mini_subset,scene-0103_037,yaw,0.5,deg,5,Car,vehicle,22.5,179.1,106.0,0.0,0,21,21,20,20,0.9524,0.9524
nuscenes_mini_subset,scene-0103_037,yaw,0.5,deg,6,Car,vehicle,12.1,315.9,204.3,0.0,0,105,105,105,105,1.0,1.0
nuscenes_mini_subset,scene-0103_037,yaw,0.5,deg,7,Car,vehicle,31.0,136.6,110.8,0.0,2,2,2,2,2,1.0,1.0
nuscenes_mini_subset,scene-0103_037,yaw,0.5,deg,8,Car,vehicle,60.0,49.9,36.7,0.0,1,0,0,0,0,,
nuscenes_mini_subset,scene-0103_037,yaw,0.5,deg,9,Car,vehicle,65.6,39.6,36.5,0.0,2,2,2,1,1,0.5,0.5
nuscenes_mini_subset,scene-0103_037,yaw,0.5,deg,10,Car,vehicle,14.9,195.1,267.5,0.68,0,42,39,39,39,0.9286,1.0
nuscenes_mini_subset,scene-0103_037,yaw,0.5,deg,11,Pedestrian,pedestrian,22.1,46.7,126.2,0.0,2,0,0,0,0,,
nuscenes_mini_subset,scene-0103_037,yaw,0.5,deg,12,Car,vehicle,28.3,108.1,95.0,0.0,0,6,6,6,6,1.0,1.0
nuscenes_mini_subset,scene-0103_037,yaw,0.5,deg,13,Car,vehicle,11.6,303.6,259.8,0.38,0,112,122,112,122,1.0,1.0
nuscenes_mini_subset,scene-0103_037,yaw,1.0,deg,0,Car,vehicle,34.5,88.4,73.9,0.0,2,1,1,1,1,1.0,1.0
nuscenes_mini_subset,scene-0103_037,yaw,1.0,deg,1,Pedestrian,pedestrian,22.3,51.7,121.4,0.0,2,0,0,0,0,,
nuscenes_mini_subset,scene-0103_037,yaw,1.0,deg,2,Bicycle,cyclist,19.6,83.6,84.1,0.0,0,1,1,1,1,1.0,1.0
nuscenes_mini_subset,scene-0103_037,yaw,1.0,deg,3,Car,vehicle,26.6,162.3,120.4,0.0,0,29,29,26,26,0.8966,0.8966
nuscenes_mini_subset,scene-0103_037,yaw,1.0,deg,4,Car,vehicle,47.5,64.7,53.8,0.0,1,0,0,0,0,,
nuscenes_mini_subset,scene-0103_037,yaw,1.0,deg,5,Car,vehicle,22.5,179.1,106.0,0.0,0,21,21,18,18,0.8571,0.8571
nuscenes_mini_subset,scene-0103_037,yaw,1.0,deg,6,Car,vehicle,12.1,315.9,204.3,0.0,0,105,105,105,105,1.0,1.0
nuscenes_mini_subset,scene-0103_037,yaw,1.0,deg,7,Car,vehicle,31.0,136.6,110.8,0.0,2,2,2,2,2,1.0,1.0
nuscenes_mini_subset,scene-0103_037,yaw,1.0,deg,8,Car,vehicle,60.0,49.9,36.7,0.0,1,0,0,0,0,,
nuscenes_mini_subset,scene-0103_037,yaw,1.0,deg,9,Car,vehicle,65.6,39.6,36.5,0.0,2,2,2,0,0,0.0,0.0
nuscenes_mini_subset,scene-0103_037,yaw,1.0,deg,10,Car,vehicle,14.9,195.1,267.5,0.68,0,42,37,37,37,0.881,1.0
nuscenes_mini_subset,scene-0103_037,yaw,1.0,deg,11,Pedestrian,pedestrian,22.1,46.7,126.2,0.0,2,0,0,0,0,,
nuscenes_mini_subset,scene-0103_037,yaw,1.0,deg,12,Car,vehicle,28.3,108.1,95.0,0.0,0,6,6,5,5,0.8333,0.8333
nuscenes_mini_subset,scene-0103_037,yaw,1.0,deg,13,Car,vehicle,11.6,303.6,259.8,0.38,0,112,128,110,126,0.9821,0.9844
nuscenes_mini_subset,scene-0103_037,yaw,2.0,deg,0,Car,vehicle,34.5,88.4,73.9,0.0,2,1,1,0,0,0.0,0.0
nuscenes_mini_subset,scene-0103_037,yaw,2.0,deg,1,Pedestrian,pedestrian,22.3,51.7,121.4,0.0,2,0,0,0,0,,
nuscenes_mini_subset,scene-0103_037,yaw,2.0,deg,2,Bicycle,cyclist,19.6,83.6,84.1,0.0,0,1,1,0,0,0.0,0.0
nuscenes_mini_subset,scene-0103_037,yaw,2.0,deg,3,Car,vehicle,26.6,162.3,120.4,0.0,0,29,29,21,21,0.7241,0.7241
nuscenes_mini_subset,scene-0103_037,yaw,2.0,deg,4,Car,vehicle,47.5,64.7,53.8,0.0,1,0,0,0,0,,
nuscenes_mini_subset,scene-0103_037,yaw,2.0,deg,5,Car,vehicle,22.5,179.1,106.0,0.0,0,21,21,16,16,0.7619,0.7619
nuscenes_mini_subset,scene-0103_037,yaw,2.0,deg,6,Car,vehicle,12.1,315.9,204.3,0.0,0,105,105,98,98,0.9333,0.9333
nuscenes_mini_subset,scene-0103_037,yaw,2.0,deg,7,Car,vehicle,31.0,136.6,110.8,0.0,2,2,2,2,2,1.0,1.0
nuscenes_mini_subset,scene-0103_037,yaw,2.0,deg,8,Car,vehicle,60.0,49.9,36.7,0.0,1,0,0,0,0,,
nuscenes_mini_subset,scene-0103_037,yaw,2.0,deg,9,Car,vehicle,65.6,39.6,36.5,0.0,2,2,2,0,0,0.0,0.0
nuscenes_mini_subset,scene-0103_037,yaw,2.0,deg,10,Car,vehicle,14.9,195.1,267.5,0.68,0,42,28,28,28,0.6667,1.0
nuscenes_mini_subset,scene-0103_037,yaw,2.0,deg,11,Pedestrian,pedestrian,22.1,46.7,126.2,0.0,2,0,0,0,0,,
nuscenes_mini_subset,scene-0103_037,yaw,2.0,deg,12,Car,vehicle,28.3,108.1,95.0,0.0,0,6,6,3,3,0.5,0.5
nuscenes_mini_subset,scene-0103_037,yaw,2.0,deg,13,Car,vehicle,11.6,303.6,259.8,0.38,0,112,140,103,131,0.9196,0.9357
nuscenes_mini_subset,scene-0103_037,yaw,3.0,deg,0,Car,vehicle,34.5,88.4,73.9,0.0,2,1,1,0,0,0.0,0.0
nuscenes_mini_subset,scene-0103_037,yaw,3.0,deg,1,Pedestrian,pedestrian,22.3,51.7,121.4,0.0,2,0,0,0,0,,
nuscenes_mini_subset,scene-0103_037,yaw,3.0,deg,2,Bicycle,cyclist,19.6,83.6,84.1,0.0,0,1,1,0,0,0.0,0.0
nuscenes_mini_subset,scene-0103_037,yaw,3.0,deg,3,Car,vehicle,26.6,162.3,120.4,0.0,0,29,29,12,12,0.4138,0.4138
nuscenes_mini_subset,scene-0103_037,yaw,3.0,deg,4,Car,vehicle,47.5,64.7,53.8,0.0,1,0,0,0,0,,
nuscenes_mini_subset,scene-0103_037,yaw,3.0,deg,5,Car,vehicle,22.5,179.1,106.0,0.0,0,21,21,14,14,0.6667,0.6667
nuscenes_mini_subset,scene-0103_037,yaw,3.0,deg,6,Car,vehicle,12.1,315.9,204.3,0.0,0,105,105,90,90,0.8571,0.8571
nuscenes_mini_subset,scene-0103_037,yaw,3.0,deg,7,Car,vehicle,31.0,136.6,110.8,0.0,2,2,2,1,1,0.5,0.5
nuscenes_mini_subset,scene-0103_037,yaw,3.0,deg,8,Car,vehicle,60.0,49.9,36.7,0.0,1,0,0,0,0,,
nuscenes_mini_subset,scene-0103_037,yaw,3.0,deg,9,Car,vehicle,65.6,39.6,36.5,0.0,2,2,2,0,0,0.0,0.0
nuscenes_mini_subset,scene-0103_037,yaw,3.0,deg,10,Car,vehicle,14.9,195.1,267.5,0.68,0,42,18,18,18,0.4286,1.0
nuscenes_mini_subset,scene-0103_037,yaw,3.0,deg,11,Pedestrian,pedestrian,22.1,46.7,126.2,0.0,2,0,0,0,0,,
nuscenes_mini_subset,scene-0103_037,yaw,3.0,deg,12,Car,vehicle,28.3,108.1,95.0,0.0,0,6,6,0,0,0.0,0.0
nuscenes_mini_subset,scene-0103_037,yaw,3.0,deg,13,Car,vehicle,11.6,303.6,259.8,0.38,0,112,146,99,132,0.8839,0.9041
nuscenes_mini_subset,scene-0103_038,yaw,0.0,deg,0,Car,vehicle,30.4,104.4,84.0,0.0,1,2,2,2,2,1.0,1.0
nuscenes_mini_subset,scene-0103_038,yaw,0.0,deg,1,Bicycle,cyclist,15.8,120.0,108.3,0.0,0,11,11,11,11,1.0,1.0
nuscenes_mini_subset,scene-0103_038,yaw,0.0,deg,2,Car,vehicle,49.9,152.4,56.2,0.0,2,1,1,1,1,1.0,1.0
nuscenes_mini_subset,scene-0103_038,yaw,0.0,deg,3,Car,vehicle,22.8,213.3,147.0,0.0,0,46,46,46,46,1.0,1.0
nuscenes_mini_subset,scene-0103_038,yaw,0.0,deg,4,Car,vehicle,43.4,72.3,59.1,0.0,1,2,2,2,2,1.0,1.0
nuscenes_mini_subset,scene-0103_038,yaw,0.0,deg,5,Car,vehicle,18.5,242.1,130.9,0.0,0,56,56,56,56,1.0,1.0
nuscenes_mini_subset,scene-0103_038,yaw,0.0,deg,6,Car,vehicle,35.4,97.2,68.5,0.0,2,1,1,1,1,1.0,1.0
nuscenes_mini_subset,scene-0103_038,yaw,0.0,deg,7,Car,vehicle,5.4,361.7,381.7,0.92,0,173,173,173,173,1.0,1.0
nuscenes_mini_subset,scene-0103_038,yaw,0.0,deg,8,Car,vehicle,27.1,170.4,130.6,0.0,0,11,11,11,11,1.0,1.0
nuscenes_mini_subset,scene-0103_038,yaw,0.0,deg,9,Car,vehicle,56.1,55.1,38.5,0.0,1,2,2,2,2,1.0,1.0
nuscenes_mini_subset,scene-0103_038,yaw,0.0,deg,10,Car,vehicle,61.6,41.2,38.4,0.0,2,1,1,1,1,1.0,1.0
nuscenes_mini_subset,scene-0103_038,yaw,0.0,deg,11,Car,vehicle,24.3,133.7,113.0,0.0,0,14,14,14,14,1.0,1.0
nuscenes_mini_subset,scene-0103_038,yaw,0.0,deg,12,Car,vehicle,8.1,88.0,477.6,0.93,0,15,15,15,15,1.0,1.0
nuscenes_mini_subset,scene-0103_038,yaw,0.5,deg,0,Car,vehicle,30.4,104.4,84.0,0.0,1,2,2,2,2,1.0,1.0
nuscenes_mini_subset,scene-0103_038,yaw,0.5,deg,1,Bicycle,cyclist,15.8,120.0,108.3,0.0,0,11,11,11,11,1.0,1.0
nuscenes_mini_subset,scene-0103_038,yaw,0.5,deg,2,Car,vehicle,49.9,152.4,56.2,0.0,2,1,1,1,1,1.0,1.0
nuscenes_mini_subset,scene-0103_038,yaw,0.5,deg,3,Car,vehicle,22.8,213.3,147.0,0.0,0,46,46,46,46,1.0,1.0
nuscenes_mini_subset,scene-0103_038,yaw,0.5,deg,4,Car,vehicle,43.4,72.3,59.1,0.0,1,2,2,2,2,1.0,1.0
nuscenes_mini_subset,scene-0103_038,yaw,0.5,deg,5,Car,vehicle,18.5,242.1,130.9,0.0,0,56,56,56,56,1.0,1.0
nuscenes_mini_subset,scene-0103_038,yaw,0.5,deg,6,Car,vehicle,35.4,97.2,68.5,0.0,2,1,1,1,1,1.0,1.0
nuscenes_mini_subset,scene-0103_038,yaw,0.5,deg,7,Car,vehicle,5.4,361.7,381.7,0.92,0,173,162,162,162,0.9364,1.0
nuscenes_mini_subset,scene-0103_038,yaw,0.5,deg,8,Car,vehicle,27.1,170.4,130.6,0.0,0,11,11,11,11,1.0,1.0
nuscenes_mini_subset,scene-0103_038,yaw,0.5,deg,9,Car,vehicle,56.1,55.1,38.5,0.0,1,2,2,2,2,1.0,1.0
nuscenes_mini_subset,scene-0103_038,yaw,0.5,deg,10,Car,vehicle,61.6,41.2,38.4,0.0,2,1,1,0,0,0.0,0.0
nuscenes_mini_subset,scene-0103_038,yaw,0.5,deg,11,Car,vehicle,24.3,133.7,113.0,0.0,0,14,14,14,14,1.0,1.0
nuscenes_mini_subset,scene-0103_038,yaw,0.5,deg,12,Car,vehicle,8.1,88.0,477.6,0.93,0,15,20,15,20,1.0,1.0
nuscenes_mini_subset,scene-0103_038,yaw,1.0,deg,0,Car,vehicle,30.4,104.4,84.0,0.0,1,2,2,2,2,1.0,1.0
nuscenes_mini_subset,scene-0103_038,yaw,1.0,deg,1,Bicycle,cyclist,15.8,120.0,108.3,0.0,0,11,11,10,10,0.9091,0.9091
nuscenes_mini_subset,scene-0103_038,yaw,1.0,deg,2,Car,vehicle,49.9,152.4,56.2,0.0,2,1,1,1,1,1.0,1.0
nuscenes_mini_subset,scene-0103_038,yaw,1.0,deg,3,Car,vehicle,22.8,213.3,147.0,0.0,0,46,46,45,45,0.9783,0.9783
nuscenes_mini_subset,scene-0103_038,yaw,1.0,deg,4,Car,vehicle,43.4,72.3,59.1,0.0,1,2,2,1,1,0.5,0.5
nuscenes_mini_subset,scene-0103_038,yaw,1.0,deg,5,Car,vehicle,18.5,242.1,130.9,0.0,0,56,56,54,54,0.9643,0.9643
nuscenes_mini_subset,scene-0103_038,yaw,1.0,deg,6,Car,vehicle,35.4,97.2,68.5,0.0,2,1,1,1,1,1.0,1.0
nuscenes_mini_subset,scene-0103_038,yaw,1.0,deg,7,Car,vehicle,5.4,361.7,381.7,0.92,0,173,151,151,151,0.8728,1.0
nuscenes_mini_subset,scene-0103_038,yaw,1.0,deg,8,Car,vehicle,27.1,170.4,130.6,0.0,0,11,11,11,11,1.0,1.0
nuscenes_mini_subset,scene-0103_038,yaw,1.0,deg,9,Car,vehicle,56.1,55.1,38.5,0.0,1,2,2,1,1,0.5,0.5
nuscenes_mini_subset,scene-0103_038,yaw,1.0,deg,10,Car,vehicle,61.6,41.2,38.4,0.0,2,1,1,0,0,0.0,0.0
nuscenes_mini_subset,scene-0103_038,yaw,1.0,deg,11,Car,vehicle,24.3,133.7,113.0,0.0,0,14,14,14,14,1.0,1.0
nuscenes_mini_subset,scene-0103_038,yaw,1.0,deg,12,Car,vehicle,8.1,88.0,477.6,0.93,0,15,28,15,26,1.0,0.9286
nuscenes_mini_subset,scene-0103_038,yaw,2.0,deg,0,Car,vehicle,30.4,104.4,84.0,0.0,1,2,2,0,0,0.0,0.0
nuscenes_mini_subset,scene-0103_038,yaw,2.0,deg,1,Bicycle,cyclist,15.8,120.0,108.3,0.0,0,11,11,5,5,0.4545,0.4545
nuscenes_mini_subset,scene-0103_038,yaw,2.0,deg,2,Car,vehicle,49.9,152.4,56.2,0.0,2,1,1,1,1,1.0,1.0
nuscenes_mini_subset,scene-0103_038,yaw,2.0,deg,3,Car,vehicle,22.8,213.3,147.0,0.0,0,46,46,42,42,0.913,0.913
nuscenes_mini_subset,scene-0103_038,yaw,2.0,deg,4,Car,vehicle,43.4,72.3,59.1,0.0,1,2,2,0,0,0.0,0.0
nuscenes_mini_subset,scene-0103_038,yaw,2.0,deg,5,Car,vehicle,18.5,242.1,130.9,0.0,0,56,56,52,52,0.9286,0.9286
nuscenes_mini_subset,scene-0103_038,yaw,2.0,deg,6,Car,vehicle,35.4,97.2,68.5,0.0,2,1,1,0,0,0.0,0.0
nuscenes_mini_subset,scene-0103_038,yaw,2.0,deg,7,Car,vehicle,5.4,361.7,381.7,0.92,0,173,133,133,133,0.7688,1.0
nuscenes_mini_subset,scene-0103_038,yaw,2.0,deg,8,Car,vehicle,27.1,170.4,130.6,0.0,0,11,11,11,11,1.0,1.0
nuscenes_mini_subset,scene-0103_038,yaw,2.0,deg,9,Car,vehicle,56.1,55.1,38.5,0.0,1,2,2,0,0,0.0,0.0
nuscenes_mini_subset,scene-0103_038,yaw,2.0,deg,10,Car,vehicle,61.6,41.2,38.4,0.0,2,1,1,0,0,0.0,0.0
nuscenes_mini_subset,scene-0103_038,yaw,2.0,deg,11,Car,vehicle,24.3,133.7,113.0,0.0,0,14,14,9,9,0.6429,0.6429
nuscenes_mini_subset,scene-0103_038,yaw,2.0,deg,12,Car,vehicle,8.1,88.0,477.6,0.93,0,15,42,8,34,0.5333,0.8095
nuscenes_mini_subset,scene-0103_038,yaw,3.0,deg,0,Car,vehicle,30.4,104.4,84.0,0.0,1,2,2,0,0,0.0,0.0
nuscenes_mini_subset,scene-0103_038,yaw,3.0,deg,1,Bicycle,cyclist,15.8,120.0,108.3,0.0,0,11,11,1,1,0.0909,0.0909
nuscenes_mini_subset,scene-0103_038,yaw,3.0,deg,2,Car,vehicle,49.9,152.4,56.2,0.0,2,1,1,1,1,1.0,1.0
nuscenes_mini_subset,scene-0103_038,yaw,3.0,deg,3,Car,vehicle,22.8,213.3,147.0,0.0,0,46,46,37,37,0.8043,0.8043
nuscenes_mini_subset,scene-0103_038,yaw,3.0,deg,4,Car,vehicle,43.4,72.3,59.1,0.0,1,2,2,0,0,0.0,0.0
nuscenes_mini_subset,scene-0103_038,yaw,3.0,deg,5,Car,vehicle,18.5,242.1,130.9,0.0,0,56,56,48,48,0.8571,0.8571
nuscenes_mini_subset,scene-0103_038,yaw,3.0,deg,6,Car,vehicle,35.4,97.2,68.5,0.0,2,1,1,0,0,0.0,0.0
nuscenes_mini_subset,scene-0103_038,yaw,3.0,deg,7,Car,vehicle,5.4,361.7,381.7,0.92,0,173,114,114,114,0.659,1.0
nuscenes_mini_subset,scene-0103_038,yaw,3.0,deg,8,Car,vehicle,27.1,170.4,130.6,0.0,0,11,11,9,9,0.8182,0.8182
nuscenes_mini_subset,scene-0103_038,yaw,3.0,deg,9,Car,vehicle,56.1,55.1,38.5,0.0,1,2,2,0,0,0.0,0.0
nuscenes_mini_subset,scene-0103_038,yaw,3.0,deg,10,Car,vehicle,61.6,41.2,38.4,0.0,2,1,1,0,0,0.0,0.0
nuscenes_mini_subset,scene-0103_038,yaw,3.0,deg,11,Car,vehicle,24.3,133.7,113.0,0.0,0,14,14,6,6,0.4286,0.4286
nuscenes_mini_subset,scene-0103_038,yaw,3.0,deg,12,Car,vehicle,8.1,88.0,477.6,0.93,0,15,59,0,42,0.0,0.7119
nuscenes_mini_subset,scene-0103_039,yaw,0.0,deg,0,Car,vehicle,26.3,127.7,99.1,0.0,1,10,10,10,10,1.0,1.0
nuscenes_mini_subset,scene-0103_039,yaw,0.0,deg,1,Car,vehicle,45.9,165.8,61.9,0.0,2,1,1,1,1,1.0,1.0
nuscenes_mini_subset,scene-0103_039,yaw,0.0,deg,2,Car,vehicle,19.1,280.4,190.0,0.06,0,80,80,80,80,1.0,1.0
nuscenes_mini_subset,scene-0103_039,yaw,0.0,deg,3,Car,vehicle,14.6,366.7,186.4,0.0,0,113,113,113,113,1.0,1.0
nuscenes_mini_subset,scene-0103_039,yaw,0.0,deg,4,Car,vehicle,31.3,113.5,78.4,0.0,2,3,3,3,3,1.0,1.0
nuscenes_mini_subset,scene-0103_039,yaw,0.0,deg,5,Car,vehicle,23.2,221.9,158.5,0.0,0,22,22,22,22,1.0,1.0
nuscenes_mini_subset,scene-0103_039,yaw,0.0,deg,6,Car,vehicle,28.4,154.9,87.6,0.0,2,2,2,2,2,1.0,1.0
nuscenes_mini_subset,scene-0103_039,yaw,0.0,deg,7,Car,vehicle,20.2,175.0,139.9,0.0,0,40,40,40,40,1.0,1.0
nuscenes_mini_subset,scene-0103_039,yaw,0.5,deg,0,Car,vehicle,26.3,127.7,99.1,0.0,1,10,10,9,9,0.9,0.9
nuscenes_mini_subset,scene-0103_039,yaw,0.5,deg,1,Car,vehicle,45.9,165.8,61.9,0.0,2,1,1,1,1,1.0,1.0
nuscenes_mini_subset,scene-0103_039,yaw,0.5,deg,2,Car,vehicle,19.1,280.4,190.0,0.06,0,80,78,78,78,0.975,1.0
nuscenes_mini_subset,scene-0103_039,yaw,0.5,deg,3,Car,vehicle,14.6,366.7,186.4,0.0,0,113,113,112,112,0.9912,0.9912
nuscenes_mini_subset,scene-0103_039,yaw,0.5,deg,4,Car,vehicle,31.3,113.5,78.4,0.0,2,3,3,3,3,1.0,1.0
nuscenes_mini_subset,scene-0103_039,yaw,0.5,deg,5,Car,vehicle,23.2,221.9,158.5,0.0,0,22,22,22,22,1.0,1.0
nuscenes_mini_subset,scene-0103_039,yaw,0.5,deg,6,Car,vehicle,28.4,154.9,87.6,0.0,2,2,2,2,2,1.0,1.0
nuscenes_mini_subset,scene-0103_039,yaw,0.5,deg,7,Car,vehicle,20.2,175.0,139.9,0.0,0,40,40,40,40,1.0,1.0
nuscenes_mini_subset,scene-0103_039,yaw,1.0,deg,0,Car,vehicle,26.3,127.7,99.1,0.0,1,10,10,9,9,0.9,0.9
nuscenes_mini_subset,scene-0103_039,yaw,1.0,deg,1,Car,vehicle,45.9,165.8,61.9,0.0,2,1,1,1,1,1.0,1.0
nuscenes_mini_subset,scene-0103_039,yaw,1.0,deg,2,Car,vehicle,19.1,280.4,190.0,0.06,0,80,77,77,77,0.9625,1.0
nuscenes_mini_subset,scene-0103_039,yaw,1.0,deg,3,Car,vehicle,14.6,366.7,186.4,0.0,0,113,113,108,108,0.9558,0.9558
nuscenes_mini_subset,scene-0103_039,yaw,1.0,deg,4,Car,vehicle,31.3,113.5,78.4,0.0,2,3,3,3,3,1.0,1.0
nuscenes_mini_subset,scene-0103_039,yaw,1.0,deg,5,Car,vehicle,23.2,221.9,158.5,0.0,0,22,22,22,22,1.0,1.0
nuscenes_mini_subset,scene-0103_039,yaw,1.0,deg,6,Car,vehicle,28.4,154.9,87.6,0.0,2,2,2,2,2,1.0,1.0
nuscenes_mini_subset,scene-0103_039,yaw,1.0,deg,7,Car,vehicle,20.2,175.0,139.9,0.0,0,40,40,40,40,1.0,1.0
nuscenes_mini_subset,scene-0103_039,yaw,2.0,deg,0,Car,vehicle,26.3,127.7,99.1,0.0,1,10,10,3,3,0.3,0.3
nuscenes_mini_subset,scene-0103_039,yaw,2.0,deg,1,Car,vehicle,45.9,165.8,61.9,0.0,2,1,1,1,1,1.0,1.0
nuscenes_mini_subset,scene-0103_039,yaw,2.0,deg,2,Car,vehicle,19.1,280.4,190.0,0.06,0,80,73,73,73,0.9125,1.0
nuscenes_mini_subset,scene-0103_039,yaw,2.0,deg,3,Car,vehicle,14.6,366.7,186.4,0.0,0,113,113,103,103,0.9115,0.9115
nuscenes_mini_subset,scene-0103_039,yaw,2.0,deg,4,Car,vehicle,31.3,113.5,78.4,0.0,2,3,3,0,0,0.0,0.0
nuscenes_mini_subset,scene-0103_039,yaw,2.0,deg,5,Car,vehicle,23.2,221.9,158.5,0.0,0,22,22,22,22,1.0,1.0
nuscenes_mini_subset,scene-0103_039,yaw,2.0,deg,6,Car,vehicle,28.4,154.9,87.6,0.0,2,2,2,2,2,1.0,1.0
nuscenes_mini_subset,scene-0103_039,yaw,2.0,deg,7,Car,vehicle,20.2,175.0,139.9,0.0,0,40,40,35,35,0.875,0.875
nuscenes_mini_subset,scene-0103_039,yaw,3.0,deg,0,Car,vehicle,26.3,127.7,99.1,0.0,1,10,10,0,0,0.0,0.0
nuscenes_mini_subset,scene-0103_039,yaw,3.0,deg,1,Car,vehicle,45.9,165.8,61.9,0.0,2,1,1,1,1,1.0,1.0
nuscenes_mini_subset,scene-0103_039,yaw,3.0,deg,2,Car,vehicle,19.1,280.4,190.0,0.06,0,80,61,61,61,0.7625,1.0
nuscenes_mini_subset,scene-0103_039,yaw,3.0,deg,3,Car,vehicle,14.6,366.7,186.4,0.0,0,113,113,95,95,0.8407,0.8407
nuscenes_mini_subset,scene-0103_039,yaw,3.0,deg,4,Car,vehicle,31.3,113.5,78.4,0.0,2,3,3,0,0,0.0,0.0
nuscenes_mini_subset,scene-0103_039,yaw,3.0,deg,5,Car,vehicle,23.2,221.9,158.5,0.0,0,22,22,21,21,0.9545,0.9545
nuscenes_mini_subset,scene-0103_039,yaw,3.0,deg,6,Car,vehicle,28.4,154.9,87.6,0.0,2,2,2,2,2,1.0,1.0
nuscenes_mini_subset,scene-0103_039,yaw,3.0,deg,7,Car,vehicle,20.2,175.0,139.9,0.0,0,40,40,27,27,0.675,0.675
nuscenes_mini_subset,scene-1094_000,yaw,0.0,deg,1,Car,vehicle,24.9,254.5,130.8,0.0,0,33,33,33,33,1.0,1.0
nuscenes_mini_subset,scene-1094_000,yaw,0.0,deg,2,Pedestrian,pedestrian,38.3,25.4,64.6,0.0,0,4,4,4,4,1.0,1.0
nuscenes_mini_subset,scene-1094_000,yaw,0.0,deg,3,Car,vehicle,7.4,452.8,435.1,0.05,0,463,463,463,463,1.0,1.0
nuscenes_mini_subset,scene-1094_000,yaw,0.0,deg,4,Pedestrian,pedestrian,37.2,34.4,68.0,0.0,1,3,3,3,3,1.0,1.0
nuscenes_mini_subset,scene-1094_000,yaw,0.0,deg,5,Pedestrian,pedestrian,22.0,44.9,106.7,0.0,2,2,2,2,2,1.0,1.0
nuscenes_mini_subset,scene-1094_000,yaw,0.0,deg,6,Car,vehicle,32.9,147.9,74.6,0.37,2,4,4,4,4,1.0,1.0
nuscenes_mini_subset,scene-1094_000,yaw,0.0,deg,7,Car,vehicle,34.3,180.7,63.5,0.0,2,4,4,4,4,1.0,1.0
nuscenes_mini_subset,scene-1094_000,yaw,0.0,deg,8,Pedestrian,pedestrian,25.4,44.8,93.5,0.0,0,4,4,4,4,1.0,1.0
nuscenes_mini_subset,scene-1094_000,yaw,0.0,deg,9,Pedestrian,pedestrian,14.4,93.3,173.5,0.0,2,9,9,9,9,1.0,1.0
nuscenes_mini_subset,scene-1094_000,yaw,0.0,deg,10,Car,vehicle,28.3,261.8,84.5,0.0,2,5,5,5,5,1.0,1.0
nuscenes_mini_subset,scene-1094_000,yaw,0.0,deg,11,Car,vehicle,30.6,311.3,144.1,0.0,0,61,61,61,61,1.0,1.0
nuscenes_mini_subset,scene-1094_000,yaw,0.0,deg,12,Pedestrian,pedestrian,14.0,121.2,168.8,0.0,0,16,16,16,16,1.0,1.0
nuscenes_mini_subset,scene-1094_000,yaw,0.0,deg,13,Pedestrian,pedestrian,38.1,33.3,63.3,0.0,2,1,1,1,1,1.0,1.0
nuscenes_mini_subset,scene-1094_000,yaw,0.0,deg,14,Bicycle,cyclist,30.5,79.0,49.5,0.0,1,0,0,0,0,,
nuscenes_mini_subset,scene-1094_000,yaw,0.5,deg,1,Car,vehicle,24.9,254.5,130.8,0.0,0,33,33,32,32,0.9697,0.9697
nuscenes_mini_subset,scene-1094_000,yaw,0.5,deg,2,Pedestrian,pedestrian,38.3,25.4,64.6,0.0,0,4,4,1,1,0.25,0.25
nuscenes_mini_subset,scene-1094_000,yaw,0.5,deg,3,Car,vehicle,7.4,452.8,435.1,0.05,0,463,463,461,461,0.9957,0.9957
nuscenes_mini_subset,scene-1094_000,yaw,0.5,deg,4,Pedestrian,pedestrian,37.2,34.4,68.0,0.0,1,3,3,2,2,0.6667,0.6667
nuscenes_mini_subset,scene-1094_000,yaw,0.5,deg,5,Pedestrian,pedestrian,22.0,44.9,106.7,0.0,2,2,2,2,2,1.0,1.0
nuscenes_mini_subset,scene-1094_000,yaw,0.5,deg,6,Car,vehicle,32.9,147.9,74.6,0.37,2,4,4,4,4,1.0,1.0
nuscenes_mini_subset,scene-1094_000,yaw,0.5,deg,7,Car,vehicle,34.3,180.7,63.5,0.0,2,4,4,4,4,1.0,1.0
nuscenes_mini_subset,scene-1094_000,yaw,0.5,deg,8,Pedestrian,pedestrian,25.4,44.8,93.5,0.0,0,4,4,4,4,1.0,1.0
nuscenes_mini_subset,scene-1094_000,yaw,0.5,deg,9,Pedestrian,pedestrian,14.4,93.3,173.5,0.0,2,9,9,9,9,1.0,1.0
nuscenes_mini_subset,scene-1094_000,yaw,0.5,deg,10,Car,vehicle,28.3,261.8,84.5,0.0,2,5,5,5,5,1.0,1.0
nuscenes_mini_subset,scene-1094_000,yaw,0.5,deg,11,Car,vehicle,30.6,311.3,144.1,0.0,0,61,61,61,61,1.0,1.0
nuscenes_mini_subset,scene-1094_000,yaw,0.5,deg,12,Pedestrian,pedestrian,14.0,121.2,168.8,0.0,0,16,16,16,16,1.0,1.0
nuscenes_mini_subset,scene-1094_000,yaw,0.5,deg,13,Pedestrian,pedestrian,38.1,33.3,63.3,0.0,2,1,1,1,1,1.0,1.0
nuscenes_mini_subset,scene-1094_000,yaw,0.5,deg,14,Bicycle,cyclist,30.5,79.0,49.5,0.0,1,0,0,0,0,,
nuscenes_mini_subset,scene-1094_000,yaw,1.0,deg,1,Car,vehicle,24.9,254.5,130.8,0.0,0,33,33,28,28,0.8485,0.8485
nuscenes_mini_subset,scene-1094_000,yaw,1.0,deg,2,Pedestrian,pedestrian,38.3,25.4,64.6,0.0,0,4,4,0,0,0.0,0.0
nuscenes_mini_subset,scene-1094_000,yaw,1.0,deg,3,Car,vehicle,7.4,452.8,435.1,0.05,0,463,463,453,453,0.9784,0.9784
nuscenes_mini_subset,scene-1094_000,yaw,1.0,deg,4,Pedestrian,pedestrian,37.2,34.4,68.0,0.0,1,3,3,0,0,0.0,0.0
nuscenes_mini_subset,scene-1094_000,yaw,1.0,deg,5,Pedestrian,pedestrian,22.0,44.9,106.7,0.0,2,2,2,1,1,0.5,0.5
nuscenes_mini_subset,scene-1094_000,yaw,1.0,deg,6,Car,vehicle,32.9,147.9,74.6,0.37,2,4,4,4,4,1.0,1.0
nuscenes_mini_subset,scene-1094_000,yaw,1.0,deg,7,Car,vehicle,34.3,180.7,63.5,0.0,2,4,4,2,2,0.5,0.5
nuscenes_mini_subset,scene-1094_000,yaw,1.0,deg,8,Pedestrian,pedestrian,25.4,44.8,93.5,0.0,0,4,4,0,0,0.0,0.0
nuscenes_mini_subset,scene-1094_000,yaw,1.0,deg,9,Pedestrian,pedestrian,14.4,93.3,173.5,0.0,2,9,9,9,9,1.0,1.0
nuscenes_mini_subset,scene-1094_000,yaw,1.0,deg,10,Car,vehicle,28.3,261.8,84.5,0.0,2,5,5,5,5,1.0,1.0
nuscenes_mini_subset,scene-1094_000,yaw,1.0,deg,11,Car,vehicle,30.6,311.3,144.1,0.0,0,61,61,61,61,1.0,1.0
nuscenes_mini_subset,scene-1094_000,yaw,1.0,deg,12,Pedestrian,pedestrian,14.0,121.2,168.8,0.0,0,16,16,16,16,1.0,1.0
nuscenes_mini_subset,scene-1094_000,yaw,1.0,deg,13,Pedestrian,pedestrian,38.1,33.3,63.3,0.0,2,1,1,0,0,0.0,0.0
nuscenes_mini_subset,scene-1094_000,yaw,1.0,deg,14,Bicycle,cyclist,30.5,79.0,49.5,0.0,1,0,0,0,0,,
nuscenes_mini_subset,scene-1094_000,yaw,2.0,deg,1,Car,vehicle,24.9,254.5,130.8,0.0,0,33,33,20,20,0.6061,0.6061
nuscenes_mini_subset,scene-1094_000,yaw,2.0,deg,2,Pedestrian,pedestrian,38.3,25.4,64.6,0.0,0,4,4,0,0,0.0,0.0
nuscenes_mini_subset,scene-1094_000,yaw,2.0,deg,3,Car,vehicle,7.4,452.8,435.1,0.05,0,463,463,424,424,0.9158,0.9158
nuscenes_mini_subset,scene-1094_000,yaw,2.0,deg,4,Pedestrian,pedestrian,37.2,34.4,68.0,0.0,1,3,3,0,0,0.0,0.0
nuscenes_mini_subset,scene-1094_000,yaw,2.0,deg,5,Pedestrian,pedestrian,22.0,44.9,106.7,0.0,2,2,2,0,0,0.0,0.0
nuscenes_mini_subset,scene-1094_000,yaw,2.0,deg,6,Car,vehicle,32.9,147.9,74.6,0.37,2,4,3,3,3,0.75,1.0
nuscenes_mini_subset,scene-1094_000,yaw,2.0,deg,7,Car,vehicle,34.3,180.7,63.5,0.0,2,4,4,0,0,0.0,0.0
nuscenes_mini_subset,scene-1094_000,yaw,2.0,deg,8,Pedestrian,pedestrian,25.4,44.8,93.5,0.0,0,4,4,0,0,0.0,0.0
nuscenes_mini_subset,scene-1094_000,yaw,2.0,deg,9,Pedestrian,pedestrian,14.4,93.3,173.5,0.0,2,9,9,4,4,0.4444,0.4444
nuscenes_mini_subset,scene-1094_000,yaw,2.0,deg,10,Car,vehicle,28.3,261.8,84.5,0.0,2,5,5,5,5,1.0,1.0
nuscenes_mini_subset,scene-1094_000,yaw,2.0,deg,11,Car,vehicle,30.6,311.3,144.1,0.0,0,61,61,59,59,0.9672,0.9672
nuscenes_mini_subset,scene-1094_000,yaw,2.0,deg,12,Pedestrian,pedestrian,14.0,121.2,168.8,0.0,0,16,16,14,14,0.875,0.875
nuscenes_mini_subset,scene-1094_000,yaw,2.0,deg,13,Pedestrian,pedestrian,38.1,33.3,63.3,0.0,2,1,1,0,0,0.0,0.0
nuscenes_mini_subset,scene-1094_000,yaw,2.0,deg,14,Bicycle,cyclist,30.5,79.0,49.5,0.0,1,0,0,0,0,,
nuscenes_mini_subset,scene-1094_000,yaw,3.0,deg,1,Car,vehicle,24.9,254.5,130.8,0.0,0,33,33,17,17,0.5152,0.5152
nuscenes_mini_subset,scene-1094_000,yaw,3.0,deg,2,Pedestrian,pedestrian,38.3,25.4,64.6,0.0,0,4,4,0,0,0.0,0.0
nuscenes_mini_subset,scene-1094_000,yaw,3.0,deg,3,Car,vehicle,7.4,452.8,435.1,0.05,0,463,463,407,407,0.879,0.879
nuscenes_mini_subset,scene-1094_000,yaw,3.0,deg,4,Pedestrian,pedestrian,37.2,34.4,68.0,0.0,1,3,3,0,0,0.0,0.0
nuscenes_mini_subset,scene-1094_000,yaw,3.0,deg,5,Pedestrian,pedestrian,22.0,44.9,106.7,0.0,2,2,2,0,0,0.0,0.0
nuscenes_mini_subset,scene-1094_000,yaw,3.0,deg,6,Car,vehicle,32.9,147.9,74.6,0.37,2,4,2,2,2,0.5,1.0
nuscenes_mini_subset,scene-1094_000,yaw,3.0,deg,7,Car,vehicle,34.3,180.7,63.5,0.0,2,4,4,0,0,0.0,0.0
nuscenes_mini_subset,scene-1094_000,yaw,3.0,deg,8,Pedestrian,pedestrian,25.4,44.8,93.5,0.0,0,4,4,0,0,0.0,0.0
nuscenes_mini_subset,scene-1094_000,yaw,3.0,deg,9,Pedestrian,pedestrian,14.4,93.3,173.5,0.0,2,9,9,0,0,0.0,0.0
nuscenes_mini_subset,scene-1094_000,yaw,3.0,deg,10,Car,vehicle,28.3,261.8,84.5,0.0,2,5,5,5,5,1.0,1.0
nuscenes_mini_subset,scene-1094_000,yaw,3.0,deg,11,Car,vehicle,30.6,311.3,144.1,0.0,0,61,61,56,56,0.918,0.918
nuscenes_mini_subset,scene-1094_000,yaw,3.0,deg,12,Pedestrian,pedestrian,14.0,121.2,168.8,0.0,0,16,16,3,3,0.1875,0.1875
nuscenes_mini_subset,scene-1094_000,yaw,3.0,deg,13,Pedestrian,pedestrian,38.1,33.3,63.3,0.0,2,1,1,0,0,0.0,0.0
nuscenes_mini_subset,scene-1094_000,yaw,3.0,deg,14,Bicycle,cyclist,30.5,79.0,49.5,0.0,1,0,0,0,0,,
nuscenes_mini_subset,scene-1094_001,yaw,0.0,deg,1,Car,vehicle,24.8,255.4,131.5,0.0,0,26,26,26,26,1.0,1.0
nuscenes_mini_subset,scene-1094_001,yaw,0.0,deg,2,Pedestrian,pedestrian,37.7,25.8,65.7,0.0,0,4,4,4,4,1.0,1.0
nuscenes_mini_subset,scene-1094_001,yaw,0.0,deg,3,Car,vehicle,7.7,446.1,423.7,0.02,0,420,420,420,420,1.0,1.0
nuscenes_mini_subset,scene-1094_001,yaw,0.0,deg,4,Pedestrian,pedestrian,36.7,39.0,68.6,0.0,0,4,4,4,4,1.0,1.0
nuscenes_mini_subset,scene-1094_001,yaw,0.0,deg,5,Pedestrian,pedestrian,22.3,44.0,104.8,0.0,2,1,1,1,1,1.0,1.0
nuscenes_mini_subset,scene-1094_001,yaw,0.0,deg,6,Pedestrian,pedestrian,37.7,39.9,63.9,0.0,1,3,3,3,3,1.0,1.0
nuscenes_mini_subset,scene-1094_001,yaw,0.0,deg,7,Car,vehicle,32.9,146.1,74.9,0.38,1,7,7,7,7,1.0,1.0
nuscenes_mini_subset,scene-1094_001,yaw,0.0,deg,8,Car,vehicle,34.2,181.1,63.6,0.0,2,3,3,3,3,1.0,1.0
nuscenes_mini_subset,scene-1094_001,yaw,0.0,deg,9,Pedestrian,pedestrian,25.8,44.6,92.6,0.0,0,3,3,3,3,1.0,1.0
nuscenes_mini_subset,scene-1094_001,yaw,0.0,deg,10,Pedestrian,pedestrian,13.8,100.9,184.1,0.0,2,1,1,1,1,1.0,1.0
nuscenes_mini_subset,scene-1094_001,yaw,0.0,deg,11,Car,vehicle,28.2,262.7,84.8,0.0,2,5,5,5,5,1.0,1.0
nuscenes_mini_subset,scene-1094_001,yaw,0.0,deg,12,Car,vehicle,30.5,312.2,144.6,0.0,0,63,63,63,63,1.0,1.0
nuscenes_mini_subset,scene-1094_001,yaw,0.0,deg,13,Pedestrian,pedestrian,14.2,118.0,164.8,0.0,0,12,12,12,12,1.0,1.0
nuscenes_mini_subset,scene-1094_001,yaw,0.0,deg,14,Pedestrian,pedestrian,37.7,32.9,63.5,0.0,2,1,1,1,1,1.0,1.0
nuscenes_mini_subset,scene-1094_001,yaw,0.0,deg,15,Bicycle,cyclist,30.4,79.2,49.6,0.0,0,0,0,0,0,,
nuscenes_mini_subset,scene-1094_001,yaw,0.5,deg,1,Car,vehicle,24.8,255.4,131.5,0.0,0,26,26,26,26,1.0,1.0
nuscenes_mini_subset,scene-1094_001,yaw,0.5,deg,2,Pedestrian,pedestrian,37.7,25.8,65.7,0.0,0,4,4,3,3,0.75,0.75
nuscenes_mini_subset,scene-1094_001,yaw,0.5,deg,3,Car,vehicle,7.7,446.1,423.7,0.02,0,420,420,419,419,0.9976,0.9976
nuscenes_mini_subset,scene-1094_001,yaw,0.5,deg,4,Pedestrian,pedestrian,36.7,39.0,68.6,0.0,0,4,4,4,4,1.0,1.0
nuscenes_mini_subset,scene-1094_001,yaw,0.5,deg,5,Pedestrian,pedestrian,22.3,44.0,104.8,0.0,2,1,1,1,1,1.0,1.0
nuscenes_mini_subset,scene-1094_001,yaw,0.5,deg,6,Pedestrian,pedestrian,37.7,39.9,63.9,0.0,1,3,3,3,3,1.0,1.0
nuscenes_mini_subset,scene-1094_001,yaw,0.5,deg,7,Car,vehicle,32.9,146.1,74.9,0.38,1,7,4,4,4,0.5714,1.0
nuscenes_mini_subset,scene-1094_001,yaw,0.5,deg,8,Car,vehicle,34.2,181.1,63.6,0.0,2,3,3,3,3,1.0,1.0
nuscenes_mini_subset,scene-1094_001,yaw,0.5,deg,9,Pedestrian,pedestrian,25.8,44.6,92.6,0.0,0,3,3,3,3,1.0,1.0
nuscenes_mini_subset,scene-1094_001,yaw,0.5,deg,10,Pedestrian,pedestrian,13.8,100.9,184.1,0.0,2,1,1,1,1,1.0,1.0
nuscenes_mini_subset,scene-1094_001,yaw,0.5,deg,11,Car,vehicle,28.2,262.7,84.8,0.0,2,5,5,5,5,1.0,1.0
nuscenes_mini_subset,scene-1094_001,yaw,0.5,deg,12,Car,vehicle,30.5,312.2,144.6,0.0,0,63,63,63,63,1.0,1.0
nuscenes_mini_subset,scene-1094_001,yaw,0.5,deg,13,Pedestrian,pedestrian,14.2,118.0,164.8,0.0,0,12,12,12,12,1.0,1.0
nuscenes_mini_subset,scene-1094_001,yaw,0.5,deg,14,Pedestrian,pedestrian,37.7,32.9,63.5,0.0,2,1,1,1,1,1.0,1.0
nuscenes_mini_subset,scene-1094_001,yaw,0.5,deg,15,Bicycle,cyclist,30.4,79.2,49.6,0.0,0,0,0,0,0,,
nuscenes_mini_subset,scene-1094_001,yaw,1.0,deg,1,Car,vehicle,24.8,255.4,131.5,0.0,0,26,26,26,26,1.0,1.0
nuscenes_mini_subset,scene-1094_001,yaw,1.0,deg,2,Pedestrian,pedestrian,37.7,25.8,65.7,0.0,0,4,4,0,0,0.0,0.0
nuscenes_mini_subset,scene-1094_001,yaw,1.0,deg,3,Car,vehicle,7.7,446.1,423.7,0.02,0,420,420,417,417,0.9929,0.9929
nuscenes_mini_subset,scene-1094_001,yaw,1.0,deg,4,Pedestrian,pedestrian,36.7,39.0,68.6,0.0,0,4,4,0,0,0.0,0.0
nuscenes_mini_subset,scene-1094_001,yaw,1.0,deg,5,Pedestrian,pedestrian,22.3,44.0,104.8,0.0,2,1,1,1,1,1.0,1.0
nuscenes_mini_subset,scene-1094_001,yaw,1.0,deg,6,Pedestrian,pedestrian,37.7,39.9,63.9,0.0,1,3,3,1,1,0.3333,0.3333
nuscenes_mini_subset,scene-1094_001,yaw,1.0,deg,7,Car,vehicle,32.9,146.1,74.9,0.38,1,7,1,1,1,0.1429,1.0
nuscenes_mini_subset,scene-1094_001,yaw,1.0,deg,8,Car,vehicle,34.2,181.1,63.6,0.0,2,3,3,2,2,0.6667,0.6667
nuscenes_mini_subset,scene-1094_001,yaw,1.0,deg,9,Pedestrian,pedestrian,25.8,44.6,92.6,0.0,0,3,3,2,2,0.6667,0.6667
nuscenes_mini_subset,scene-1094_001,yaw,1.0,deg,10,Pedestrian,pedestrian,13.8,100.9,184.1,0.0,2,1,1,1,1,1.0,1.0
nuscenes_mini_subset,scene-1094_001,yaw,1.0,deg,11,Car,vehicle,28.2,262.7,84.8,0.0,2,5,5,5,5,1.0,1.0
nuscenes_mini_subset,scene-1094_001,yaw,1.0,deg,12,Car,vehicle,30.5,312.2,144.6,0.0,0,63,63,63,63,1.0,1.0
nuscenes_mini_subset,scene-1094_001,yaw,1.0,deg,13,Pedestrian,pedestrian,14.2,118.0,164.8,0.0,0,12,12,12,12,1.0,1.0
nuscenes_mini_subset,scene-1094_001,yaw,1.0,deg,14,Pedestrian,pedestrian,37.7,32.9,63.5,0.0,2,1,1,0,0,0.0,0.0
nuscenes_mini_subset,scene-1094_001,yaw,1.0,deg,15,Bicycle,cyclist,30.4,79.2,49.6,0.0,0,0,0,0,0,,
nuscenes_mini_subset,scene-1094_001,yaw,2.0,deg,1,Car,vehicle,24.8,255.4,131.5,0.0,0,26,26,26,26,1.0,1.0
nuscenes_mini_subset,scene-1094_001,yaw,2.0,deg,2,Pedestrian,pedestrian,37.7,25.8,65.7,0.0,0,4,4,0,0,0.0,0.0
nuscenes_mini_subset,scene-1094_001,yaw,2.0,deg,3,Car,vehicle,7.7,446.1,423.7,0.02,0,420,420,397,397,0.9452,0.9452
nuscenes_mini_subset,scene-1094_001,yaw,2.0,deg,4,Pedestrian,pedestrian,36.7,39.0,68.6,0.0,0,4,4,0,0,0.0,0.0
nuscenes_mini_subset,scene-1094_001,yaw,2.0,deg,5,Pedestrian,pedestrian,22.3,44.0,104.8,0.0,2,1,1,0,0,0.0,0.0
nuscenes_mini_subset,scene-1094_001,yaw,2.0,deg,6,Pedestrian,pedestrian,37.7,39.9,63.9,0.0,1,3,3,0,0,0.0,0.0
nuscenes_mini_subset,scene-1094_001,yaw,2.0,deg,7,Car,vehicle,32.9,146.1,74.9,0.38,1,7,0,0,0,0.0,
nuscenes_mini_subset,scene-1094_001,yaw,2.0,deg,8,Car,vehicle,34.2,181.1,63.6,0.0,2,3,3,0,0,0.0,0.0
nuscenes_mini_subset,scene-1094_001,yaw,2.0,deg,9,Pedestrian,pedestrian,25.8,44.6,92.6,0.0,0,3,3,0,0,0.0,0.0
nuscenes_mini_subset,scene-1094_001,yaw,2.0,deg,10,Pedestrian,pedestrian,13.8,100.9,184.1,0.0,2,1,1,0,0,0.0,0.0
nuscenes_mini_subset,scene-1094_001,yaw,2.0,deg,11,Car,vehicle,28.2,262.7,84.8,0.0,2,5,5,5,5,1.0,1.0
nuscenes_mini_subset,scene-1094_001,yaw,2.0,deg,12,Car,vehicle,30.5,312.2,144.6,0.0,0,63,63,60,60,0.9524,0.9524
nuscenes_mini_subset,scene-1094_001,yaw,2.0,deg,13,Pedestrian,pedestrian,14.2,118.0,164.8,0.0,0,12,12,9,9,0.75,0.75
nuscenes_mini_subset,scene-1094_001,yaw,2.0,deg,14,Pedestrian,pedestrian,37.7,32.9,63.5,0.0,2,1,1,0,0,0.0,0.0
nuscenes_mini_subset,scene-1094_001,yaw,2.0,deg,15,Bicycle,cyclist,30.4,79.2,49.6,0.0,0,0,0,0,0,,
nuscenes_mini_subset,scene-1094_001,yaw,3.0,deg,1,Car,vehicle,24.8,255.4,131.5,0.0,0,26,26,21,21,0.8077,0.8077
nuscenes_mini_subset,scene-1094_001,yaw,3.0,deg,2,Pedestrian,pedestrian,37.7,25.8,65.7,0.0,0,4,4,0,0,0.0,0.0
nuscenes_mini_subset,scene-1094_001,yaw,3.0,deg,3,Car,vehicle,7.7,446.1,423.7,0.02,0,420,420,369,369,0.8786,0.8786
nuscenes_mini_subset,scene-1094_001,yaw,3.0,deg,4,Pedestrian,pedestrian,36.7,39.0,68.6,0.0,0,4,4,0,0,0.0,0.0
nuscenes_mini_subset,scene-1094_001,yaw,3.0,deg,5,Pedestrian,pedestrian,22.3,44.0,104.8,0.0,2,1,1,0,0,0.0,0.0
nuscenes_mini_subset,scene-1094_001,yaw,3.0,deg,6,Pedestrian,pedestrian,37.7,39.9,63.9,0.0,1,3,3,0,0,0.0,0.0
nuscenes_mini_subset,scene-1094_001,yaw,3.0,deg,7,Car,vehicle,32.9,146.1,74.9,0.38,1,7,0,0,0,0.0,
nuscenes_mini_subset,scene-1094_001,yaw,3.0,deg,8,Car,vehicle,34.2,181.1,63.6,0.0,2,3,3,0,0,0.0,0.0
nuscenes_mini_subset,scene-1094_001,yaw,3.0,deg,9,Pedestrian,pedestrian,25.8,44.6,92.6,0.0,0,3,3,0,0,0.0,0.0
nuscenes_mini_subset,scene-1094_001,yaw,3.0,deg,10,Pedestrian,pedestrian,13.8,100.9,184.1,0.0,2,1,1,0,0,0.0,0.0
nuscenes_mini_subset,scene-1094_001,yaw,3.0,deg,11,Car,vehicle,28.2,262.7,84.8,0.0,2,5,5,5,5,1.0,1.0
nuscenes_mini_subset,scene-1094_001,yaw,3.0,deg,12,Car,vehicle,30.5,312.2,144.6,0.0,0,63,63,56,56,0.8889,0.8889
nuscenes_mini_subset,scene-1094_001,yaw,3.0,deg,13,Pedestrian,pedestrian,14.2,118.0,164.8,0.0,0,12,12,2,2,0.1667,0.1667
nuscenes_mini_subset,scene-1094_001,yaw,3.0,deg,14,Pedestrian,pedestrian,37.7,32.9,63.5,0.0,2,1,1,0,0,0.0,0.0
nuscenes_mini_subset,scene-1094_001,yaw,3.0,deg,15,Bicycle,cyclist,30.4,79.2,49.6,0.0,0,0,0,0,0,,
nuscenes_mini_subset,scene-1094_002,yaw,0.0,deg,1,Car,vehicle,24.8,256.5,133.1,0.0,0,20,20,20,20,1.0,1.0
nuscenes_mini_subset,scene-1094_002,yaw,0.0,deg,2,Pedestrian,pedestrian,37.7,6.0,71.8,0.84,1,0,0,0,0,,
nuscenes_mini_subset,scene-1094_002,yaw,0.0,deg,3,Pedestrian,pedestrian,37.1,26.1,66.8,0.0,0,4,4,4,4,1.0,1.0
nuscenes_mini_subset,scene-1094_002,yaw,0.0,deg,4,Car,vehicle,8.1,439.9,407.0,0.0,0,381,381,381,381,1.0,1.0
nuscenes_mini_subset,scene-1094_002,yaw,0.0,deg,5,Pedestrian,pedestrian,36.1,37.4,69.8,0.0,0,4,4,4,4,1.0,1.0
nuscenes_mini_subset,scene-1094_002,yaw,0.0,deg,6,Pedestrian,pedestrian,22.7,43.1,103.2,0.0,2,0,0,0,0,,
nuscenes_mini_subset,scene-1094_002,yaw,0.0,deg,7,Pedestrian,pedestrian,37.7,41.6,63.8,0.0,2,1,1,1,1,1.0,1.0
nuscenes_mini_subset,scene-1094_002,yaw,0.0,deg,8,Car,vehicle,32.8,143.2,75.7,0.39,1,5,5,5,5,1.0,1.0
nuscenes_mini_subset,scene-1094_002,yaw,0.0,deg,9,Car,vehicle,34.2,181.6,64.1,0.0,2,2,2,2,2,1.0,1.0
nuscenes_mini_subset,scene-1094_002,yaw,0.0,deg,10,Pedestrian,pedestrian,26.1,44.7,92.4,0.0,0,3,3,3,3,1.0,1.0
nuscenes_mini_subset,scene-1094_002,yaw,0.0,deg,11,Pedestrian,pedestrian,13.3,105.4,196.2,0.04,0,13,13,13,13,1.0,1.0
nuscenes_mini_subset,scene-1094_002,yaw,0.0,deg,12,Pedestrian,pedestrian,23.7,52.9,99.0,0.0,0,6,6,6,6,1.0,1.0
nuscenes_mini_subset,scene-1094_002,yaw,0.0,deg,13,Car,vehicle,28.1,263.7,85.8,0.0,2,5,5,5,5,1.0,1.0
nuscenes_mini_subset,scene-1094_002,yaw,0.0,deg,14,Car,vehicle,30.5,313.4,145.1,0.0,0,64,64,64,64,1.0,1.0
nuscenes_mini_subset,scene-1094_002,yaw,0.0,deg,15,Pedestrian,pedestrian,14.4,115.4,162.1,0.0,0,18,18,18,18,1.0,1.0
nuscenes_mini_subset,scene-1094_002,yaw,0.0,deg,16,Pedestrian,pedestrian,37.3,32.5,63.7,0.0,0,2,2,2,2,1.0,1.0
nuscenes_mini_subset,scene-1094_002,yaw,0.0,deg,17,Bicycle,cyclist,30.4,79.4,49.9,0.0,0,6,6,6,6,1.0,1.0
nuscenes_mini_subset,scene-1094_002,yaw,0.5,deg,1,Car,vehicle,24.8,256.5,133.1,0.0,0,20,20,20,20,1.0,1.0
nuscenes_mini_subset,scene-1094_002,yaw,0.5,deg,2,Pedestrian,pedestrian,37.7,6.0,71.8,0.84,1,0,3,0,2,,0.6667
nuscenes_mini_subset,scene-1094_002,yaw,0.5,deg,3,Pedestrian,pedestrian,37.1,26.1,66.8,0.0,0,4,4,1,1,0.25,0.25
nuscenes_mini_subset,scene-1094_002,yaw,0.5,deg,4,Car,vehicle,8.1,439.9,407.0,0.0,0,381,381,380,380,0.9974,0.9974
nuscenes_mini_subset,scene-1094_002,yaw,0.5,deg,5,Pedestrian,pedestrian,36.1,37.4,69.8,0.0,0,4,4,3,3,0.75,0.75
nuscenes_mini_subset,scene-1094_002,yaw,0.5,deg,6,Pedestrian,pedestrian,22.7,43.1,103.2,0.0,2,0,0,0,0,,
nuscenes_mini_subset,scene-1094_002,yaw,0.5,deg,7,Pedestrian,pedestrian,37.7,41.6,63.8,0.0,2,1,1,1,1,1.0,1.0
nuscenes_mini_subset,scene-1094_002,yaw,0.5,deg,8,Car,vehicle,32.8,143.2,75.7,0.39,1,5,4,4,4,0.8,1.0
nuscenes_mini_subset,scene-1094_002,yaw,0.5,deg,9,Car,vehicle,34.2,181.6,64.1,0.0,2,2,2,2,2,1.0,1.0
nuscenes_mini_subset,scene-1094_002,yaw,0.5,deg,10,Pedestrian,pedestrian,26.1,44.7,92.4,0.0,0,3,3,3,3,1.0,1.0
nuscenes_mini_subset,scene-1094_002,yaw,0.5,deg,11,Pedestrian,pedestrian,13.3,105.4,196.2,0.04,0,13,13,13,13,1.0,1.0
nuscenes_mini_subset,scene-1094_002,yaw,0.5,deg,12,Pedestrian,pedestrian,23.7,52.9,99.0,0.0,0,6,6,6,6,1.0,1.0
nuscenes_mini_subset,scene-1094_002,yaw,0.5,deg,13,Car,vehicle,28.1,263.7,85.8,0.0,2,5,5,5,5,1.0,1.0
nuscenes_mini_subset,scene-1094_002,yaw,0.5,deg,14,Car,vehicle,30.5,313.4,145.1,0.0,0,64,64,64,64,1.0,1.0
nuscenes_mini_subset,scene-1094_002,yaw,0.5,deg,15,Pedestrian,pedestrian,14.4,115.4,162.1,0.0,0,18,18,18,18,1.0,1.0
nuscenes_mini_subset,scene-1094_002,yaw,0.5,deg,16,Pedestrian,pedestrian,37.3,32.5,63.7,0.0,0,2,2,2,2,1.0,1.0
nuscenes_mini_subset,scene-1094_002,yaw,0.5,deg,17,Bicycle,cyclist,30.4,79.4,49.9,0.0,0,6,6,6,6,1.0,1.0
nuscenes_mini_subset,scene-1094_002,yaw,1.0,deg,1,Car,vehicle,24.8,256.5,133.1,0.0,0,20,20,19,19,0.95,0.95
nuscenes_mini_subset,scene-1094_002,yaw,1.0,deg,2,Pedestrian,pedestrian,37.7,6.0,71.8,0.84,1,0,3,0,0,,0.0
nuscenes_mini_subset,scene-1094_002,yaw,1.0,deg,3,Pedestrian,pedestrian,37.1,26.1,66.8,0.0,0,4,4,0,0,0.0,0.0
nuscenes_mini_subset,scene-1094_002,yaw,1.0,deg,4,Car,vehicle,8.1,439.9,407.0,0.0,0,381,381,379,379,0.9948,0.9948
nuscenes_mini_subset,scene-1094_002,yaw,1.0,deg,5,Pedestrian,pedestrian,36.1,37.4,69.8,0.0,0,4,4,0,0,0.0,0.0
nuscenes_mini_subset,scene-1094_002,yaw,1.0,deg,6,Pedestrian,pedestrian,22.7,43.1,103.2,0.0,2,0,0,0,0,,
nuscenes_mini_subset,scene-1094_002,yaw,1.0,deg,7,Pedestrian,pedestrian,37.7,41.6,63.8,0.0,2,1,1,1,1,1.0,1.0
nuscenes_mini_subset,scene-1094_002,yaw,1.0,deg,8,Car,vehicle,32.8,143.2,75.7,0.39,1,5,2,2,2,0.4,1.0
nuscenes_mini_subset,scene-1094_002,yaw,1.0,deg,9,Car,vehicle,34.2,181.6,64.1,0.0,2,2,2,2,2,1.0,1.0
nuscenes_mini_subset,scene-1094_002,yaw,1.0,deg,10,Pedestrian,pedestrian,26.1,44.7,92.4,0.0,0,3,3,0,0,0.0,0.0
nuscenes_mini_subset,scene-1094_002,yaw,1.0,deg,11,Pedestrian,pedestrian,13.3,105.4,196.2,0.04,0,13,11,11,11,0.8462,1.0
nuscenes_mini_subset,scene-1094_002,yaw,1.0,deg,12,Pedestrian,pedestrian,23.7,52.9,99.0,0.0,0,6,6,3,3,0.5,0.5
nuscenes_mini_subset,scene-1094_002,yaw,1.0,deg,13,Car,vehicle,28.1,263.7,85.8,0.0,2,5,5,5,5,1.0,1.0
nuscenes_mini_subset,scene-1094_002,yaw,1.0,deg,14,Car,vehicle,30.5,313.4,145.1,0.0,0,64,64,63,63,0.9844,0.9844
nuscenes_mini_subset,scene-1094_002,yaw,1.0,deg,15,Pedestrian,pedestrian,14.4,115.4,162.1,0.0,0,18,18,16,16,0.8889,0.8889
nuscenes_mini_subset,scene-1094_002,yaw,1.0,deg,16,Pedestrian,pedestrian,37.3,32.5,63.7,0.0,0,2,2,0,0,0.0,0.0
nuscenes_mini_subset,scene-1094_002,yaw,1.0,deg,17,Bicycle,cyclist,30.4,79.4,49.9,0.0,0,6,6,6,6,1.0,1.0
nuscenes_mini_subset,scene-1094_002,yaw,2.0,deg,1,Car,vehicle,24.8,256.5,133.1,0.0,0,20,20,19,19,0.95,0.95
nuscenes_mini_subset,scene-1094_002,yaw,2.0,deg,2,Pedestrian,pedestrian,37.7,6.0,71.8,0.84,1,0,3,0,0,,0.0
nuscenes_mini_subset,scene-1094_002,yaw,2.0,deg,3,Pedestrian,pedestrian,37.1,26.1,66.8,0.0,0,4,4,0,0,0.0,0.0
nuscenes_mini_subset,scene-1094_002,yaw,2.0,deg,4,Car,vehicle,8.1,439.9,407.0,0.0,0,381,381,363,363,0.9528,0.9528
nuscenes_mini_subset,scene-1094_002,yaw,2.0,deg,5,Pedestrian,pedestrian,36.1,37.4,69.8,0.0,0,4,4,0,0,0.0,0.0
nuscenes_mini_subset,scene-1094_002,yaw,2.0,deg,6,Pedestrian,pedestrian,22.7,43.1,103.2,0.0,2,0,0,0,0,,
nuscenes_mini_subset,scene-1094_002,yaw,2.0,deg,7,Pedestrian,pedestrian,37.7,41.6,63.8,0.0,2,1,1,0,0,0.0,0.0
nuscenes_mini_subset,scene-1094_002,yaw,2.0,deg,8,Car,vehicle,32.8,143.2,75.7,0.39,1,5,0,0,0,0.0,
nuscenes_mini_subset,scene-1094_002,yaw,2.0,deg,9,Car,vehicle,34.2,181.6,64.1,0.0,2,2,2,0,0,0.0,0.0
nuscenes_mini_subset,scene-1094_002,yaw,2.0,deg,10,Pedestrian,pedestrian,26.1,44.7,92.4,0.0,0,3,3,0,0,0.0,0.0
nuscenes_mini_subset,scene-1094_002,yaw,2.0,deg,11,Pedestrian,pedestrian,13.3,105.4,196.2,0.04,0,13,4,4,4,0.3077,1.0
nuscenes_mini_subset,scene-1094_002,yaw,2.0,deg,12,Pedestrian,pedestrian,23.7,52.9,99.0,0.0,0,6,6,0,0,0.0,0.0
nuscenes_mini_subset,scene-1094_002,yaw,2.0,deg,13,Car,vehicle,28.1,263.7,85.8,0.0,2,5,5,5,5,1.0,1.0
nuscenes_mini_subset,scene-1094_002,yaw,2.0,deg,14,Car,vehicle,30.5,313.4,145.1,0.0,0,64,64,60,60,0.9375,0.9375
nuscenes_mini_subset,scene-1094_002,yaw,2.0,deg,15,Pedestrian,pedestrian,14.4,115.4,162.1,0.0,0,18,18,10,10,0.5556,0.5556
nuscenes_mini_subset,scene-1094_002,yaw,2.0,deg,16,Pedestrian,pedestrian,37.3,32.5,63.7,0.0,0,2,2,0,0,0.0,0.0
nuscenes_mini_subset,scene-1094_002,yaw,2.0,deg,17,Bicycle,cyclist,30.4,79.4,49.9,0.0,0,6,6,4,4,0.6667,0.6667
nuscenes_mini_subset,scene-1094_002,yaw,3.0,deg,1,Car,vehicle,24.8,256.5,133.1,0.0,0,20,20,19,19,0.95,0.95
nuscenes_mini_subset,scene-1094_002,yaw,3.0,deg,2,Pedestrian,pedestrian,37.7,6.0,71.8,0.84,1,0,3,0,0,,0.0
nuscenes_mini_subset,scene-1094_002,yaw,3.0,deg,3,Pedestrian,pedestrian,37.1,26.1,66.8,0.0,0,4,4,0,0,0.0,0.0
nuscenes_mini_subset,scene-1094_002,yaw,3.0,deg,4,Car,vehicle,8.1,439.9,407.0,0.0,0,381,381,336,336,0.8819,0.8819
nuscenes_mini_subset,scene-1094_002,yaw,3.0,deg,5,Pedestrian,pedestrian,36.1,37.4,69.8,0.0,0,4,4,0,0,0.0,0.0
nuscenes_mini_subset,scene-1094_002,yaw,3.0,deg,6,Pedestrian,pedestrian,22.7,43.1,103.2,0.0,2,0,0,0,0,,
nuscenes_mini_subset,scene-1094_002,yaw,3.0,deg,7,Pedestrian,pedestrian,37.7,41.6,63.8,0.0,2,1,1,0,0,0.0,0.0
nuscenes_mini_subset,scene-1094_002,yaw,3.0,deg,8,Car,vehicle,32.8,143.2,75.7,0.39,1,5,0,0,0,0.0,
nuscenes_mini_subset,scene-1094_002,yaw,3.0,deg,9,Car,vehicle,34.2,181.6,64.1,0.0,2,2,2,0,0,0.0,0.0
nuscenes_mini_subset,scene-1094_002,yaw,3.0,deg,10,Pedestrian,pedestrian,26.1,44.7,92.4,0.0,0,3,3,0,0,0.0,0.0
nuscenes_mini_subset,scene-1094_002,yaw,3.0,deg,11,Pedestrian,pedestrian,13.3,105.4,196.2,0.04,0,13,0,0,0,0.0,
nuscenes_mini_subset,scene-1094_002,yaw,3.0,deg,12,Pedestrian,pedestrian,23.7,52.9,99.0,0.0,0,6,6,0,0,0.0,0.0
nuscenes_mini_subset,scene-1094_002,yaw,3.0,deg,13,Car,vehicle,28.1,263.7,85.8,0.0,2,5,5,5,5,1.0,1.0
nuscenes_mini_subset,scene-1094_002,yaw,3.0,deg,14,Car,vehicle,30.5,313.4,145.1,0.0,0,64,64,57,57,0.8906,0.8906
nuscenes_mini_subset,scene-1094_002,yaw,3.0,deg,15,Pedestrian,pedestrian,14.4,115.4,162.1,0.0,0,18,18,4,4,0.2222,0.2222
nuscenes_mini_subset,scene-1094_002,yaw,3.0,deg,16,Pedestrian,pedestrian,37.3,32.5,63.7,0.0,0,2,2,0,0,0.0,0.0
nuscenes_mini_subset,scene-1094_002,yaw,3.0,deg,17,Bicycle,cyclist,30.4,79.4,49.9,0.0,0,6,6,1,1,0.1667,0.1667
nuscenes_mini_subset,scene-1094_003,yaw,0.0,deg,1,Car,vehicle,24.6,259.1,134.8,0.0,0,28,28,28,28,1.0,1.0
nuscenes_mini_subset,scene-1094_003,yaw,0.0,deg,2,Pedestrian,pedestrian,37.4,13.5,72.1,0.64,2,2,2,2,2,1.0,1.0
nuscenes_mini_subset,scene-1094_003,yaw,0.0,deg,3,Pedestrian,pedestrian,26.3,41.3,84.9,0.0,0,4,4,4,4,1.0,1.0
nuscenes_mini_subset,scene-1094_003,yaw,0.0,deg,4,Pedestrian,pedestrian,36.5,31.6,68.1,0.0,0,2,2,2,2,1.0,1.0
nuscenes_mini_subset,scene-1094_003,yaw,0.0,deg,5,Car,vehicle,8.3,441.0,398.1,0.0,0,373,373,373,373,1.0,1.0
nuscenes_mini_subset,scene-1094_003,yaw,0.0,deg,6,Pedestrian,pedestrian,35.4,31.2,70.7,0.0,0,3,3,3,3,1.0,1.0
nuscenes_mini_subset,scene-1094_003,yaw,0.0,deg,7,Pedestrian,pedestrian,23.0,42.5,102.0,0.0,2,0,0,0,0,,
nuscenes_mini_subset,scene-1094_003,yaw,0.0,deg,8,Pedestrian,pedestrian,37.4,43.5,63.8,0.0,0,1,1,1,1,1.0,1.0
nuscenes_mini_subset,scene-1094_003,yaw,0.0,deg,9,Car,vehicle,32.6,133.4,76.6,0.44,2,7,7,7,7,1.0,1.0
nuscenes_mini_subset,scene-1094_003,yaw,0.0,deg,10,Car,vehicle,33.9,182.8,64.5,0.0,2,0,0,0,0,,
nuscenes_mini_subset,scene-1094_003,yaw,0.0,deg,11,Pedestrian,pedestrian,26.3,45.1,92.4,0.0,0,4,4,4,4,1.0,1.0
nuscenes_mini_subset,scene-1094_003,yaw,0.0,deg,12,Car,vehicle,6.8,66.4,362.4,0.97,0,10,10,9,9,0.9,0.9
nuscenes_mini_subset,scene-1094_003,yaw,0.0,deg,13,Pedestrian,pedestrian,12.7,8.9,214.4,0.93,0,0,0,0,0,,
nuscenes_mini_subset,scene-1094_003,yaw,0.0,deg,14,Pedestrian,pedestrian,23.8,53.2,98.9,0.0,0,6,6,6,6,1.0,1.0
nuscenes_mini_subset,scene-1094_003,yaw,0.0,deg,15,Pedestrian,pedestrian,38.3,4.1,70.6,0.89,0,0,0,0,0,,
nuscenes_mini_subset,scene-1094_003,yaw,0.0,deg,16,Car,vehicle,28.0,266.4,86.6,0.0,2,6,6,6,6,1.0,1.0
nuscenes_mini_subset,scene-1094_003,yaw,0.0,deg,17,Car,vehicle,30.3,316.2,146.3,0.0,0,67,67,67,67,1.0,1.0
nuscenes_mini_subset,scene-1094_003,yaw,0.0,deg,18,Pedestrian,pedestrian,14.5,114.1,160.4,0.0,2,12,12,12,12,1.0,1.0
nuscenes_mini_subset,scene-1094_003,yaw,0.0,deg,19,Pedestrian,pedestrian,36.8,32.3,64.1,0.0,0,2,2,2,2,1.0,1.0
nuscenes_mini_subset,scene-1094_003,yaw,0.0,deg,20,Bicycle,cyclist,30.1,79.9,50.2,0.0,2,7,7,7,7,1.0,1.0
nuscenes_mini_subset,scene-1094_003,yaw,0.5,deg,1,Car,vehicle,24.6,259.1,134.8,0.0,0,28,28,27,27,0.9643,0.9643
nuscenes_mini_subset,scene-1094_003,yaw,0.5,deg,2,Pedestrian,pedestrian,37.4,13.5,72.1,0.64,2,2,3,0,1,0.0,0.3333
nuscenes_mini_subset,scene-1094_003,yaw,0.5,deg,3,Pedestrian,pedestrian,26.3,41.3,84.9,0.0,0,4,4,4,4,1.0,1.0
nuscenes_mini_subset,scene-1094_003,yaw,0.5,deg,4,Pedestrian,pedestrian,36.5,31.6,68.1,0.0,0,2,2,2,2,1.0,1.0
nuscenes_mini_subset,scene-1094_003,yaw,0.5,deg,5,Car,vehicle,8.3,441.0,398.1,0.0,0,373,373,372,372,0.9973,0.9973
nuscenes_mini_subset,scene-1094_003,yaw,0.5,deg,6,Pedestrian,pedestrian,35.4,31.2,70.7,0.0,0,3,3,2,2,0.6667,0.6667
nuscenes_mini_subset,scene-1094_003,yaw,0.5,deg,7,Pedestrian,pedestrian,23.0,42.5,102.0,0.0,2,0,0,0,0,,
nuscenes_mini_subset,scene-1094_003,yaw,0.5,deg,8,Pedestrian,pedestrian,37.4,43.5,63.8,0.0,0,1,1,1,1,1.0,1.0
nuscenes_mini_subset,scene-1094_003,yaw,0.5,deg,9,Car,vehicle,32.6,133.4,76.6,0.44,2,7,7,7,7,1.0,1.0
nuscenes_mini_subset,scene-1094_003,yaw,0.5,deg,10,Car,vehicle,33.9,182.8,64.5,0.0,2,0,0,0,0,,
nuscenes_mini_subset,scene-1094_003,yaw,0.5,deg,11,Pedestrian,pedestrian,26.3,45.1,92.4,0.0,0,4,4,4,4,1.0,1.0
nuscenes_mini_subset,scene-1094_003,yaw,0.5,deg,12,Car,vehicle,6.8,66.4,362.4,0.97,0,10,16,10,15,1.0,0.9375
nuscenes_mini_subset,scene-1094_003,yaw,0.5,deg,13,Pedestrian,pedestrian,12.7,8.9,214.4,0.93,0,0,0,0,0,,
nuscenes_mini_subset,scene-1094_003,yaw,0.5,deg,14,Pedestrian,pedestrian,23.8,53.2,98.9,0.0,0,6,6,6,6,1.0,1.0
nuscenes_mini_subset,scene-1094_003,yaw,0.5,deg,15,Pedestrian,pedestrian,38.3,4.1,70.6,0.89,0,0,0,0,0,,
nuscenes_mini_subset,scene-1094_003,yaw,0.5,deg,16,Car,vehicle,28.0,266.4,86.6,0.0,2,6,6,6,6,1.0,1.0
nuscenes_mini_subset,scene-1094_003,yaw,0.5,deg,17,Car,vehicle,30.3,316.2,146.3,0.0,0,67,67,67,67,1.0,1.0
nuscenes_mini_subset,scene-1094_003,yaw,0.5,deg,18,Pedestrian,pedestrian,14.5,114.1,160.4,0.0,2,12,12,12,12,1.0,1.0
nuscenes_mini_subset,scene-1094_003,yaw,0.5,deg,19,Pedestrian,pedestrian,36.8,32.3,64.1,0.0,0,2,2,1,1,0.5,0.5
nuscenes_mini_subset,scene-1094_003,yaw,0.5,deg,20,Bicycle,cyclist,30.1,79.9,50.2,0.0,2,7,7,6,6,0.8571,0.8571
nuscenes_mini_subset,scene-1094_003,yaw,1.0,deg,1,Car,vehicle,24.6,259.1,134.8,0.0,0,28,28,21,21,0.75,0.75
nuscenes_mini_subset,scene-1094_003,yaw,1.0,deg,2,Pedestrian,pedestrian,37.4,13.5,72.1,0.64,2,2,3,0,0,0.0,0.0
nuscenes_mini_subset,scene-1094_003,yaw,1.0,deg,3,Pedestrian,pedestrian,26.3,41.3,84.9,0.0,0,4,4,2,2,0.5,0.5
nuscenes_mini_subset,scene-1094_003,yaw,1.0,deg,4,Pedestrian,pedestrian,36.5,31.6,68.1,0.0,0,2,2,0,0,0.0,0.0
nuscenes_mini_subset,scene-1094_003,yaw,1.0,deg,5,Car,vehicle,8.3,441.0,398.1,0.0,0,373,373,371,371,0.9946,0.9946
nuscenes_mini_subset,scene-1094_003,yaw,1.0,deg,6,Pedestrian,pedestrian,35.4,31.2,70.7,0.0,0,3,3,0,0,0.0,0.0
nuscenes_mini_subset,scene-1094_003,yaw,1.0,deg,7,Pedestrian,pedestrian,23.0,42.5,102.0,0.0,2,0,0,0,0,,
nuscenes_mini_subset,scene-1094_003,yaw,1.0,deg,8,Pedestrian,pedestrian,37.4,43.5,63.8,0.0,0,1,1,1,1,1.0,1.0
nuscenes_mini_subset,scene-1094_003,yaw,1.0,deg,9,Car,vehicle,32.6,133.4,76.6,0.44,2,7,6,6,6,0.8571,1.0
nuscenes_mini_subset,scene-1094_003,yaw,1.0,deg,10,Car,vehicle,33.9,182.8,64.5,0.0,2,0,0,0,0,,
nuscenes_mini_subset,scene-1094_003,yaw,1.0,deg,11,Pedestrian,pedestrian,26.3,45.1,92.4,0.0,0,4,4,0,0,0.0,0.0
nuscenes_mini_subset,scene-1094_003,yaw,1.0,deg,12,Car,vehicle,6.8,66.4,362.4,0.97,0,10,20,9,19,0.9,0.95
nuscenes_mini_subset,scene-1094_003,yaw,1.0,deg,13,Pedestrian,pedestrian,12.7,8.9,214.4,0.93,0,0,0,0,0,,
nuscenes_mini_subset,scene-1094_003,yaw,1.0,deg,14,Pedestrian,pedestrian,23.8,53.2,98.9,0.0,0,6,6,3,3,0.5,0.5
nuscenes_mini_subset,scene-1094_003,yaw,1.0,deg,15,Pedestrian,pedestrian,38.3,4.1,70.6,0.89,0,0,0,0,0,,
nuscenes_mini_subset,scene-1094_003,yaw,1.0,deg,16,Car,vehicle,28.0,266.4,86.6,0.0,2,6,6,6,6,1.0,1.0
nuscenes_mini_subset,scene-1094_003,yaw,1.0,deg,17,Car,vehicle,30.3,316.2,146.3,0.0,0,67,67,65,65,0.9701,0.9701
nuscenes_mini_subset,scene-1094_003,yaw,1.0,deg,18,Pedestrian,pedestrian,14.5,114.1,160.4,0.0,2,12,12,12,12,1.0,1.0
nuscenes_mini_subset,scene-1094_003,yaw,1.0,deg,19,Pedestrian,pedestrian,36.8,32.3,64.1,0.0,0,2,2,0,0,0.0,0.0
nuscenes_mini_subset,scene-1094_003,yaw,1.0,deg,20,Bicycle,cyclist,30.1,79.9,50.2,0.0,2,7,7,6,6,0.8571,0.8571
nuscenes_mini_subset,scene-1094_003,yaw,2.0,deg,1,Car,vehicle,24.6,259.1,134.8,0.0,0,28,28,14,14,0.5,0.5
nuscenes_mini_subset,scene-1094_003,yaw,2.0,deg,2,Pedestrian,pedestrian,37.4,13.5,72.1,0.64,2,2,3,0,0,0.0,0.0
nuscenes_mini_subset,scene-1094_003,yaw,2.0,deg,3,Pedestrian,pedestrian,26.3,41.3,84.9,0.0,0,4,4,0,0,0.0,0.0
nuscenes_mini_subset,scene-1094_003,yaw,2.0,deg,4,Pedestrian,pedestrian,36.5,31.6,68.1,0.0,0,2,2,0,0,0.0,0.0
nuscenes_mini_subset,scene-1094_003,yaw,2.0,deg,5,Car,vehicle,8.3,441.0,398.1,0.0,0,373,373,357,357,0.9571,0.9571
nuscenes_mini_subset,scene-1094_003,yaw,2.0,deg,6,Pedestrian,pedestrian,35.4,31.2,70.7,0.0,0,3,3,0,0,0.0,0.0
nuscenes_mini_subset,scene-1094_003,yaw,2.0,deg,7,Pedestrian,pedestrian,23.0,42.5,102.0,0.0,2,0,0,0,0,,
nuscenes_mini_subset,scene-1094_003,yaw,2.0,deg,8,Pedestrian,pedestrian,37.4,43.5,63.8,0.0,0,1,1,0,0,0.0,0.0
nuscenes_mini_subset,scene-1094_003,yaw,2.0,deg,9,Car,vehicle,32.6,133.4,76.6,0.44,2,7,3,3,3,0.4286,1.0
nuscenes_mini_subset,scene-1094_003,yaw,2.0,deg,10,Car,vehicle,33.9,182.8,64.5,0.0,2,0,0,0,0,,
nuscenes_mini_subset,scene-1094_003,yaw,2.0,deg,11,Pedestrian,pedestrian,26.3,45.1,92.4,0.0,0,4,4,0,0,0.0,0.0
nuscenes_mini_subset,scene-1094_003,yaw,2.0,deg,12,Car,vehicle,6.8,66.4,362.4,0.97,0,10,30,2,22,0.2,0.7333
nuscenes_mini_subset,scene-1094_003,yaw,2.0,deg,13,Pedestrian,pedestrian,12.7,8.9,214.4,0.93,0,0,0,0,0,,
nuscenes_mini_subset,scene-1094_003,yaw,2.0,deg,14,Pedestrian,pedestrian,23.8,53.2,98.9,0.0,0,6,6,0,0,0.0,0.0
nuscenes_mini_subset,scene-1094_003,yaw,2.0,deg,15,Pedestrian,pedestrian,38.3,4.1,70.6,0.89,0,0,0,0,0,,
nuscenes_mini_subset,scene-1094_003,yaw,2.0,deg,16,Car,vehicle,28.0,266.4,86.6,0.0,2,6,6,6,6,1.0,1.0
nuscenes_mini_subset,scene-1094_003,yaw,2.0,deg,17,Car,vehicle,30.3,316.2,146.3,0.0,0,67,67,62,62,0.9254,0.9254
nuscenes_mini_subset,scene-1094_003,yaw,2.0,deg,18,Pedestrian,pedestrian,14.5,114.1,160.4,0.0,2,12,12,7,7,0.5833,0.5833
nuscenes_mini_subset,scene-1094_003,yaw,2.0,deg,19,Pedestrian,pedestrian,36.8,32.3,64.1,0.0,0,2,2,0,0,0.0,0.0
nuscenes_mini_subset,scene-1094_003,yaw,2.0,deg,20,Bicycle,cyclist,30.1,79.9,50.2,0.0,2,7,7,4,4,0.5714,0.5714
nuscenes_mini_subset,scene-1094_003,yaw,3.0,deg,1,Car,vehicle,24.6,259.1,134.8,0.0,0,28,28,14,14,0.5,0.5
nuscenes_mini_subset,scene-1094_003,yaw,3.0,deg,2,Pedestrian,pedestrian,37.4,13.5,72.1,0.64,2,2,3,0,0,0.0,0.0
nuscenes_mini_subset,scene-1094_003,yaw,3.0,deg,3,Pedestrian,pedestrian,26.3,41.3,84.9,0.0,0,4,4,0,0,0.0,0.0
nuscenes_mini_subset,scene-1094_003,yaw,3.0,deg,4,Pedestrian,pedestrian,36.5,31.6,68.1,0.0,0,2,2,0,0,0.0,0.0
nuscenes_mini_subset,scene-1094_003,yaw,3.0,deg,5,Car,vehicle,8.3,441.0,398.1,0.0,0,373,373,335,335,0.8981,0.8981
nuscenes_mini_subset,scene-1094_003,yaw,3.0,deg,6,Pedestrian,pedestrian,35.4,31.2,70.7,0.0,0,3,3,0,0,0.0,0.0
nuscenes_mini_subset,scene-1094_003,yaw,3.0,deg,7,Pedestrian,pedestrian,23.0,42.5,102.0,0.0,2,0,0,0,0,,
nuscenes_mini_subset,scene-1094_003,yaw,3.0,deg,8,Pedestrian,pedestrian,37.4,43.5,63.8,0.0,0,1,1,0,0,0.0,0.0
nuscenes_mini_subset,scene-1094_003,yaw,3.0,deg,9,Car,vehicle,32.6,133.4,76.6,0.44,2,7,0,0,0,0.0,
nuscenes_mini_subset,scene-1094_003,yaw,3.0,deg,10,Car,vehicle,33.9,182.8,64.5,0.0,2,0,0,0,0,,
nuscenes_mini_subset,scene-1094_003,yaw,3.0,deg,11,Pedestrian,pedestrian,26.3,45.1,92.4,0.0,0,4,4,0,0,0.0,0.0
nuscenes_mini_subset,scene-1094_003,yaw,3.0,deg,12,Car,vehicle,6.8,66.4,362.4,0.97,0,10,45,0,24,0.0,0.5333
nuscenes_mini_subset,scene-1094_003,yaw,3.0,deg,13,Pedestrian,pedestrian,12.7,8.9,214.4,0.93,0,0,0,0,0,,
nuscenes_mini_subset,scene-1094_003,yaw,3.0,deg,14,Pedestrian,pedestrian,23.8,53.2,98.9,0.0,0,6,6,0,0,0.0,0.0
nuscenes_mini_subset,scene-1094_003,yaw,3.0,deg,15,Pedestrian,pedestrian,38.3,4.1,70.6,0.89,0,0,0,0,0,,
nuscenes_mini_subset,scene-1094_003,yaw,3.0,deg,16,Car,vehicle,28.0,266.4,86.6,0.0,2,6,6,6,6,1.0,1.0
nuscenes_mini_subset,scene-1094_003,yaw,3.0,deg,17,Car,vehicle,30.3,316.2,146.3,0.0,0,67,67,59,59,0.8806,0.8806
nuscenes_mini_subset,scene-1094_003,yaw,3.0,deg,18,Pedestrian,pedestrian,14.5,114.1,160.4,0.0,2,12,12,3,3,0.25,0.25
nuscenes_mini_subset,scene-1094_003,yaw,3.0,deg,19,Pedestrian,pedestrian,36.8,32.3,64.1,0.0,0,2,2,0,0,0.0,0.0
nuscenes_mini_subset,scene-1094_003,yaw,3.0,deg,20,Bicycle,cyclist,30.1,79.9,50.2,0.0,2,7,7,1,1,0.1429,0.1429
nuscenes_mini_subset,scene-1094_004,yaw,0.0,deg,1,Car,vehicle,24.2,264.8,138.1,0.0,0,27,27,27,27,1.0,1.0
nuscenes_mini_subset,scene-1094_004,yaw,0.0,deg,2,Pedestrian,pedestrian,36.9,16.7,73.0,0.56,2,1,1,1,1,1.0,1.0
nuscenes_mini_subset,scene-1094_004,yaw,0.0,deg,3,Pedestrian,pedestrian,26.3,41.3,85.0,0.0,0,4,4,4,4,1.0,1.0
nuscenes_mini_subset,scene-1094_004,yaw,0.0,deg,4,Pedestrian,pedestrian,35.7,39.0,69.3,0.0,0,4,4,4,4,1.0,1.0
nuscenes_mini_subset,scene-1094_004,yaw,0.0,deg,5,Car,vehicle,8.4,439.9,386.1,0.0,0,367,367,367,367,1.0,1.0
nuscenes_mini_subset,scene-1094_004,yaw,0.0,deg,6,Pedestrian,pedestrian,34.4,34.0,72.5,0.0,0,5,5,5,5,1.0,1.0
nuscenes_mini_subset,scene-1094_004,yaw,0.0,deg,7,Pedestrian,pedestrian,23.0,42.4,102.0,0.0,2,0,0,0,0,,
nuscenes_mini_subset,scene-1094_004,yaw,0.0,deg,8,Pedestrian,pedestrian,36.9,45.3,64.5,0.0,0,0,0,0,0,,
nuscenes_mini_subset,scene-1094_004,yaw,0.0,deg,9,Car,vehicle,32.2,115.6,78.3,0.53,1,6,6,6,6,1.0,1.0
nuscenes_mini_subset,scene-1094_004,yaw,0.0,deg,10,Car,vehicle,33.5,185.4,65.3,0.0,2,0,0,0,0,,
nuscenes_mini_subset,scene-1094_004,yaw,0.0,deg,11,Pedestrian,pedestrian,26.3,46.0,93.3,0.0,0,4,4,4,4,1.0,1.0
nuscenes_mini_subset,scene-1094_004,yaw,0.0,deg,12,Car,vehicle,8.4,43.2,359.3,0.95,0,9,9,9,9,1.0,1.0
nuscenes_mini_subset,scene-1094_004,yaw,0.0,deg,13,Pedestrian,pedestrian,23.8,53.8,99.3,0.0,0,6,6,6,6,1.0,1.0
nuscenes_mini_subset,scene-1094_004,yaw,0.0,deg,14,Pedestrian,pedestrian,37.8,6.2,71.6,0.83,2,0,0,0,0,,
nuscenes_mini_subset,scene-1094_004,yaw,0.0,deg,15,Car,vehicle,27.5,272.1,88.4,0.0,2,5,5,5,5,1.0,1.0
nuscenes_mini_subset,scene-1094_004,yaw,0.0,deg,16,Car,vehicle,29.8,322.1,149.0,0.0,0,68,68,68,68,1.0,1.0
nuscenes_mini_subset,scene-1094_004,yaw,0.0,deg,17,Pedestrian,pedestrian,14.6,112.9,159.7,0.0,2,0,0,0,0,,
nuscenes_mini_subset,scene-1094_004,yaw,0.0,deg,18,Pedestrian,pedestrian,36.1,32.1,64.7,0.0,0,1,1,1,1,1.0,1.0
nuscenes_mini_subset,scene-1094_004,yaw,0.0,deg,19,Bicycle,cyclist,29.7,81.1,51.0,0.0,1,6,6,6,6,1.0,1.0
nuscenes_mini_subset,scene-1094_004,yaw,0.5,deg,1,Car,vehicle,24.2,264.8,138.1,0.0,0,27,27,26,26,0.963,0.963
nuscenes_mini_subset,scene-1094_004,yaw,0.5,deg,2,Pedestrian,pedestrian,36.9,16.7,73.0,0.56,2,1,1,0,0,0.0,0.0
nuscenes_mini_subset,scene-1094_004,yaw,0.5,deg,3,Pedestrian,pedestrian,26.3,41.3,85.0,0.0,0,4,4,4,4,1.0,1.0
nuscenes_mini_subset,scene-1094_004,yaw,0.5,deg,4,Pedestrian,pedestrian,35.7,39.0,69.3,0.0,0,4,4,4,4,1.0,1.0
nuscenes_mini_subset,scene-1094_004,yaw,0.5,deg,5,Car,vehicle,8.4,439.9,386.1,0.0,0,367,367,367,367,1.0,1.0
nuscenes_mini_subset,scene-1094_004,yaw,0.5,deg,6,Pedestrian,pedestrian,34.4,34.0,72.5,0.0,0,5,5,3,3,0.6,0.6
nuscenes_mini_subset,scene-1094_004,yaw,0.5,deg,7,Pedestrian,pedestrian,23.0,42.4,102.0,0.0,2,0,0,0,0,,
nuscenes_mini_subset,scene-1094_004,yaw,0.5,deg,8,Pedestrian,pedestrian,36.9,45.3,64.5,0.0,0,0,0,0,0,,
nuscenes_mini_subset,scene-1094_004,yaw,0.5,deg,9,Car,vehicle,32.2,115.6,78.3,0.53,1,6,5,5,5,0.8333,1.0
nuscenes_mini_subset,scene-1094_004,yaw,0.5,deg,10,Car,vehicle,33.5,185.4,65.3,0.0,2,0,0,0,0,,
nuscenes_mini_subset,scene-1094_004,yaw,0.5,deg,11,Pedestrian,pedestrian,26.3,46.0,93.3,0.0,0,4,4,3,3,0.75,0.75
nuscenes_mini_subset,scene-1094_004,yaw,0.5,deg,12,Car,vehicle,8.4,43.2,359.3,0.95,0,9,15,7,12,0.7778,0.8
nuscenes_mini_subset,scene-1094_004,yaw,0.5,deg,13,Pedestrian,pedestrian,23.8,53.8,99.3,0.0,0,6,6,6,6,1.0,1.0
nuscenes_mini_subset,scene-1094_004,yaw,0.5,deg,14,Pedestrian,pedestrian,37.8,6.2,71.6,0.83,2,0,1,0,0,,0.0
nuscenes_mini_subset,scene-1094_004,yaw,0.5,deg,15,Car,vehicle,27.5,272.1,88.4,0.0,2,5,5,5,5,1.0,1.0
nuscenes_mini_subset,scene-1094_004,yaw,0.5,deg,16,Car,vehicle,29.8,322.1,149.0,0.0,0,68,68,68,68,1.0,1.0
nuscenes_mini_subset,scene-1094_004,yaw,0.5,deg,17,Pedestrian,pedestrian,14.6,112.9,159.7,0.0,2,0,0,0,0,,
nuscenes_mini_subset,scene-1094_004,yaw,0.5,deg,18,Pedestrian,pedestrian,36.1,32.1,64.7,0.0,0,1,1,1,1,1.0,1.0
nuscenes_mini_subset,scene-1094_004,yaw,0.5,deg,19,Bicycle,cyclist,29.7,81.1,51.0,0.0,1,6,6,6,6,1.0,1.0
nuscenes_mini_subset,scene-1094_004,yaw,1.0,deg,1,Car,vehicle,24.2,264.8,138.1,0.0,0,27,27,22,22,0.8148,0.8148
nuscenes_mini_subset,scene-1094_004,yaw,1.0,deg,2,Pedestrian,pedestrian,36.9,16.7,73.0,0.56,2,1,1,0,0,0.0,0.0
nuscenes_mini_subset,scene-1094_004,yaw,1.0,deg,3,Pedestrian,pedestrian,26.3,41.3,85.0,0.0,0,4,4,0,0,0.0,0.0
nuscenes_mini_subset,scene-1094_004,yaw,1.0,deg,4,Pedestrian,pedestrian,35.7,39.0,69.3,0.0,0,4,4,2,2,0.5,0.5
nuscenes_mini_subset,scene-1094_004,yaw,1.0,deg,5,Car,vehicle,8.4,439.9,386.1,0.0,0,367,367,362,362,0.9864,0.9864
nuscenes_mini_subset,scene-1094_004,yaw,1.0,deg,6,Pedestrian,pedestrian,34.4,34.0,72.5,0.0,0,5,5,0,0,0.0,0.0
nuscenes_mini_subset,scene-1094_004,yaw,1.0,deg,7,Pedestrian,pedestrian,23.0,42.4,102.0,0.0,2,0,0,0,0,,
nuscenes_mini_subset,scene-1094_004,yaw,1.0,deg,8,Pedestrian,pedestrian,36.9,45.3,64.5,0.0,0,0,0,0,0,,
nuscenes_mini_subset,scene-1094_004,yaw,1.0,deg,9,Car,vehicle,32.2,115.6,78.3,0.53,1,6,3,3,3,0.5,1.0
nuscenes_mini_subset,scene-1094_004,yaw,1.0,deg,10,Car,vehicle,33.5,185.4,65.3,0.0,2,0,0,0,0,,
nuscenes_mini_subset,scene-1094_004,yaw,1.0,deg,11,Pedestrian,pedestrian,26.3,46.0,93.3,0.0,0,4,4,1,1,0.25,0.25
nuscenes_mini_subset,scene-1094_004,yaw,1.0,deg,12,Car,vehicle,8.4,43.2,359.3,0.95,0,9,17,3,11,0.3333,0.6471
nuscenes_mini_subset,scene-1094_004,yaw,1.0,deg,13,Pedestrian,pedestrian,23.8,53.8,99.3,0.0,0,6,6,4,4,0.6667,0.6667
nuscenes_mini_subset,scene-1094_004,yaw,1.0,deg,14,Pedestrian,pedestrian,37.8,6.2,71.6,0.83,2,0,1,0,0,,0.0
nuscenes_mini_subset,scene-1094_004,yaw,1.0,deg,15,Car,vehicle,27.5,272.1,88.4,0.0,2,5,5,5,5,1.0,1.0
nuscenes_mini_subset,scene-1094_004,yaw,1.0,deg,16,Car,vehicle,29.8,322.1,149.0,0.0,0,68,68,66,66,0.9706,0.9706
nuscenes_mini_subset,scene-1094_004,yaw,1.0,deg,17,Pedestrian,pedestrian,14.6,112.9,159.7,0.0,2,0,0,0,0,,
nuscenes_mini_subset,scene-1094_004,yaw,1.0,deg,18,Pedestrian,pedestrian,36.1,32.1,64.7,0.0,0,1,1,0,0,0.0,0.0
nuscenes_mini_subset,scene-1094_004,yaw,1.0,deg,19,Bicycle,cyclist,29.7,81.1,51.0,0.0,1,6,6,5,5,0.8333,0.8333
nuscenes_mini_subset,scene-1094_004,yaw,2.0,deg,1,Car,vehicle,24.2,264.8,138.1,0.0,0,27,27,21,21,0.7778,0.7778
nuscenes_mini_subset,scene-1094_004,yaw,2.0,deg,2,Pedestrian,pedestrian,36.9,16.7,73.0,0.56,2,1,1,0,0,0.0,0.0
nuscenes_mini_subset,scene-1094_004,yaw,2.0,deg,3,Pedestrian,pedestrian,26.3,41.3,85.0,0.0,0,4,4,0,0,0.0,0.0
nuscenes_mini_subset,scene-1094_004,yaw,2.0,deg,4,Pedestrian,pedestrian,35.7,39.0,69.3,0.0,0,4,4,0,0,0.0,0.0
nuscenes_mini_subset,scene-1094_004,yaw,2.0,deg,5,Car,vehicle,8.4,439.9,386.1,0.0,0,367,367,346,346,0.9428,0.9428
nuscenes_mini_subset,scene-1094_004,yaw,2.0,deg,6,Pedestrian,pedestrian,34.4,34.0,72.5,0.0,0,5,5,0,0,0.0,0.0
nuscenes_mini_subset,scene-1094_004,yaw,2.0,deg,7,Pedestrian,pedestrian,23.0,42.4,102.0,0.0,2,0,0,0,0,,
nuscenes_mini_subset,scene-1094_004,yaw,2.0,deg,8,Pedestrian,pedestrian,36.9,45.3,64.5,0.0,0,0,0,0,0,,
nuscenes_mini_subset,scene-1094_004,yaw,2.0,deg,9,Car,vehicle,32.2,115.6,78.3,0.53,1,6,1,1,1,0.1667,1.0
nuscenes_mini_subset,scene-1094_004,yaw,2.0,deg,10,Car,vehicle,33.5,185.4,65.3,0.0,2,0,0,0,0,,
nuscenes_mini_subset,scene-1094_004,yaw,2.0,deg,11,Pedestrian,pedestrian,26.3,46.0,93.3,0.0,0,4,4,0,0,0.0,0.0
nuscenes_mini_subset,scene-1094_004,yaw,2.0,deg,12,Car,vehicle,8.4,43.2,359.3,0.95,0,9,30,0,14,0.0,0.4667
nuscenes_mini_subset,scene-1094_004,yaw,2.0,deg,13,Pedestrian,pedestrian,23.8,53.8,99.3,0.0,0,6,6,0,0,0.0,0.0
nuscenes_mini_subset,scene-1094_004,yaw,2.0,deg,14,Pedestrian,pedestrian,37.8,6.2,71.6,0.83,2,0,1,0,0,,0.0
nuscenes_mini_subset,scene-1094_004,yaw,2.0,deg,15,Car,vehicle,27.5,272.1,88.4,0.0,2,5,5,5,5,1.0,1.0
nuscenes_mini_subset,scene-1094_004,yaw,2.0,deg,16,Car,vehicle,29.8,322.1,149.0,0.0,0,68,68,63,63,0.9265,0.9265
nuscenes_mini_subset,scene-1094_004,yaw,2.0,deg,17,Pedestrian,pedestrian,14.6,112.9,159.7,0.0,2,0,0,0,0,,
nuscenes_mini_subset,scene-1094_004,yaw,2.0,deg,18,Pedestrian,pedestrian,36.1,32.1,64.7,0.0,0,1,1,0,0,0.0,0.0
nuscenes_mini_subset,scene-1094_004,yaw,2.0,deg,19,Bicycle,cyclist,29.7,81.1,51.0,0.0,1,6,6,3,3,0.5,0.5
nuscenes_mini_subset,scene-1094_004,yaw,3.0,deg,1,Car,vehicle,24.2,264.8,138.1,0.0,0,27,24,21,21,0.7778,0.875
nuscenes_mini_subset,scene-1094_004,yaw,3.0,deg,2,Pedestrian,pedestrian,36.9,16.7,73.0,0.56,2,1,1,0,0,0.0,0.0
nuscenes_mini_subset,scene-1094_004,yaw,3.0,deg,3,Pedestrian,pedestrian,26.3,41.3,85.0,0.0,0,4,4,0,0,0.0,0.0
nuscenes_mini_subset,scene-1094_004,yaw,3.0,deg,4,Pedestrian,pedestrian,35.7,39.0,69.3,0.0,0,4,4,0,0,0.0,0.0
nuscenes_mini_subset,scene-1094_004,yaw,3.0,deg,5,Car,vehicle,8.4,439.9,386.1,0.0,0,367,367,322,322,0.8774,0.8774
nuscenes_mini_subset,scene-1094_004,yaw,3.0,deg,6,Pedestrian,pedestrian,34.4,34.0,72.5,0.0,0,5,5,0,0,0.0,0.0
nuscenes_mini_subset,scene-1094_004,yaw,3.0,deg,7,Pedestrian,pedestrian,23.0,42.4,102.0,0.0,2,0,0,0,0,,
nuscenes_mini_subset,scene-1094_004,yaw,3.0,deg,8,Pedestrian,pedestrian,36.9,45.3,64.5,0.0,0,0,0,0,0,,
nuscenes_mini_subset,scene-1094_004,yaw,3.0,deg,9,Car,vehicle,32.2,115.6,78.3,0.53,1,6,0,0,0,0.0,
nuscenes_mini_subset,scene-1094_004,yaw,3.0,deg,10,Car,vehicle,33.5,185.4,65.3,0.0,2,0,0,0,0,,
nuscenes_mini_subset,scene-1094_004,yaw,3.0,deg,11,Pedestrian,pedestrian,26.3,46.0,93.3,0.0,0,4,4,0,0,0.0,0.0
nuscenes_mini_subset,scene-1094_004,yaw,3.0,deg,12,Car,vehicle,8.4,43.2,359.3,0.95,0,9,40,0,15,0.0,0.375
nuscenes_mini_subset,scene-1094_004,yaw,3.0,deg,13,Pedestrian,pedestrian,23.8,53.8,99.3,0.0,0,6,6,0,0,0.0,0.0
nuscenes_mini_subset,scene-1094_004,yaw,3.0,deg,14,Pedestrian,pedestrian,37.8,6.2,71.6,0.83,2,0,1,0,0,,0.0
nuscenes_mini_subset,scene-1094_004,yaw,3.0,deg,15,Car,vehicle,27.5,272.1,88.4,0.0,2,5,5,5,5,1.0,1.0
nuscenes_mini_subset,scene-1094_004,yaw,3.0,deg,16,Car,vehicle,29.8,322.1,149.0,0.0,0,68,68,60,60,0.8824,0.8824
nuscenes_mini_subset,scene-1094_004,yaw,3.0,deg,17,Pedestrian,pedestrian,14.6,112.9,159.7,0.0,2,0,0,0,0,,
nuscenes_mini_subset,scene-1094_004,yaw,3.0,deg,18,Pedestrian,pedestrian,36.1,32.1,64.7,0.0,0,1,1,0,0,0.0,0.0
nuscenes_mini_subset,scene-1094_004,yaw,3.0,deg,19,Bicycle,cyclist,29.7,81.1,51.0,0.0,1,6,6,1,1,0.1667,0.1667
nuscenes_mini_subset,scene-1094_005,yaw,0.0,deg,1,Car,vehicle,23.5,274.6,144.7,0.0,0,30,30,30,30,1.0,1.0
nuscenes_mini_subset,scene-1094_005,yaw,0.0,deg,2,Pedestrian,pedestrian,36.1,14.1,74.6,0.63,2,2,2,1,1,0.5,0.5
nuscenes_mini_subset,scene-1094_005,yaw,0.0,deg,3,Pedestrian,pedestrian,25.9,42.0,86.2,0.0,0,3,3,3,3,1.0,1.0
nuscenes_mini_subset,scene-1094_005,yaw,0.0,deg,4,Pedestrian,pedestrian,34.8,33.8,70.5,0.0,0,2,2,2,2,1.0,1.0
nuscenes_mini_subset,scene-1094_005,yaw,0.0,deg,5,Car,vehicle,8.4,445.7,396.9,0.0,0,379,379,379,379,1.0,1.0
nuscenes_mini_subset,scene-1094_005,yaw,0.0,deg,6,Pedestrian,pedestrian,33.2,38.0,74.7,0.0,0,5,5,5,5,1.0,1.0
nuscenes_mini_subset,scene-1094_005,yaw,0.0,deg,7,Pedestrian,pedestrian,22.7,42.9,103.5,0.0,2,0,0,0,0,,
nuscenes_mini_subset,scene-1094_005,yaw,0.0,deg,8,Pedestrian,pedestrian,36.1,47.1,66.0,0.0,0,2,2,2,2,1.0,1.0
nuscenes_mini_subset,scene-1094_005,yaw,0.0,deg,9,Car,vehicle,31.6,86.7,81.7,0.66,1,0,0,0,0,,
nuscenes_mini_subset,scene-1094_005,yaw,0.0,deg,10,Car,vehicle,32.7,190.0,67.0,0.0,2,0,0,0,0,,
nuscenes_mini_subset,scene-1094_005,yaw,0.0,deg,11,Pedestrian,pedestrian,26.1,47.6,95.3,0.0,0,3,3,3,3,1.0,1.0
nuscenes_mini_subset,scene-1094_005,yaw,0.0,deg,12,Car,vehicle,9.8,4.7,350.0,0.99,0,0,0,0,0,,
nuscenes_mini_subset,scene-1094_005,yaw,0.0,deg,13,Pedestrian,pedestrian,23.4,55.4,101.5,0.0,0,6,6,6,6,1.0,1.0
nuscenes_mini_subset,scene-1094_005,yaw,0.0,deg,14,Pedestrian,pedestrian,37.1,7.2,72.9,0.81,2,0,0,0,0,,
nuscenes_mini_subset,scene-1094_005,yaw,0.0,deg,15,Car,vehicle,26.8,281.9,92.1,0.0,2,15,15,15,15,1.0,1.0
nuscenes_mini_subset,scene-1094_005,yaw,0.0,deg,16,Car,vehicle,29.1,332.5,153.7,0.0,0,74,74,74,74,1.0,1.0
nuscenes_mini_subset,scene-1094_005,yaw,0.0,deg,17,Pedestrian,pedestrian,14.3,114.4,162.9,0.0,2,0,0,0,0,,
nuscenes_mini_subset,scene-1094_005,yaw,0.0,deg,18,Pedestrian,pedestrian,35.2,32.4,66.0,0.0,2,3,3,3,3,1.0,1.0
nuscenes_mini_subset,scene-1094_005,yaw,0.0,deg,19,Bicycle,cyclist,28.9,83.1,52.4,0.0,1,6,6,6,6,1.0,1.0
nuscenes_mini_subset,scene-1094_005,yaw,0.5,deg,1,Car,vehicle,23.5,274.6,144.7,0.0,0,30,30,30,30,1.0,1.0
nuscenes_mini_subset,scene-1094_005,yaw,0.5,deg,2,Pedestrian,pedestrian,36.1,14.1,74.6,0.63,2,2,4,0,2,0.0,0.5
nuscenes_mini_subset,scene-1094_005,yaw,0.5,deg,3,Pedestrian,pedestrian,25.9,42.0,86.2,0.0,0,3,3,3,3,1.0,1.0
nuscenes_mini_subset,scene-1094_005,yaw,0.5,deg,4,Pedestrian,pedestrian,34.8,33.8,70.5,0.0,0,2,2,2,2,1.0,1.0
nuscenes_mini_subset,scene-1094_005,yaw,0.5,deg,5,Car,vehicle,8.4,445.7,396.9,0.0,0,379,379,377,377,0.9947,0.9947
nuscenes_mini_subset,scene-1094_005,yaw,0.5,deg,6,Pedestrian,pedestrian,33.2,38.0,74.7,0.0,0,5,5,3,3,0.6,0.6
nuscenes_mini_subset,scene-1094_005,yaw,0.5,deg,7,Pedestrian,pedestrian,22.7,42.9,103.5,0.0,2,0,0,0,0,,
nuscenes_mini_subset,scene-1094_005,yaw,0.5,deg,8,Pedestrian,pedestrian,36.1,47.1,66.0,0.0,0,2,2,2,2,1.0,1.0
nuscenes_mini_subset,scene-1094_005,yaw,0.5,deg,9,Car,vehicle,31.6,86.7,81.7,0.66,1,0,0,0,0,,
nuscenes_mini_subset,scene-1094_005,yaw,0.5,deg,10,Car,vehicle,32.7,190.0,67.0,0.0,2,0,0,0,0,,
nuscenes_mini_subset,scene-1094_005,yaw,0.5,deg,11,Pedestrian,pedestrian,26.1,47.6,95.3,0.0,0,3,3,3,3,1.0,1.0
nuscenes_mini_subset,scene-1094_005,yaw,0.5,deg,12,Car,vehicle,9.8,4.7,350.0,0.99,0,0,2,0,1,,0.5
nuscenes_mini_subset,scene-1094_005,yaw,0.5,deg,13,Pedestrian,pedestrian,23.4,55.4,101.5,0.0,0,6,6,6,6,1.0,1.0
nuscenes_mini_subset,scene-1094_005,yaw,0.5,deg,14,Pedestrian,pedestrian,37.1,7.2,72.9,0.81,2,0,0,0,0,,
nuscenes_mini_subset,scene-1094_005,yaw,0.5,deg,15,Car,vehicle,26.8,281.9,92.1,0.0,2,15,15,15,15,1.0,1.0
nuscenes_mini_subset,scene-1094_005,yaw,0.5,deg,16,Car,vehicle,29.1,332.5,153.7,0.0,0,74,74,74,74,1.0,1.0
nuscenes_mini_subset,scene-1094_005,yaw,0.5,deg,17,Pedestrian,pedestrian,14.3,114.4,162.9,0.0,2,0,0,0,0,,
nuscenes_mini_subset,scene-1094_005,yaw,0.5,deg,18,Pedestrian,pedestrian,35.2,32.4,66.0,0.0,2,3,3,2,2,0.6667,0.6667
nuscenes_mini_subset,scene-1094_005,yaw,0.5,deg,19,Bicycle,cyclist,28.9,83.1,52.4,0.0,1,6,6,6,6,1.0,1.0
nuscenes_mini_subset,scene-1094_005,yaw,1.0,deg,1,Car,vehicle,23.5,274.6,144.7,0.0,0,30,30,30,30,1.0,1.0
nuscenes_mini_subset,scene-1094_005,yaw,1.0,deg,2,Pedestrian,pedestrian,36.1,14.1,74.6,0.63,2,2,4,0,0,0.0,0.0
nuscenes_mini_subset,scene-1094_005,yaw,1.0,deg,3,Pedestrian,pedestrian,25.9,42.0,86.2,0.0,0,3,3,1,1,0.3333,0.3333
nuscenes_mini_subset,scene-1094_005,yaw,1.0,deg,4,Pedestrian,pedestrian,34.8,33.8,70.5,0.0,0,2,2,0,0,0.0,0.0
nuscenes_mini_subset,scene-1094_005,yaw,1.0,deg,5,Car,vehicle,8.4,445.7,396.9,0.0,0,379,379,370,370,0.9763,0.9763
nuscenes_mini_subset,scene-1094_005,yaw,1.0,deg,6,Pedestrian,pedestrian,33.2,38.0,74.7,0.0,0,5,5,0,0,0.0,0.0
nuscenes_mini_subset,scene-1094_005,yaw,1.0,deg,7,Pedestrian,pedestrian,22.7,42.9,103.5,0.0,2,0,0,0,0,,
nuscenes_mini_subset,scene-1094_005,yaw,1.0,deg,8,Pedestrian,pedestrian,36.1,47.1,66.0,0.0,0,2,2,0,0,0.0,0.0
nuscenes_mini_subset,scene-1094_005,yaw,1.0,deg,9,Car,vehicle,31.6,86.7,81.7,0.66,1,0,0,0,0,,
nuscenes_mini_subset,scene-1094_005,yaw,1.0,deg,10,Car,vehicle,32.7,190.0,67.0,0.0,2,0,0,0,0,,
nuscenes_mini_subset,scene-1094_005,yaw,1.0,deg,11,Pedestrian,pedestrian,26.1,47.6,95.3,0.0,0,3,3,0,0,0.0,0.0
nuscenes_mini_subset,scene-1094_005,yaw,1.0,deg,12,Car,vehicle,9.8,4.7,350.0,0.99,0,0,5,0,1,,0.2
nuscenes_mini_subset,scene-1094_005,yaw,1.0,deg,13,Pedestrian,pedestrian,23.4,55.4,101.5,0.0,0,6,6,3,3,0.5,0.5
nuscenes_mini_subset,scene-1094_005,yaw,1.0,deg,14,Pedestrian,pedestrian,37.1,7.2,72.9,0.81,2,0,0,0,0,,
nuscenes_mini_subset,scene-1094_005,yaw,1.0,deg,15,Car,vehicle,26.8,281.9,92.1,0.0,2,15,15,15,15,1.0,1.0
nuscenes_mini_subset,scene-1094_005,yaw,1.0,deg,16,Car,vehicle,29.1,332.5,153.7,0.0,0,74,74,73,73,0.9865,0.9865
nuscenes_mini_subset,scene-1094_005,yaw,1.0,deg,17,Pedestrian,pedestrian,14.3,114.4,162.9,0.0,2,0,0,0,0,,
nuscenes_mini_subset,scene-1094_005,yaw,1.0,deg,18,Pedestrian,pedestrian,35.2,32.4,66.0,0.0,2,3,3,0,0,0.0,0.0
nuscenes_mini_subset,scene-1094_005,yaw,1.0,deg,19,Bicycle,cyclist,28.9,83.1,52.4,0.0,1,6,6,5,5,0.8333,0.8333
nuscenes_mini_subset,scene-1094_005,yaw,2.0,deg,1,Car,vehicle,23.5,274.6,144.7,0.0,0,30,30,30,30,1.0,1.0
nuscenes_mini_subset,scene-1094_005,yaw,2.0,deg,2,Pedestrian,pedestrian,36.1,14.1,74.6,0.63,2,2,4,0,0,0.0,0.0
nuscenes_mini_subset,scene-1094_005,yaw,2.0,deg,3,Pedestrian,pedestrian,25.9,42.0,86.2,0.0,0,3,3,0,0,0.0,0.0
nuscenes_mini_subset,scene-1094_005,yaw,2.0,deg,4,Pedestrian,pedestrian,34.8,33.8,70.5,0.0,0,2,2,0,0,0.0,0.0
nuscenes_mini_subset,scene-1094_005,yaw,2.0,deg,5,Car,vehicle,8.4,445.7,396.9,0.0,0,379,379,351,351,0.9261,0.9261
nuscenes_mini_subset,scene-1094_005,yaw,2.0,deg,6,Pedestrian,pedestrian,33.2,38.0,74.7,0.0,0,5,5,0,0,0.0,0.0
nuscenes_mini_subset,scene-1094_005,yaw,2.0,deg,7,Pedestrian,pedestrian,22.7,42.9,103.5,0.0,2,0,0,0,0,,
nuscenes_mini_subset,scene-1094_005,yaw,2.0,deg,8,Pedestrian,pedestrian,36.1,47.1,66.0,0.0,0,2,2,0,0,0.0,0.0
nuscenes_mini_subset,scene-1094_005,yaw,2.0,deg,9,Car,vehicle,31.6,86.7,81.7,0.66,1,0,0,0,0,,
nuscenes_mini_subset,scene-1094_005,yaw,2.0,deg,10,Car,vehicle,32.7,190.0,67.0,0.0,2,0,0,0,0,,
nuscenes_mini_subset,scene-1094_005,yaw,2.0,deg,11,Pedestrian,pedestrian,26.1,47.6,95.3,0.0,0,3,3,0,0,0.0,0.0
nuscenes_mini_subset,scene-1094_005,yaw,2.0,deg,12,Car,vehicle,9.8,4.7,350.0,0.99,0,0,13,0,1,,0.0769
nuscenes_mini_subset,scene-1094_005,yaw,2.0,deg,13,Pedestrian,pedestrian,23.4,55.4,101.5,0.0,0,6,6,0,0,0.0,0.0
nuscenes_mini_subset,scene-1094_005,yaw,2.0,deg,14,Pedestrian,pedestrian,37.1,7.2,72.9,0.81,2,0,0,0,0,,
nuscenes_mini_subset,scene-1094_005,yaw,2.0,deg,15,Car,vehicle,26.8,281.9,92.1,0.0,2,15,15,15,15,1.0,1.0
nuscenes_mini_subset,scene-1094_005,yaw,2.0,deg,16,Car,vehicle,29.1,332.5,153.7,0.0,0,74,74,70,70,0.9459,0.9459
nuscenes_mini_subset,scene-1094_005,yaw,2.0,deg,17,Pedestrian,pedestrian,14.3,114.4,162.9,0.0,2,0,0,0,0,,
nuscenes_mini_subset,scene-1094_005,yaw,2.0,deg,18,Pedestrian,pedestrian,35.2,32.4,66.0,0.0,2,3,3,0,0,0.0,0.0
nuscenes_mini_subset,scene-1094_005,yaw,2.0,deg,19,Bicycle,cyclist,28.9,83.1,52.4,0.0,1,6,6,2,2,0.3333,0.3333
nuscenes_mini_subset,scene-1094_005,yaw,3.0,deg,1,Car,vehicle,23.5,274.6,144.7,0.0,0,30,30,29,29,0.9667,0.9667
nuscenes_mini_subset,scene-1094_005,yaw,3.0,deg,2,Pedestrian,pedestrian,36.1,14.1,74.6,0.63,2,2,4,0,0,0.0,0.0
nuscenes_mini_subset,scene-1094_005,yaw,3.0,deg,3,Pedestrian,pedestrian,25.9,42.0,86.2,0.0,0,3,3,0,0,0.0,0.0
nuscenes_mini_subset,scene-1094_005,yaw,3.0,deg,4,Pedestrian,pedestrian,34.8,33.8,70.5,0.0,0,2,2,0,0,0.0,0.0
nuscenes_mini_subset,scene-1094_005,yaw,3.0,deg,5,Car,vehicle,8.4,445.7,396.9,0.0,0,379,379,331,331,0.8734,0.8734
nuscenes_mini_subset,scene-1094_005,yaw,3.0,deg,6,Pedestrian,pedestrian,33.2,38.0,74.7,0.0,0,5,5,0,0,0.0,0.0
nuscenes_mini_subset,scene-1094_005,yaw,3.0,deg,7,Pedestrian,pedestrian,22.7,42.9,103.5,0.0,2,0,0,0,0,,
nuscenes_mini_subset,scene-1094_005,yaw,3.0,deg,8,Pedestrian,pedestrian,36.1,47.1,66.0,0.0,0,2,2,0,0,0.0,0.0
nuscenes_mini_subset,scene-1094_005,yaw,3.0,deg,9,Car,vehicle,31.6,86.7,81.7,0.66,1,0,0,0,0,,
nuscenes_mini_subset,scene-1094_005,yaw,3.0,deg,10,Car,vehicle,32.7,190.0,67.0,0.0,2,0,0,0,0,,
nuscenes_mini_subset,scene-1094_005,yaw,3.0,deg,11,Pedestrian,pedestrian,26.1,47.6,95.3,0.0,0,3,3,0,0,0.0,0.0
nuscenes_mini_subset,scene-1094_005,yaw,3.0,deg,12,Car,vehicle,9.8,4.7,350.0,0.99,0,0,21,0,0,,0.0
nuscenes_mini_subset,scene-1094_005,yaw,3.0,deg,13,Pedestrian,pedestrian,23.4,55.4,101.5,0.0,0,6,6,0,0,0.0,0.0
nuscenes_mini_subset,scene-1094_005,yaw,3.0,deg,14,Pedestrian,pedestrian,37.1,7.2,72.9,0.81,2,0,0,0,0,,
nuscenes_mini_subset,scene-1094_005,yaw,3.0,deg,15,Car,vehicle,26.8,281.9,92.1,0.0,2,15,15,15,15,1.0,1.0
nuscenes_mini_subset,scene-1094_005,yaw,3.0,deg,16,Car,vehicle,29.1,332.5,153.7,0.0,0,74,74,65,65,0.8784,0.8784
nuscenes_mini_subset,scene-1094_005,yaw,3.0,deg,17,Pedestrian,pedestrian,14.3,114.4,162.9,0.0,2,0,0,0,0,,
nuscenes_mini_subset,scene-1094_005,yaw,3.0,deg,18,Pedestrian,pedestrian,35.2,32.4,66.0,0.0,2,3,3,0,0,0.0,0.0
nuscenes_mini_subset,scene-1094_005,yaw,3.0,deg,19,Bicycle,cyclist,28.9,83.1,52.4,0.0,1,6,6,0,0,0.0,0.0
nuscenes_mini_subset,scene-1094_006,yaw,0.0,deg,1,Car,vehicle,22.6,272.6,150.8,0.06,0,50,50,50,50,1.0,1.0
nuscenes_mini_subset,scene-1094_006,yaw,0.0,deg,2,Pedestrian,pedestrian,25.3,43.4,88.2,0.0,0,3,3,3,3,1.0,1.0
nuscenes_mini_subset,scene-1094_006,yaw,0.0,deg,3,Pedestrian,pedestrian,33.9,33.3,72.1,0.0,0,4,4,4,4,1.0,1.0
nuscenes_mini_subset,scene-1094_006,yaw,0.0,deg,4,Car,vehicle,8.2,494.2,406.6,0.0,0,415,415,415,415,1.0,1.0
nuscenes_mini_subset,scene-1094_006,yaw,0.0,deg,5,Pedestrian,pedestrian,31.8,41.6,77.5,0.0,0,5,5,5,5,1.0,1.0
nuscenes_mini_subset,scene-1094_006,yaw,0.0,deg,6,Pedestrian,pedestrian,22.1,44.0,105.8,0.0,2,0,0,0,0,,
nuscenes_mini_subset,scene-1094_006,yaw,0.0,deg,7,Pedestrian,pedestrian,34.9,47.8,67.7,0.0,2,3,3,3,3,1.0,1.0
nuscenes_mini_subset,scene-1094_006,yaw,0.0,deg,8,Car,vehicle,30.8,50.0,84.2,0.81,2,0,0,0,0,,
nuscenes_mini_subset,scene-1094_006,yaw,0.0,deg,9,Car,vehicle,31.7,196.4,68.2,0.0,2,0,0,0,0,,
nuscenes_mini_subset,scene-1094_006,yaw,0.0,deg,10,Pedestrian,pedestrian,25.6,49.7,98.1,0.0,0,6,6,6,6,1.0,1.0
nuscenes_mini_subset,scene-1094_006,yaw,0.0,deg,11,Pedestrian,pedestrian,22.9,57.3,103.8,0.0,0,6,6,6,6,1.0,1.0
nuscenes_mini_subset,scene-1094_006,yaw,0.0,deg,12,Pedestrian,pedestrian,36.2,6.7,74.5,0.83,0,0,0,0,0,,
nuscenes_mini_subset,scene-1094_006,yaw,0.0,deg,13,Car,vehicle,25.9,296.3,95.2,0.0,2,10,10,10,10,1.0,1.0
nuscenes_mini_subset,scene-1094_006,yaw,0.0,deg,14,Car,vehicle,28.2,347.3,160.4,0.0,0,64,64,64,64,1.0,1.0
nuscenes_mini_subset,scene-1094_006,yaw,0.0,deg,15,Pedestrian,pedestrian,13.8,118.0,168.2,0.0,2,0,0,0,0,,
nuscenes_mini_subset,scene-1094_006,yaw,0.0,deg,16,Pedestrian,pedestrian,34.1,33.0,67.6,0.0,1,1,1,1,1,1.0,1.0
nuscenes_mini_subset,scene-1094_006,yaw,0.0,deg,17,Bicycle,cyclist,27.9,85.9,54.0,0.0,0,11,11,11,11,1.0,1.0
nuscenes_mini_subset,scene-1094_006,yaw,0.5,deg,1,Car,vehicle,22.6,272.6,150.8,0.06,0,50,50,50,50,1.0,1.0
nuscenes_mini_subset,scene-1094_006,yaw,0.5,deg,2,Pedestrian,pedestrian,25.3,43.4,88.2,0.0,0,3,3,3,3,1.0,1.0
nuscenes_mini_subset,scene-1094_006,yaw,0.5,deg,3,Pedestrian,pedestrian,33.9,33.3,72.1,0.0,0,4,4,2,2,0.5,0.5
nuscenes_mini_subset,scene-1094_006,yaw,0.5,deg,4,Car,vehicle,8.2,494.2,406.6,0.0,0,415,415,413,413,0.9952,0.9952
nuscenes_mini_subset,scene-1094_006,yaw,0.5,deg,5,Pedestrian,pedestrian,31.8,41.6,77.5,0.0,0,5,5,3,3,0.6,0.6
nuscenes_mini_subset,scene-1094_006,yaw,0.5,deg,6,Pedestrian,pedestrian,22.1,44.0,105.8,0.0,2,0,0,0,0,,
nuscenes_mini_subset,scene-1094_006,yaw,0.5,deg,7,Pedestrian,pedestrian,34.9,47.8,67.7,0.0,2,3,3,3,3,1.0,1.0
nuscenes_mini_subset,scene-1094_006,yaw,0.5,deg,8,Car,vehicle,30.8,50.0,84.2,0.81,2,0,0,0,0,,
nuscenes_mini_subset,scene-1094_006,yaw,0.5,deg,9,Car,vehicle,31.7,196.4,68.2,0.0,2,0,0,0,0,,
nuscenes_mini_subset,scene-1094_006,yaw,0.5,deg,10,Pedestrian,pedestrian,25.6,49.7,98.1,0.0,0,6,6,6,6,1.0,1.0
nuscenes_mini_subset,scene-1094_006,yaw,0.5,deg,11,Pedestrian,pedestrian,22.9,57.3,103.8,0.0,0,6,6,6,6,1.0,1.0
nuscenes_mini_subset,scene-1094_006,yaw,0.5,deg,12,Pedestrian,pedestrian,36.2,6.7,74.5,0.83,0,0,1,0,1,,1.0
nuscenes_mini_subset,scene-1094_006,yaw,0.5,deg,13,Car,vehicle,25.9,296.3,95.2,0.0,2,10,10,10,10,1.0,1.0
nuscenes_mini_subset,scene-1094_006,yaw,0.5,deg,14,Car,vehicle,28.2,347.3,160.4,0.0,0,64,64,64,64,1.0,1.0
nuscenes_mini_subset,scene-1094_006,yaw,0.5,deg,15,Pedestrian,pedestrian,13.8,118.0,168.2,0.0,2,0,0,0,0,,
nuscenes_mini_subset,scene-1094_006,yaw,0.5,deg,16,Pedestrian,pedestrian,34.1,33.0,67.6,0.0,1,1,1,1,1,1.0,1.0
nuscenes_mini_subset,scene-1094_006,yaw,0.5,deg,17,Bicycle,cyclist,27.9,85.9,54.0,0.0,0,11,11,10,10,0.9091,0.9091
nuscenes_mini_subset,scene-1094_006,yaw,1.0,deg,1,Car,vehicle,22.6,272.6,150.8,0.06,0,50,48,48,48,0.96,1.0
nuscenes_mini_subset,scene-1094_006,yaw,1.0,deg,2,Pedestrian,pedestrian,25.3,43.4,88.2,0.0,0,3,3,3,3,1.0,1.0
nuscenes_mini_subset,scene-1094_006,yaw,1.0,deg,3,Pedestrian,pedestrian,33.9,33.3,72.1,0.0,0,4,4,1,1,0.25,0.25
nuscenes_mini_subset,scene-1094_006,yaw,1.0,deg,4,Car,vehicle,8.2,494.2,406.6,0.0,0,415,415,406,406,0.9783,0.9783
nuscenes_mini_subset,scene-1094_006,yaw,1.0,deg,5,Pedestrian,pedestrian,31.8,41.6,77.5,0.0,0,5,5,1,1,0.2,0.2
nuscenes_mini_subset,scene-1094_006,yaw,1.0,deg,6,Pedestrian,pedestrian,22.1,44.0,105.8,0.0,2,0,0,0,0,,
nuscenes_mini_subset,scene-1094_006,yaw,1.0,deg,7,Pedestrian,pedestrian,34.9,47.8,67.7,0.0,2,3,3,1,1,0.3333,0.3333
nuscenes_mini_subset,scene-1094_006,yaw,1.0,deg,8,Car,vehicle,30.8,50.0,84.2,0.81,2,0,0,0,0,,
nuscenes_mini_subset,scene-1094_006,yaw,1.0,deg,9,Car,vehicle,31.7,196.4,68.2,0.0,2,0,0,0,0,,
nuscenes_mini_subset,scene-1094_006,yaw,1.0,deg,10,Pedestrian,pedestrian,25.6,49.7,98.1,0.0,0,6,6,2,2,0.3333,0.3333
nuscenes_mini_subset,scene-1094_006,yaw,1.0,deg,11,Pedestrian,pedestrian,22.9,57.3,103.8,0.0,0,6,6,4,4,0.6667,0.6667
nuscenes_mini_subset,scene-1094_006,yaw,1.0,deg,12,Pedestrian,pedestrian,36.2,6.7,74.5,0.83,0,0,1,0,0,,0.0
nuscenes_mini_subset,scene-1094_006,yaw,1.0,deg,13,Car,vehicle,25.9,296.3,95.2,0.0,2,10,10,10,10,1.0,1.0
nuscenes_mini_subset,scene-1094_006,yaw,1.0,deg,14,Car,vehicle,28.2,347.3,160.4,0.0,0,64,64,63,63,0.9844,0.9844
nuscenes_mini_subset,scene-1094_006,yaw,1.0,deg,15,Pedestrian,pedestrian,13.8,118.0,168.2,0.0,2,0,0,0,0,,
nuscenes_mini_subset,scene-1094_006,yaw,1.0,deg,16,Pedestrian,pedestrian,34.1,33.0,67.6,0.0,1,1,1,0,0,0.0,0.0
nuscenes_mini_subset,scene-1094_006,yaw,1.0,deg,17,Bicycle,cyclist,27.9,85.9,54.0,0.0,0,11,11,9,9,0.8182,0.8182
nuscenes_mini_subset,scene-1094_006,yaw,2.0,deg,1,Car,vehicle,22.6,272.6,150.8,0.06,0,50,41,41,41,0.82,1.0
nuscenes_mini_subset,scene-1094_006,yaw,2.0,deg,2,Pedestrian,pedestrian,25.3,43.4,88.2,0.0,0,3,3,0,0,0.0,0.0
nuscenes_mini_subset,scene-1094_006,yaw,2.0,deg,3,Pedestrian,pedestrian,33.9,33.3,72.1,0.0,0,4,4,0,0,0.0,0.0
nuscenes_mini_subset,scene-1094_006,yaw,2.0,deg,4,Car,vehicle,8.2,494.2,406.6,0.0,0,415,415,391,391,0.9422,0.9422
nuscenes_mini_subset,scene-1094_006,yaw,2.0,deg,5,Pedestrian,pedestrian,31.8,41.6,77.5,0.0,0,5,5,0,0,0.0,0.0
nuscenes_mini_subset,scene-1094_006,yaw,2.0,deg,6,Pedestrian,pedestrian,22.1,44.0,105.8,0.0,2,0,0,0,0,,
nuscenes_mini_subset,scene-1094_006,yaw,2.0,deg,7,Pedestrian,pedestrian,34.9,47.8,67.7,0.0,2,3,3,0,0,0.0,0.0
nuscenes_mini_subset,scene-1094_006,yaw,2.0,deg,8,Car,vehicle,30.8,50.0,84.2,0.81,2,0,0,0,0,,
nuscenes_mini_subset,scene-1094_006,yaw,2.0,deg,9,Car,vehicle,31.7,196.4,68.2,0.0,2,0,0,0,0,,
nuscenes_mini_subset,scene-1094_006,yaw,2.0,deg,10,Pedestrian,pedestrian,25.6,49.7,98.1,0.0,0,6,6,0,0,0.0,0.0
nuscenes_mini_subset,scene-1094_006,yaw,2.0,deg,11,Pedestrian,pedestrian,22.9,57.3,103.8,0.0,0,6,6,0,0,0.0,0.0
nuscenes_mini_subset,scene-1094_006,yaw,2.0,deg,12,Pedestrian,pedestrian,36.2,6.7,74.5,0.83,0,0,1,0,0,,0.0
nuscenes_mini_subset,scene-1094_006,yaw,2.0,deg,13,Car,vehicle,25.9,296.3,95.2,0.0,2,10,10,10,10,1.0,1.0
nuscenes_mini_subset,scene-1094_006,yaw,2.0,deg,14,Car,vehicle,28.2,347.3,160.4,0.0,0,64,64,61,61,0.9531,0.9531
nuscenes_mini_subset,scene-1094_006,yaw,2.0,deg,15,Pedestrian,pedestrian,13.8,118.0,168.2,0.0,2,0,0,0,0,,
nuscenes_mini_subset,scene-1094_006,yaw,2.0,deg,16,Pedestrian,pedestrian,34.1,33.0,67.6,0.0,1,1,1,0,0,0.0,0.0
nuscenes_mini_subset,scene-1094_006,yaw,2.0,deg,17,Bicycle,cyclist,27.9,85.9,54.0,0.0,0,11,11,7,7,0.6364,0.6364
nuscenes_mini_subset,scene-1094_006,yaw,3.0,deg,1,Car,vehicle,22.6,272.6,150.8,0.06,0,50,33,33,33,0.66,1.0
nuscenes_mini_subset,scene-1094_006,yaw,3.0,deg,2,Pedestrian,pedestrian,25.3,43.4,88.2,0.0,0,3,3,0,0,0.0,0.0
nuscenes_mini_subset,scene-1094_006,yaw,3.0,deg,3,Pedestrian,pedestrian,33.9,33.3,72.1,0.0,0,4,4,0,0,0.0,0.0
nuscenes_mini_subset,scene-1094_006,yaw,3.0,deg,4,Car,vehicle,8.2,494.2,406.6,0.0,0,415,415,370,370,0.8916,0.8916
nuscenes_mini_subset,scene-1094_006,yaw,3.0,deg,5,Pedestrian,pedestrian,31.8,41.6,77.5,0.0,0,5,5,0,0,0.0,0.0
nuscenes_mini_subset,scene-1094_006,yaw,3.0,deg,6,Pedestrian,pedestrian,22.1,44.0,105.8,0.0,2,0,0,0,0,,
nuscenes_mini_subset,scene-1094_006,yaw,3.0,deg,7,Pedestrian,pedestrian,34.9,47.8,67.7,0.0,2,3,3,0,0,0.0,0.0
nuscenes_mini_subset,scene-1094_006,yaw,3.0,deg,8,Car,vehicle,30.8,50.0,84.2,0.81,2,0,0,0,0,,
nuscenes_mini_subset,scene-1094_006,yaw,3.0,deg,9,Car,vehicle,31.7,196.4,68.2,0.0,2,0,0,0,0,,
nuscenes_mini_subset,scene-1094_006,yaw,3.0,deg,10,Pedestrian,pedestrian,25.6,49.7,98.1,0.0,0,6,6,0,0,0.0,0.0
nuscenes_mini_subset,scene-1094_006,yaw,3.0,deg,11,Pedestrian,pedestrian,22.9,57.3,103.8,0.0,0,6,6,0,0,0.0,0.0
nuscenes_mini_subset,scene-1094_006,yaw,3.0,deg,12,Pedestrian,pedestrian,36.2,6.7,74.5,0.83,0,0,1,0,0,,0.0
nuscenes_mini_subset,scene-1094_006,yaw,3.0,deg,13,Car,vehicle,25.9,296.3,95.2,0.0,2,10,10,10,10,1.0,1.0
nuscenes_mini_subset,scene-1094_006,yaw,3.0,deg,14,Car,vehicle,28.2,347.3,160.4,0.0,0,64,64,58,58,0.9062,0.9062
nuscenes_mini_subset,scene-1094_006,yaw,3.0,deg,15,Pedestrian,pedestrian,13.8,118.0,168.2,0.0,2,0,0,0,0,,
nuscenes_mini_subset,scene-1094_006,yaw,3.0,deg,16,Pedestrian,pedestrian,34.1,33.0,67.6,0.0,1,1,1,0,0,0.0,0.0
nuscenes_mini_subset,scene-1094_006,yaw,3.0,deg,17,Bicycle,cyclist,27.9,85.9,54.0,0.0,0,11,11,3,3,0.2727,0.2727
nuscenes_mini_subset,scene-1094_007,yaw,0.0,deg,0,Car,vehicle,21.4,229.4,162.2,0.26,0,47,47,47,47,1.0,1.0
nuscenes_mini_subset,scene-1094_007,yaw,0.0,deg,1,Pedestrian,pedestrian,20.8,45.9,105.7,0.0,0,2,2,2,2,1.0,1.0
nuscenes_mini_subset,scene-1094_007,yaw,0.0,deg,2,Pedestrian,pedestrian,24.4,45.5,91.4,0.0,0,6,6,6,6,1.0,1.0
nuscenes_mini_subset,scene-1094_007,yaw,0.0,deg,3,Pedestrian,pedestrian,32.8,34.8,74.1,0.0,0,2,2,2,2,1.0,1.0
nuscenes_mini_subset,scene-1094_007,yaw,0.0,deg,4,Car,vehicle,7.9,537.5,426.1,0.03,0,462,462,462,462,1.0,1.0
nuscenes_mini_subset,scene-1094_007,yaw,0.0,deg,5,Pedestrian,pedestrian,30.3,44.7,80.5,0.0,0,4,4,4,4,1.0,1.0
nuscenes_mini_subset,scene-1094_007,yaw,0.0,deg,6,Pedestrian,pedestrian,21.3,45.8,109.5,0.0,2,0,0,0,0,,
nuscenes_mini_subset,scene-1094_007,yaw,0.0,deg,7,Pedestrian,pedestrian,33.5,48.8,70.2,0.0,1,2,2,2,2,1.0,1.0
nuscenes_mini_subset,scene-1094_007,yaw,0.0,deg,8,Car,vehicle,29.8,7.1,87.7,0.97,2,0,0,0,0,,
nuscenes_mini_subset,scene-1094_007,yaw,0.0,deg,9,Car,vehicle,30.4,205.2,69.5,0.0,2,9,9,9,9,1.0,1.0
nuscenes_mini_subset,scene-1094_007,yaw,0.0,deg,10,Pedestrian,pedestrian,24.9,52.7,101.7,0.0,0,4,4,4,4,1.0,1.0
nuscenes_mini_subset,scene-1094_007,yaw,0.0,deg,11,Pedestrian,pedestrian,22.2,60.4,107.3,0.0,0,9,9,9,9,1.0,1.0
nuscenes_mini_subset,scene-1094_007,yaw,0.0,deg,12,Car,vehicle,24.7,315.6,99.2,0.0,2,6,6,6,6,1.0,1.0
nuscenes_mini_subset,scene-1094_007,yaw,0.0,deg,13,Car,vehicle,27.0,367.1,169.7,0.0,2,62,62,62,62,1.0,1.0
nuscenes_mini_subset,scene-1094_007,yaw,0.0,deg,14,Pedestrian,pedestrian,13.0,124.7,177.4,0.0,2,0,0,0,0,,
nuscenes_mini_subset,scene-1094_007,yaw,0.0,deg,15,Pedestrian,pedestrian,20.8,42.8,99.4,0.0,2,7,7,7,7,1.0,1.0
nuscenes_mini_subset,scene-1094_007,yaw,0.0,deg,16,Pedestrian,pedestrian,32.7,34.3,69.8,0.0,1,2,2,2,2,1.0,1.0
nuscenes_mini_subset,scene-1094_007,yaw,0.0,deg,17,Bicycle,cyclist,26.6,90.0,55.9,0.0,0,2,2,2,2,1.0,1.0
nuscenes_mini_subset,scene-1094_007,yaw,0.5,deg,0,Car,vehicle,21.4,229.4,162.2,0.26,0,47,42,42,42,0.8936,1.0
nuscenes_mini_subset,scene-1094_007,yaw,0.5,deg,1,Pedestrian,pedestrian,20.8,45.9,105.7,0.0,0,2,2,2,2,1.0,1.0
nuscenes_mini_subset,scene-1094_007,yaw,0.5,deg,2,Pedestrian,pedestrian,24.4,45.5,91.4,0.0,0,6,6,6,6,1.0,1.0
nuscenes_mini_subset,scene-1094_007,yaw,0.5,deg,3,Pedestrian,pedestrian,32.8,34.8,74.1,0.0,0,2,2,2,2,1.0,1.0
nuscenes_mini_subset,scene-1094_007,yaw,0.5,deg,4,Car,vehicle,7.9,537.5,426.1,0.03,0,462,462,459,459,0.9935,0.9935
nuscenes_mini_subset,scene-1094_007,yaw,0.5,deg,5,Pedestrian,pedestrian,30.3,44.7,80.5,0.0,0,4,4,4,4,1.0,1.0
nuscenes_mini_subset,scene-1094_007,yaw,0.5,deg,6,Pedestrian,pedestrian,21.3,45.8,109.5,0.0,2,0,0,0,0,,
nuscenes_mini_subset,scene-1094_007,yaw,0.5,deg,7,Pedestrian,pedestrian,33.5,48.8,70.2,0.0,1,2,2,2,2,1.0,1.0
nuscenes_mini_subset,scene-1094_007,yaw,0.5,deg,8,Car,vehicle,29.8,7.1,87.7,0.97,2,0,0,0,0,,
nuscenes_mini_subset,scene-1094_007,yaw,0.5,deg,9,Car,vehicle,30.4,205.2,69.5,0.0,2,9,9,9,9,1.0,1.0
nuscenes_mini_subset,scene-1094_007,yaw,0.5,deg,10,Pedestrian,pedestrian,24.9,52.7,101.7,0.0,0,4,4,4,4,1.0,1.0
nuscenes_mini_subset,scene-1094_007,yaw,0.5,deg,11,Pedestrian,pedestrian,22.2,60.4,107.3,0.0,0,9,9,9,9,1.0,1.0
nuscenes_mini_subset,scene-1094_007,yaw,0.5,deg,12,Car,vehicle,24.7,315.6,99.2,0.0,2,6,6,6,6,1.0,1.0
nuscenes_mini_subset,scene-1094_007,yaw,0.5,deg,13,Car,vehicle,27.0,367.1,169.7,0.0,2,62,62,62,62,1.0,1.0
nuscenes_mini_subset,scene-1094_007,yaw,0.5,deg,14,Pedestrian,pedestrian,13.0,124.7,177.4,0.0,2,0,0,0,0,,
nuscenes_mini_subset,scene-1094_007,yaw,0.5,deg,15,Pedestrian,pedestrian,20.8,42.8,99.4,0.0,2,7,7,7,7,1.0,1.0
nuscenes_mini_subset,scene-1094_007,yaw,0.5,deg,16,Pedestrian,pedestrian,32.7,34.3,69.8,0.0,1,2,2,2,2,1.0,1.0
nuscenes_mini_subset,scene-1094_007,yaw,0.5,deg,17,Bicycle,cyclist,26.6,90.0,55.9,0.0,0,2,2,2,2,1.0,1.0
nuscenes_mini_subset,scene-1094_007,yaw,1.0,deg,0,Car,vehicle,21.4,229.4,162.2,0.26,0,47,38,38,38,0.8085,1.0
nuscenes_mini_subset,scene-1094_007,yaw,1.0,deg,1,Pedestrian,pedestrian,20.8,45.9,105.7,0.0,0,2,2,2,2,1.0,1.0
nuscenes_mini_subset,scene-1094_007,yaw,1.0,deg,2,Pedestrian,pedestrian,24.4,45.5,91.4,0.0,0,6,6,5,5,0.8333,0.8333
nuscenes_mini_subset,scene-1094_007,yaw,1.0,deg,3,Pedestrian,pedestrian,32.8,34.8,74.1,0.0,0,2,2,1,1,0.5,0.5
nuscenes_mini_subset,scene-1094_007,yaw,1.0,deg,4,Car,vehicle,7.9,537.5,426.1,0.03,0,462,462,454,454,0.9827,0.9827
nuscenes_mini_subset,scene-1094_007,yaw,1.0,deg,5,Pedestrian,pedestrian,30.3,44.7,80.5,0.0,0,4,4,1,1,0.25,0.25
nuscenes_mini_subset,scene-1094_007,yaw,1.0,deg,6,Pedestrian,pedestrian,21.3,45.8,109.5,0.0,2,0,0,0,0,,
nuscenes_mini_subset,scene-1094_007,yaw,1.0,deg,7,Pedestrian,pedestrian,33.5,48.8,70.2,0.0,1,2,2,0,0,0.0,0.0
nuscenes_mini_subset,scene-1094_007,yaw,1.0,deg,8,Car,vehicle,29.8,7.1,87.7,0.97,2,0,0,0,0,,
nuscenes_mini_subset,scene-1094_007,yaw,1.0,deg,9,Car,vehicle,30.4,205.2,69.5,0.0,2,9,9,9,9,1.0,1.0
nuscenes_mini_subset,scene-1094_007,yaw,1.0,deg,10,Pedestrian,pedestrian,24.9,52.7,101.7,0.0,0,4,4,2,2,0.5,0.5
nuscenes_mini_subset,scene-1094_007,yaw,1.0,deg,11,Pedestrian,pedestrian,22.2,60.4,107.3,0.0,0,9,9,5,5,0.5556,0.5556
nuscenes_mini_subset,scene-1094_007,yaw,1.0,deg,12,Car,vehicle,24.7,315.6,99.2,0.0,2,6,6,6,6,1.0,1.0
nuscenes_mini_subset,scene-1094_007,yaw,1.0,deg,13,Car,vehicle,27.0,367.1,169.7,0.0,2,62,62,59,59,0.9516,0.9516
nuscenes_mini_subset,scene-1094_007,yaw,1.0,deg,14,Pedestrian,pedestrian,13.0,124.7,177.4,0.0,2,0,0,0,0,,
nuscenes_mini_subset,scene-1094_007,yaw,1.0,deg,15,Pedestrian,pedestrian,20.8,42.8,99.4,0.0,2,7,7,2,2,0.2857,0.2857
nuscenes_mini_subset,scene-1094_007,yaw,1.0,deg,16,Pedestrian,pedestrian,32.7,34.3,69.8,0.0,1,2,2,0,0,0.0,0.0
nuscenes_mini_subset,scene-1094_007,yaw,1.0,deg,17,Bicycle,cyclist,26.6,90.0,55.9,0.0,0,2,2,2,2,1.0,1.0
nuscenes_mini_subset,scene-1094_007,yaw,2.0,deg,0,Car,vehicle,21.4,229.4,162.2,0.26,0,47,31,31,31,0.6596,1.0
nuscenes_mini_subset,scene-1094_007,yaw,2.0,deg,1,Pedestrian,pedestrian,20.8,45.9,105.7,0.0,0,2,2,0,0,0.0,0.0
nuscenes_mini_subset,scene-1094_007,yaw,2.0,deg,2,Pedestrian,pedestrian,24.4,45.5,91.4,0.0,0,6,6,0,0,0.0,0.0
nuscenes_mini_subset,scene-1094_007,yaw,2.0,deg,3,Pedestrian,pedestrian,32.8,34.8,74.1,0.0,0,2,2,0,0,0.0,0.0
nuscenes_mini_subset,scene-1094_007,yaw,2.0,deg,4,Car,vehicle,7.9,537.5,426.1,0.03,0,462,462,434,434,0.9394,0.9394
nuscenes_mini_subset,scene-1094_007,yaw,2.0,deg,5,Pedestrian,pedestrian,30.3,44.7,80.5,0.0,0,4,4,0,0,0.0,0.0
nuscenes_mini_subset,scene-1094_007,yaw,2.0,deg,6,Pedestrian,pedestrian,21.3,45.8,109.5,0.0,2,0,0,0,0,,
nuscenes_mini_subset,scene-1094_007,yaw,2.0,deg,7,Pedestrian,pedestrian,33.5,48.8,70.2,0.0,1,2,2,0,0,0.0,0.0
nuscenes_mini_subset,scene-1094_007,yaw,2.0,deg,8,Car,vehicle,29.8,7.1,87.7,0.97,2,0,0,0,0,,
nuscenes_mini_subset,scene-1094_007,yaw,2.0,deg,9,Car,vehicle,30.4,205.2,69.5,0.0,2,9,9,9,9,1.0,1.0
nuscenes_mini_subset,scene-1094_007,yaw,2.0,deg,10,Pedestrian,pedestrian,24.9,52.7,101.7,0.0,0,4,4,0,0,0.0,0.0
nuscenes_mini_subset,scene-1094_007,yaw,2.0,deg,11,Pedestrian,pedestrian,22.2,60.4,107.3,0.0,0,9,9,0,0,0.0,0.0
nuscenes_mini_subset,scene-1094_007,yaw,2.0,deg,12,Car,vehicle,24.7,315.6,99.2,0.0,2,6,6,6,6,1.0,1.0
nuscenes_mini_subset,scene-1094_007,yaw,2.0,deg,13,Car,vehicle,27.0,367.1,169.7,0.0,2,62,62,53,53,0.8548,0.8548
nuscenes_mini_subset,scene-1094_007,yaw,2.0,deg,14,Pedestrian,pedestrian,13.0,124.7,177.4,0.0,2,0,0,0,0,,
nuscenes_mini_subset,scene-1094_007,yaw,2.0,deg,15,Pedestrian,pedestrian,20.8,42.8,99.4,0.0,2,7,7,0,0,0.0,0.0
nuscenes_mini_subset,scene-1094_007,yaw,2.0,deg,16,Pedestrian,pedestrian,32.7,34.3,69.8,0.0,1,2,2,0,0,0.0,0.0
nuscenes_mini_subset,scene-1094_007,yaw,2.0,deg,17,Bicycle,cyclist,26.6,90.0,55.9,0.0,0,2,2,1,1,0.5,0.5
nuscenes_mini_subset,scene-1094_007,yaw,3.0,deg,0,Car,vehicle,21.4,229.4,162.2,0.26,0,47,24,24,24,0.5106,1.0
nuscenes_mini_subset,scene-1094_007,yaw,3.0,deg,1,Pedestrian,pedestrian,20.8,45.9,105.7,0.0,0,2,2,0,0,0.0,0.0
nuscenes_mini_subset,scene-1094_007,yaw,3.0,deg,2,Pedestrian,pedestrian,24.4,45.5,91.4,0.0,0,6,6,0,0,0.0,0.0
nuscenes_mini_subset,scene-1094_007,yaw,3.0,deg,3,Pedestrian,pedestrian,32.8,34.8,74.1,0.0,0,2,2,0,0,0.0,0.0
nuscenes_mini_subset,scene-1094_007,yaw,3.0,deg,4,Car,vehicle,7.9,537.5,426.1,0.03,0,462,462,413,413,0.8939,0.8939
nuscenes_mini_subset,scene-1094_007,yaw,3.0,deg,5,Pedestrian,pedestrian,30.3,44.7,80.5,0.0,0,4,4,0,0,0.0,0.0
nuscenes_mini_subset,scene-1094_007,yaw,3.0,deg,6,Pedestrian,pedestrian,21.3,45.8,109.5,0.0,2,0,0,0,0,,
nuscenes_mini_subset,scene-1094_007,yaw,3.0,deg,7,Pedestrian,pedestrian,33.5,48.8,70.2,0.0,1,2,2,0,0,0.0,0.0
nuscenes_mini_subset,scene-1094_007,yaw,3.0,deg,8,Car,vehicle,29.8,7.1,87.7,0.97,2,0,0,0,0,,
nuscenes_mini_subset,scene-1094_007,yaw,3.0,deg,9,Car,vehicle,30.4,205.2,69.5,0.0,2,9,9,8,8,0.8889,0.8889
nuscenes_mini_subset,scene-1094_007,yaw,3.0,deg,10,Pedestrian,pedestrian,24.9,52.7,101.7,0.0,0,4,4,0,0,0.0,0.0
nuscenes_mini_subset,scene-1094_007,yaw,3.0,deg,11,Pedestrian,pedestrian,22.2,60.4,107.3,0.0,0,9,9,0,0,0.0,0.0
nuscenes_mini_subset,scene-1094_007,yaw,3.0,deg,12,Car,vehicle,24.7,315.6,99.2,0.0,2,6,6,6,6,1.0,1.0
nuscenes_mini_subset,scene-1094_007,yaw,3.0,deg,13,Car,vehicle,27.0,367.1,169.7,0.0,2,62,62,47,47,0.7581,0.7581
nuscenes_mini_subset,scene-1094_007,yaw,3.0,deg,14,Pedestrian,pedestrian,13.0,124.7,177.4,0.0,2,0,0,0,0,,
nuscenes_mini_subset,scene-1094_007,yaw,3.0,deg,15,Pedestrian,pedestrian,20.8,42.8,99.4,0.0,2,7,7,0,0,0.0,0.0
nuscenes_mini_subset,scene-1094_007,yaw,3.0,deg,16,Pedestrian,pedestrian,32.7,34.3,69.8,0.0,1,2,2,0,0,0.0,0.0
nuscenes_mini_subset,scene-1094_007,yaw,3.0,deg,17,Bicycle,cyclist,26.6,90.0,55.9,0.0,0,2,2,0,0,0.0,0.0
nuscenes_mini_subset,scene-1094_008,yaw,0.0,deg,0,Car,vehicle,20.3,183.3,175.9,0.44,0,29,29,29,29,1.0,1.0
nuscenes_mini_subset,scene-1094_008,yaw,0.0,deg,1,Pedestrian,pedestrian,20.0,47.7,109.1,0.0,0,8,8,8,8,1.0,1.0
nuscenes_mini_subset,scene-1094_008,yaw,0.0,deg,2,Pedestrian,pedestrian,23.5,48.0,94.9,0.0,0,2,2,2,2,1.0,1.0
nuscenes_mini_subset,scene-1094_008,yaw,0.0,deg,3,Pedestrian,pedestrian,31.6,36.4,77.0,0.0,1,2,2,2,2,1.0,1.0
nuscenes_mini_subset,scene-1094_008,yaw,0.0,deg,4,Car,vehicle,7.8,614.2,445.6,0.05,0,481,481,481,481,1.0,1.0
nuscenes_mini_subset,scene-1094_008,yaw,0.0,deg,5,Pedestrian,pedestrian,28.7,47.5,84.6,0.0,1,2,2,2,2,1.0,1.0
nuscenes_mini_subset,scene-1094_008,yaw,0.0,deg,6,Pedestrian,pedestrian,20.4,47.8,113.7,0.0,2,0,0,0,0,,
nuscenes_mini_subset,scene-1094_008,yaw,0.0,deg,7,Pedestrian,pedestrian,32.1,49.7,73.4,0.0,0,2,2,2,2,1.0,1.0
nuscenes_mini_subset,scene-1094_008,yaw,0.0,deg,8,Car,vehicle,29.1,214.9,70.8,0.0,1,18,18,18,18,1.0,1.0
nuscenes_mini_subset,scene-1094_008,yaw,0.0,deg,9,Pedestrian,pedestrian,24.1,57.2,107.0,0.0,0,4,4,4,4,1.0,1.0
nuscenes_mini_subset,scene-1094_008,yaw,0.0,deg,10,Pedestrian,pedestrian,21.3,64.4,112.2,0.0,0,6,6,6,6,1.0,1.0
nuscenes_mini_subset,scene-1094_008,yaw,0.0,deg,11,Car,vehicle,23.5,309.1,103.9,0.08,2,1,1,1,1,1.0,1.0
nuscenes_mini_subset,scene-1094_008,yaw,0.0,deg,12,Car,vehicle,25.7,389.0,180.3,0.0,2,62,62,62,62,1.0,1.0
nuscenes_mini_subset,scene-1094_008,yaw,0.0,deg,13,Pedestrian,pedestrian,12.2,132.7,188.2,0.0,0,20,20,20,20,1.0,1.0
nuscenes_mini_subset,scene-1094_008,yaw,0.0,deg,14,Pedestrian,pedestrian,20.0,43.7,102.7,0.0,2,7,7,7,7,1.0,1.0
nuscenes_mini_subset,scene-1094_008,yaw,0.0,deg,15,Pedestrian,pedestrian,31.3,35.7,72.2,0.0,0,2,2,2,2,1.0,1.0
nuscenes_mini_subset,scene-1094_008,yaw,0.0,deg,16,Bicycle,cyclist,25.3,94.8,58.1,0.0,0,1,1,1,1,1.0,1.0
nuscenes_mini_subset,scene-1094_008,yaw,0.5,deg,0,Car,vehicle,20.3,183.3,175.9,0.44,0,29,24,24,24,0.8276,1.0
nuscenes_mini_subset,scene-1094_008,yaw,0.5,deg,1,Pedestrian,pedestrian,20.0,47.7,109.1,0.0,0,8,8,7,7,0.875,0.875
nuscenes_mini_subset,scene-1094_008,yaw,0.5,deg,2,Pedestrian,pedestrian,23.5,48.0,94.9,0.0,0,2,2,2,2,1.0,1.0
nuscenes_mini_subset,scene-1094_008,yaw,0.5,deg,3,Pedestrian,pedestrian,31.6,36.4,77.0,0.0,1,2,2,2,2,1.0,1.0
nuscenes_mini_subset,scene-1094_008,yaw,0.5,deg,4,Car,vehicle,7.8,614.2,445.6,0.05,0,481,478,478,478,0.9938,1.0
nuscenes_mini_subset,scene-1094_008,yaw,0.5,deg,5,Pedestrian,pedestrian,28.7,47.5,84.6,0.0,1,2,2,1,1,0.5,0.5
nuscenes_mini_subset,scene-1094_008,yaw,0.5,deg,6,Pedestrian,pedestrian,20.4,47.8,113.7,0.0,2,0,0,0,0,,
nuscenes_mini_subset,scene-1094_008,yaw,0.5,deg,7,Pedestrian,pedestrian,32.1,49.7,73.4,0.0,0,2,2,2,2,1.0,1.0
nuscenes_mini_subset,scene-1094_008,yaw,0.5,deg,8,Car,vehicle,29.1,214.9,70.8,0.0,1,18,18,18,18,1.0,1.0
nuscenes_mini_subset,scene-1094_008,yaw,0.5,deg,9,Pedestrian,pedestrian,24.1,57.2,107.0,0.0,0,4,4,4,4,1.0,1.0
nuscenes_mini_subset,scene-1094_008,yaw,0.5,deg,10,Pedestrian,pedestrian,21.3,64.4,112.2,0.0,0,6,6,6,6,1.0,1.0
nuscenes_mini_subset,scene-1094_008,yaw,0.5,deg,11,Car,vehicle,23.5,309.1,103.9,0.08,2,1,1,1,1,1.0,1.0
nuscenes_mini_subset,scene-1094_008,yaw,0.5,deg,12,Car,vehicle,25.7,389.0,180.3,0.0,2,62,62,62,62,1.0,1.0
nuscenes_mini_subset,scene-1094_008,yaw,0.5,deg,13,Pedestrian,pedestrian,12.2,132.7,188.2,0.0,0,20,20,20,20,1.0,1.0
nuscenes_mini_subset,scene-1094_008,yaw,0.5,deg,14,Pedestrian,pedestrian,20.0,43.7,102.7,0.0,2,7,7,6,6,0.8571,0.8571
nuscenes_mini_subset,scene-1094_008,yaw,0.5,deg,15,Pedestrian,pedestrian,31.3,35.7,72.2,0.0,0,2,2,1,1,0.5,0.5
nuscenes_mini_subset,scene-1094_008,yaw,0.5,deg,16,Bicycle,cyclist,25.3,94.8,58.1,0.0,0,1,1,1,1,1.0,1.0
nuscenes_mini_subset,scene-1094_008,yaw,1.0,deg,0,Car,vehicle,20.3,183.3,175.9,0.44,0,29,21,21,21,0.7241,1.0
nuscenes_mini_subset,scene-1094_008,yaw,1.0,deg,1,Pedestrian,pedestrian,20.0,47.7,109.1,0.0,0,8,8,6,6,0.75,0.75
nuscenes_mini_subset,scene-1094_008,yaw,1.0,deg,2,Pedestrian,pedestrian,23.5,48.0,94.9,0.0,0,2,2,1,1,0.5,0.5
nuscenes_mini_subset,scene-1094_008,yaw,1.0,deg,3,Pedestrian,pedestrian,31.6,36.4,77.0,0.0,1,2,2,1,1,0.5,0.5
nuscenes_mini_subset,scene-1094_008,yaw,1.0,deg,4,Car,vehicle,7.8,614.2,445.6,0.05,0,481,474,474,474,0.9854,1.0
nuscenes_mini_subset,scene-1094_008,yaw,1.0,deg,5,Pedestrian,pedestrian,28.7,47.5,84.6,0.0,1,2,2,0,0,0.0,0.0
nuscenes_mini_subset,scene-1094_008,yaw,1.0,deg,6,Pedestrian,pedestrian,20.4,47.8,113.7,0.0,2,0,0,0,0,,
nuscenes_mini_subset,scene-1094_008,yaw,1.0,deg,7,Pedestrian,pedestrian,32.1,49.7,73.4,0.0,0,2,2,1,1,0.5,0.5
nuscenes_mini_subset,scene-1094_008,yaw,1.0,deg,8,Car,vehicle,29.1,214.9,70.8,0.0,1,18,18,16,16,0.8889,0.8889
nuscenes_mini_subset,scene-1094_008,yaw,1.0,deg,9,Pedestrian,pedestrian,24.1,57.2,107.0,0.0,0,4,4,2,2,0.5,0.5
nuscenes_mini_subset,scene-1094_008,yaw,1.0,deg,10,Pedestrian,pedestrian,21.3,64.4,112.2,0.0,0,6,6,4,4,0.6667,0.6667
nuscenes_mini_subset,scene-1094_008,yaw,1.0,deg,11,Car,vehicle,23.5,309.1,103.9,0.08,2,1,1,1,1,1.0,1.0
nuscenes_mini_subset,scene-1094_008,yaw,1.0,deg,12,Car,vehicle,25.7,389.0,180.3,0.0,2,62,62,61,61,0.9839,0.9839
nuscenes_mini_subset,scene-1094_008,yaw,1.0,deg,13,Pedestrian,pedestrian,12.2,132.7,188.2,0.0,0,20,20,20,20,1.0,1.0
nuscenes_mini_subset,scene-1094_008,yaw,1.0,deg,14,Pedestrian,pedestrian,20.0,43.7,102.7,0.0,2,7,7,3,3,0.4286,0.4286
nuscenes_mini_subset,scene-1094_008,yaw,1.0,deg,15,Pedestrian,pedestrian,31.3,35.7,72.2,0.0,0,2,2,0,0,0.0,0.0
nuscenes_mini_subset,scene-1094_008,yaw,1.0,deg,16,Bicycle,cyclist,25.3,94.8,58.1,0.0,0,1,1,1,1,1.0,1.0
nuscenes_mini_subset,scene-1094_008,yaw,2.0,deg,0,Car,vehicle,20.3,183.3,175.9,0.44,0,29,14,14,14,0.4828,1.0
nuscenes_mini_subset,scene-1094_008,yaw,2.0,deg,1,Pedestrian,pedestrian,20.0,47.7,109.1,0.0,0,8,8,0,0,0.0,0.0
nuscenes_mini_subset,scene-1094_008,yaw,2.0,deg,2,Pedestrian,pedestrian,23.5,48.0,94.9,0.0,0,2,2,0,0,0.0,0.0
nuscenes_mini_subset,scene-1094_008,yaw,2.0,deg,3,Pedestrian,pedestrian,31.6,36.4,77.0,0.0,1,2,2,0,0,0.0,0.0
nuscenes_mini_subset,scene-1094_008,yaw,2.0,deg,4,Car,vehicle,7.8,614.2,445.6,0.05,0,481,453,453,453,0.9418,1.0
nuscenes_mini_subset,scene-1094_008,yaw,2.0,deg,5,Pedestrian,pedestrian,28.7,47.5,84.6,0.0,1,2,2,0,0,0.0,0.0
nuscenes_mini_subset,scene-1094_008,yaw,2.0,deg,6,Pedestrian,pedestrian,20.4,47.8,113.7,0.0,2,0,0,0,0,,
nuscenes_mini_subset,scene-1094_008,yaw,2.0,deg,7,Pedestrian,pedestrian,32.1,49.7,73.4,0.0,0,2,2,0,0,0.0,0.0
nuscenes_mini_subset,scene-1094_008,yaw,2.0,deg,8,Car,vehicle,29.1,214.9,70.8,0.0,1,18,18,11,11,0.6111,0.6111
nuscenes_mini_subset,scene-1094_008,yaw,2.0,deg,9,Pedestrian,pedestrian,24.1,57.2,107.0,0.0,0,4,4,0,0,0.0,0.0
nuscenes_mini_subset,scene-1094_008,yaw,2.0,deg,10,Pedestrian,pedestrian,21.3,64.4,112.2,0.0,0,6,6,0,0,0.0,0.0
nuscenes_mini_subset,scene-1094_008,yaw,2.0,deg,11,Car,vehicle,23.5,309.1,103.9,0.08,2,1,1,1,1,1.0,1.0
nuscenes_mini_subset,scene-1094_008,yaw,2.0,deg,12,Car,vehicle,25.7,389.0,180.3,0.0,2,62,62,58,58,0.9355,0.9355
nuscenes_mini_subset,scene-1094_008,yaw,2.0,deg,13,Pedestrian,pedestrian,12.2,132.7,188.2,0.0,0,20,20,18,18,0.9,0.9
nuscenes_mini_subset,scene-1094_008,yaw,2.0,deg,14,Pedestrian,pedestrian,20.0,43.7,102.7,0.0,2,7,7,0,0,0.0,0.0
nuscenes_mini_subset,scene-1094_008,yaw,2.0,deg,15,Pedestrian,pedestrian,31.3,35.7,72.2,0.0,0,2,2,0,0,0.0,0.0
nuscenes_mini_subset,scene-1094_008,yaw,2.0,deg,16,Bicycle,cyclist,25.3,94.8,58.1,0.0,0,1,1,0,0,0.0,0.0
nuscenes_mini_subset,scene-1094_008,yaw,3.0,deg,0,Car,vehicle,20.3,183.3,175.9,0.44,0,29,5,5,5,0.1724,1.0
nuscenes_mini_subset,scene-1094_008,yaw,3.0,deg,1,Pedestrian,pedestrian,20.0,47.7,109.1,0.0,0,8,8,0,0,0.0,0.0
nuscenes_mini_subset,scene-1094_008,yaw,3.0,deg,2,Pedestrian,pedestrian,23.5,48.0,94.9,0.0,0,2,2,0,0,0.0,0.0
nuscenes_mini_subset,scene-1094_008,yaw,3.0,deg,3,Pedestrian,pedestrian,31.6,36.4,77.0,0.0,1,2,2,0,0,0.0,0.0
nuscenes_mini_subset,scene-1094_008,yaw,3.0,deg,4,Car,vehicle,7.8,614.2,445.6,0.05,0,481,433,433,433,0.9002,1.0
nuscenes_mini_subset,scene-1094_008,yaw,3.0,deg,5,Pedestrian,pedestrian,28.7,47.5,84.6,0.0,1,2,2,0,0,0.0,0.0
nuscenes_mini_subset,scene-1094_008,yaw,3.0,deg,6,Pedestrian,pedestrian,20.4,47.8,113.7,0.0,2,0,0,0,0,,
nuscenes_mini_subset,scene-1094_008,yaw,3.0,deg,7,Pedestrian,pedestrian,32.1,49.7,73.4,0.0,0,2,2,0,0,0.0,0.0
nuscenes_mini_subset,scene-1094_008,yaw,3.0,deg,8,Car,vehicle,29.1,214.9,70.8,0.0,1,18,18,6,6,0.3333,0.3333
nuscenes_mini_subset,scene-1094_008,yaw,3.0,deg,9,Pedestrian,pedestrian,24.1,57.2,107.0,0.0,0,4,4,0,0,0.0,0.0
nuscenes_mini_subset,scene-1094_008,yaw,3.0,deg,10,Pedestrian,pedestrian,21.3,64.4,112.2,0.0,0,6,6,0,0,0.0,0.0
nuscenes_mini_subset,scene-1094_008,yaw,3.0,deg,11,Car,vehicle,23.5,309.1,103.9,0.08,2,1,1,1,1,1.0,1.0
nuscenes_mini_subset,scene-1094_008,yaw,3.0,deg,12,Car,vehicle,25.7,389.0,180.3,0.0,2,62,61,52,52,0.8387,0.8525
nuscenes_mini_subset,scene-1094_008,yaw,3.0,deg,13,Pedestrian,pedestrian,12.2,132.7,188.2,0.0,0,20,20,8,8,0.4,0.4
nuscenes_mini_subset,scene-1094_008,yaw,3.0,deg,14,Pedestrian,pedestrian,20.0,43.7,102.7,0.0,2,7,7,0,0,0.0,0.0
nuscenes_mini_subset,scene-1094_008,yaw,3.0,deg,15,Pedestrian,pedestrian,31.3,35.7,72.2,0.0,0,2,2,0,0,0.0,0.0
nuscenes_mini_subset,scene-1094_008,yaw,3.0,deg,16,Bicycle,cyclist,25.3,94.8,58.1,0.0,0,1,1,0,0,0.0,0.0
nuscenes_mini_subset,scene-1094_009,yaw,0.0,deg,0,Car,vehicle,19.2,147.0,191.2,0.58,0,0,0,0,0,,
nuscenes_mini_subset,scene-1094_009,yaw,0.0,deg,1,Pedestrian,pedestrian,19.3,49.2,112.9,0.0,1,6,6,6,6,1.0,1.0
nuscenes_mini_subset,scene-1094_009,yaw,0.0,deg,2,Pedestrian,pedestrian,22.4,51.6,100.0,0.0,0,3,3,3,3,1.0,1.0
nuscenes_mini_subset,scene-1094_009,yaw,0.0,deg,3,Pedestrian,pedestrian,30.3,38.4,80.2,0.0,2,1,1,1,1,1.0,1.0
nuscenes_mini_subset,scene-1094_009,yaw,0.0,deg,4,Car,vehicle,8.1,395.7,483.5,0.42,0,291,291,291,291,1.0,1.0
nuscenes_mini_subset,scene-1094_009,yaw,0.0,deg,5,Pedestrian,pedestrian,27.0,51.4,90.3,0.0,0,6,6,6,6,1.0,1.0
nuscenes_mini_subset,scene-1094_009,yaw,0.0,deg,6,Pedestrian,pedestrian,19.5,49.9,118.3,0.0,2,1,1,1,1,1.0,1.0
nuscenes_mini_subset,scene-1094_009,yaw,0.0,deg,7,Pedestrian,pedestrian,26.0,66.2,92.2,0.0,0,5,5,5,5,1.0,1.0
nuscenes_mini_subset,scene-1094_009,yaw,0.0,deg,8,Pedestrian,pedestrian,30.6,51.0,77.3,0.0,0,4,4,4,4,1.0,1.0
nuscenes_mini_subset,scene-1094_009,yaw,0.0,deg,9,Car,vehicle,27.7,225.4,74.0,0.0,1,11,11,11,11,1.0,1.0
nuscenes_mini_subset,scene-1094_009,yaw,0.0,deg,10,Pedestrian,pedestrian,23.4,12.7,114.1,0.8,0,0,0,0,0,,
nuscenes_mini_subset,scene-1094_009,yaw,0.0,deg,11,Pedestrian,pedestrian,20.5,69.6,118.3,0.0,0,7,7,7,7,1.0,1.0
nuscenes_mini_subset,scene-1094_009,yaw,0.0,deg,12,Car,vehicle,22.3,289.9,109.7,0.19,2,0,0,0,0,,
nuscenes_mini_subset,scene-1094_009,yaw,0.0,deg,13,Car,vehicle,24.5,410.2,191.9,0.0,2,84,84,84,84,1.0,1.0
nuscenes_mini_subset,scene-1094_009,yaw,0.0,deg,14,Pedestrian,pedestrian,11.2,144.2,205.1,0.0,0,26,26,26,26,1.0,1.0
nuscenes_mini_subset,scene-1094_009,yaw,0.0,deg,15,Pedestrian,pedestrian,19.3,45.0,105.7,0.0,2,9,9,9,9,1.0,1.0
nuscenes_mini_subset,scene-1094_009,yaw,0.0,deg,16,Pedestrian,pedestrian,30.0,37.7,75.8,0.0,0,2,2,2,2,1.0,1.0
nuscenes_mini_subset,scene-1094_009,yaw,0.0,deg,17,Bicycle,cyclist,24.0,101.0,60.8,0.0,0,4,4,4,4,1.0,1.0
nuscenes_mini_subset,scene-1094_009,yaw,0.5,deg,0,Car,vehicle,19.2,147.0,191.2,0.58,0,0,0,0,0,,
nuscenes_mini_subset,scene-1094_009,yaw,0.5,deg,1,Pedestrian,pedestrian,19.3,49.2,112.9,0.0,1,6,6,5,5,0.8333,0.8333
nuscenes_mini_subset,scene-1094_009,yaw,0.5,deg,2,Pedestrian,pedestrian,22.4,51.6,100.0,0.0,0,3,3,3,3,1.0,1.0
nuscenes_mini_subset,scene-1094_009,yaw,0.5,deg,3,Pedestrian,pedestrian,30.3,38.4,80.2,0.0,2,1,1,1,1,1.0,1.0
nuscenes_mini_subset,scene-1094_009,yaw,0.5,deg,4,Car,vehicle,8.1,395.7,483.5,0.42,0,291,284,284,284,0.9759,1.0
nuscenes_mini_subset,scene-1094_009,yaw,0.5,deg,5,Pedestrian,pedestrian,27.0,51.4,90.3,0.0,0,6,6,5,5,0.8333,0.8333
nuscenes_mini_subset,scene-1094_009,yaw,0.5,deg,6,Pedestrian,pedestrian,19.5,49.9,118.3,0.0,2,1,1,1,1,1.0,1.0
nuscenes_mini_subset,scene-1094_009,yaw,0.5,deg,7,Pedestrian,pedestrian,26.0,66.2,92.2,0.0,0,5,5,5,5,1.0,1.0
nuscenes_mini_subset,scene-1094_009,yaw,0.5,deg,8,Pedestrian,pedestrian,30.6,51.0,77.3,0.0,0,4,4,4,4,1.0,1.0
nuscenes_mini_subset,scene-1094_009,yaw,0.5,deg,9,Car,vehicle,27.7,225.4,74.0,0.0,1,11,11,11,11,1.0,1.0
nuscenes_mini_subset,scene-1094_009,yaw,0.5,deg,10,Pedestrian,pedestrian,23.4,12.7,114.1,0.8,0,0,1,0,1,,1.0
nuscenes_mini_subset,scene-1094_009,yaw,0.5,deg,11,Pedestrian,pedestrian,20.5,69.6,118.3,0.0,0,7,7,7,7,1.0,1.0
nuscenes_mini_subset,scene-1094_009,yaw,0.5,deg,12,Car,vehicle,22.3,289.9,109.7,0.19,2,0,0,0,0,,
nuscenes_mini_subset,scene-1094_009,yaw,0.5,deg,13,Car,vehicle,24.5,410.2,191.9,0.0,2,84,84,84,84,1.0,1.0
nuscenes_mini_subset,scene-1094_009,yaw,0.5,deg,14,Pedestrian,pedestrian,11.2,144.2,205.1,0.0,0,26,26,26,26,1.0,1.0
nuscenes_mini_subset,scene-1094_009,yaw,0.5,deg,15,Pedestrian,pedestrian,19.3,45.0,105.7,0.0,2,9,9,8,8,0.8889,0.8889
nuscenes_mini_subset,scene-1094_009,yaw,0.5,deg,16,Pedestrian,pedestrian,30.0,37.7,75.8,0.0,0,2,2,2,2,1.0,1.0
nuscenes_mini_subset,scene-1094_009,yaw,0.5,deg,17,Bicycle,cyclist,24.0,101.0,60.8,0.0,0,4,4,4,4,1.0,1.0
nuscenes_mini_subset,scene-1094_009,yaw,1.0,deg,0,Car,vehicle,19.2,147.0,191.2,0.58,0,0,0,0,0,,
nuscenes_mini_subset,scene-1094_009,yaw,1.0,deg,1,Pedestrian,pedestrian,19.3,49.2,112.9,0.0,1,6,6,4,4,0.6667,0.6667
nuscenes_mini_subset,scene-1094_009,yaw,1.0,deg,2,Pedestrian,pedestrian,22.4,51.6,100.0,0.0,0,3,3,1,1,0.3333,0.3333
nuscenes_mini_subset,scene-1094_009,yaw,1.0,deg,3,Pedestrian,pedestrian,30.3,38.4,80.2,0.0,2,1,1,1,1,1.0,1.0
nuscenes_mini_subset,scene-1094_009,yaw,1.0,deg,4,Car,vehicle,8.1,395.7,483.5,0.42,0,291,270,270,270,0.9278,1.0
nuscenes_mini_subset,scene-1094_009,yaw,1.0,deg,5,Pedestrian,pedestrian,27.0,51.4,90.3,0.0,0,6,6,3,3,0.5,0.5
nuscenes_mini_subset,scene-1094_009,yaw,1.0,deg,6,Pedestrian,pedestrian,19.5,49.9,118.3,0.0,2,1,1,1,1,1.0,1.0
nuscenes_mini_subset,scene-1094_009,yaw,1.0,deg,7,Pedestrian,pedestrian,26.0,66.2,92.2,0.0,0,5,5,4,4,0.8,0.8
nuscenes_mini_subset,scene-1094_009,yaw,1.0,deg,8,Pedestrian,pedestrian,30.6,51.0,77.3,0.0,0,4,4,0,0,0.0,0.0
nuscenes_mini_subset,scene-1094_009,yaw,1.0,deg,9,Car,vehicle,27.7,225.4,74.0,0.0,1,11,11,10,10,0.9091,0.9091
nuscenes_mini_subset,scene-1094_009,yaw,1.0,deg,10,Pedestrian,pedestrian,23.4,12.7,114.1,0.8,0,0,2,0,1,,0.5
nuscenes_mini_subset,scene-1094_009,yaw,1.0,deg,11,Pedestrian,pedestrian,20.5,69.6,118.3,0.0,0,7,7,6,6,0.8571,0.8571
nuscenes_mini_subset,scene-1094_009,yaw,1.0,deg,12,Car,vehicle,22.3,289.9,109.7,0.19,2,0,0,0,0,,
nuscenes_mini_subset,scene-1094_009,yaw,1.0,deg,13,Car,vehicle,24.5,410.2,191.9,0.0,2,84,84,83,83,0.9881,0.9881
nuscenes_mini_subset,scene-1094_009,yaw,1.0,deg,14,Pedestrian,pedestrian,11.2,144.2,205.1,0.0,0,26,26,26,26,1.0,1.0
nuscenes_mini_subset,scene-1094_009,yaw,1.0,deg,15,Pedestrian,pedestrian,19.3,45.0,105.7,0.0,2,9,9,2,2,0.2222,0.2222
nuscenes_mini_subset,scene-1094_009,yaw,1.0,deg,16,Pedestrian,pedestrian,30.0,37.7,75.8,0.0,0,2,2,0,0,0.0,0.0
nuscenes_mini_subset,scene-1094_009,yaw,1.0,deg,17,Bicycle,cyclist,24.0,101.0,60.8,0.0,0,4,4,4,4,1.0,1.0
nuscenes_mini_subset,scene-1094_009,yaw,2.0,deg,0,Car,vehicle,19.2,147.0,191.2,0.58,0,0,0,0,0,,
nuscenes_mini_subset,scene-1094_009,yaw,2.0,deg,1,Pedestrian,pedestrian,19.3,49.2,112.9,0.0,1,6,6,0,0,0.0,0.0
nuscenes_mini_subset,scene-1094_009,yaw,2.0,deg,2,Pedestrian,pedestrian,22.4,51.6,100.0,0.0,0,3,3,0,0,0.0,0.0
nuscenes_mini_subset,scene-1094_009,yaw,2.0,deg,3,Pedestrian,pedestrian,30.3,38.4,80.2,0.0,2,1,1,0,0,0.0,0.0
nuscenes_mini_subset,scene-1094_009,yaw,2.0,deg,4,Car,vehicle,8.1,395.7,483.5,0.42,0,291,236,236,236,0.811,1.0
nuscenes_mini_subset,scene-1094_009,yaw,2.0,deg,5,Pedestrian,pedestrian,27.0,51.4,90.3,0.0,0,6,6,0,0,0.0,0.0
nuscenes_mini_subset,scene-1094_009,yaw,2.0,deg,6,Pedestrian,pedestrian,19.5,49.9,118.3,0.0,2,1,1,0,0,0.0,0.0
nuscenes_mini_subset,scene-1094_009,yaw,2.0,deg,7,Pedestrian,pedestrian,26.0,66.2,92.2,0.0,0,5,5,0,0,0.0,0.0
nuscenes_mini_subset,scene-1094_009,yaw,2.0,deg,8,Pedestrian,pedestrian,30.6,51.0,77.3,0.0,0,4,4,0,0,0.0,0.0
nuscenes_mini_subset,scene-1094_009,yaw,2.0,deg,9,Car,vehicle,27.7,225.4,74.0,0.0,1,11,11,7,7,0.6364,0.6364
nuscenes_mini_subset,scene-1094_009,yaw,2.0,deg,10,Pedestrian,pedestrian,23.4,12.7,114.1,0.8,0,0,2,0,0,,0.0
nuscenes_mini_subset,scene-1094_009,yaw,2.0,deg,11,Pedestrian,pedestrian,20.5,69.6,118.3,0.0,0,7,7,2,2,0.2857,0.2857
nuscenes_mini_subset,scene-1094_009,yaw,2.0,deg,12,Car,vehicle,22.3,289.9,109.7,0.19,2,0,0,0,0,,
nuscenes_mini_subset,scene-1094_009,yaw,2.0,deg,13,Car,vehicle,24.5,410.2,191.9,0.0,2,84,83,77,77,0.9167,0.9277
nuscenes_mini_subset,scene-1094_009,yaw,2.0,deg,14,Pedestrian,pedestrian,11.2,144.2,205.1,0.0,0,26,26,24,24,0.9231,0.9231
nuscenes_mini_subset,scene-1094_009,yaw,2.0,deg,15,Pedestrian,pedestrian,19.3,45.0,105.7,0.0,2,9,9,0,0,0.0,0.0
nuscenes_mini_subset,scene-1094_009,yaw,2.0,deg,16,Pedestrian,pedestrian,30.0,37.7,75.8,0.0,0,2,2,0,0,0.0,0.0
nuscenes_mini_subset,scene-1094_009,yaw,2.0,deg,17,Bicycle,cyclist,24.0,101.0,60.8,0.0,0,4,4,3,3,0.75,0.75
nuscenes_mini_subset,scene-1094_009,yaw,3.0,deg,0,Car,vehicle,19.2,147.0,191.2,0.58,0,0,0,0,0,,
nuscenes_mini_subset,scene-1094_009,yaw,3.0,deg,1,Pedestrian,pedestrian,19.3,49.2,112.9,0.0,1,6,6,0,0,0.0,0.0
nuscenes_mini_subset,scene-1094_009,yaw,3.0,deg,2,Pedestrian,pedestrian,22.4,51.6,100.0,0.0,0,3,3,0,0,0.0,0.0
nuscenes_mini_subset,scene-1094_009,yaw,3.0,deg,3,Pedestrian,pedestrian,30.3,38.4,80.2,0.0,2,1,1,0,0,0.0,0.0
nuscenes_mini_subset,scene-1094_009,yaw,3.0,deg,4,Car,vehicle,8.1,395.7,483.5,0.42,0,291,210,210,210,0.7216,1.0
nuscenes_mini_subset,scene-1094_009,yaw,3.0,deg,5,Pedestrian,pedestrian,27.0,51.4,90.3,0.0,0,6,6,0,0,0.0,0.0
nuscenes_mini_subset,scene-1094_009,yaw,3.0,deg,6,Pedestrian,pedestrian,19.5,49.9,118.3,0.0,2,1,1,0,0,0.0,0.0
nuscenes_mini_subset,scene-1094_009,yaw,3.0,deg,7,Pedestrian,pedestrian,26.0,66.2,92.2,0.0,0,5,5,0,0,0.0,0.0
nuscenes_mini_subset,scene-1094_009,yaw,3.0,deg,8,Pedestrian,pedestrian,30.6,51.0,77.3,0.0,0,4,4,0,0,0.0,0.0
nuscenes_mini_subset,scene-1094_009,yaw,3.0,deg,9,Car,vehicle,27.7,225.4,74.0,0.0,1,11,11,4,4,0.3636,0.3636
nuscenes_mini_subset,scene-1094_009,yaw,3.0,deg,10,Pedestrian,pedestrian,23.4,12.7,114.1,0.8,0,0,2,0,0,,0.0
nuscenes_mini_subset,scene-1094_009,yaw,3.0,deg,11,Pedestrian,pedestrian,20.5,69.6,118.3,0.0,0,7,7,0,0,0.0,0.0
nuscenes_mini_subset,scene-1094_009,yaw,3.0,deg,12,Car,vehicle,22.3,289.9,109.7,0.19,2,0,0,0,0,,
nuscenes_mini_subset,scene-1094_009,yaw,3.0,deg,13,Car,vehicle,24.5,410.2,191.9,0.0,2,84,77,71,71,0.8452,0.9221
nuscenes_mini_subset,scene-1094_009,yaw,3.0,deg,14,Pedestrian,pedestrian,11.2,144.2,205.1,0.0,0,26,26,10,10,0.3846,0.3846
nuscenes_mini_subset,scene-1094_009,yaw,3.0,deg,15,Pedestrian,pedestrian,19.3,45.0,105.7,0.0,2,9,9,0,0,0.0,0.0
nuscenes_mini_subset,scene-1094_009,yaw,3.0,deg,16,Pedestrian,pedestrian,30.0,37.7,75.8,0.0,0,2,2,0,0,0.0,0.0
nuscenes_mini_subset,scene-1094_009,yaw,3.0,deg,17,Bicycle,cyclist,24.0,101.0,60.8,0.0,0,4,4,1,1,0.25,0.25
nuscenes_mini_subset,scene-1094_010,yaw,0.0,deg,0,Car,vehicle,18.1,180.6,203.2,0.48,0,2,2,2,2,1.0,1.0
nuscenes_mini_subset,scene-1094_010,yaw,0.0,deg,1,Pedestrian,pedestrian,18.4,51.1,117.5,0.0,2,0,0,0,0,,
nuscenes_mini_subset,scene-1094_010,yaw,0.0,deg,2,Pedestrian,pedestrian,21.5,57.8,108.3,0.0,0,2,2,2,2,1.0,1.0
nuscenes_mini_subset,scene-1094_010,yaw,0.0,deg,3,Pedestrian,pedestrian,29.1,40.5,84.0,0.0,2,1,1,1,1,1.0,1.0
nuscenes_mini_subset,scene-1094_010,yaw,0.0,deg,4,Car,vehicle,8.6,214.7,484.3,0.71,0,111,111,111,111,1.0,1.0
nuscenes_mini_subset,scene-1094_010,yaw,0.0,deg,5,Pedestrian,pedestrian,18.7,51.3,123.2,0.0,0,7,7,7,7,1.0,1.0
nuscenes_mini_subset,scene-1094_010,yaw,0.0,deg,6,Pedestrian,pedestrian,25.2,68.3,95.1,0.0,2,1,1,1,1,1.0,1.0
nuscenes_mini_subset,scene-1094_010,yaw,0.0,deg,7,Pedestrian,pedestrian,29.3,53.8,82.8,0.0,0,5,5,5,5,1.0,1.0
nuscenes_mini_subset,scene-1094_010,yaw,0.0,deg,8,Car,vehicle,26.4,234.8,78.0,0.0,0,24,24,24,24,1.0,1.0
nuscenes_mini_subset,scene-1094_010,yaw,0.0,deg,9,Pedestrian,pedestrian,19.8,78.5,127.3,0.0,0,11,11,11,11,1.0,1.0
nuscenes_mini_subset,scene-1094_010,yaw,0.0,deg,10,Car,vehicle,21.1,335.8,115.6,0.08,2,32,32,32,32,1.0,1.0
nuscenes_mini_subset,scene-1094_010,yaw,0.0,deg,11,Car,vehicle,23.2,417.3,201.8,0.0,0,115,115,115,115,1.0,1.0
nuscenes_mini_subset,scene-1094_010,yaw,0.0,deg,12,Pedestrian,pedestrian,10.2,156.9,224.4,0.0,0,36,36,36,36,1.0,1.0
nuscenes_mini_subset,scene-1094_010,yaw,0.0,deg,13,Pedestrian,pedestrian,18.5,46.7,110.2,0.0,2,6,6,6,6,1.0,1.0
nuscenes_mini_subset,scene-1094_010,yaw,0.0,deg,14,Pedestrian,pedestrian,28.7,41.9,81.6,0.0,0,3,3,3,3,1.0,1.0
nuscenes_mini_subset,scene-1094_010,yaw,0.0,deg,15,Bicycle,cyclist,22.7,110.6,64.7,0.0,0,5,5,5,5,1.0,1.0
nuscenes_mini_subset,scene-1094_010,yaw,0.5,deg,0,Car,vehicle,18.1,180.6,203.2,0.48,0,2,2,2,2,1.0,1.0
nuscenes_mini_subset,scene-1094_010,yaw,0.5,deg,1,Pedestrian,pedestrian,18.4,51.1,117.5,0.0,2,0,0,0,0,,
nuscenes_mini_subset,scene-1094_010,yaw,0.5,deg,2,Pedestrian,pedestrian,21.5,57.8,108.3,0.0,0,2,2,2,2,1.0,1.0
nuscenes_mini_subset,scene-1094_010,yaw,0.5,deg,3,Pedestrian,pedestrian,29.1,40.5,84.0,0.0,2,1,1,1,1,1.0,1.0
nuscenes_mini_subset,scene-1094_010,yaw,0.5,deg,4,Car,vehicle,8.6,214.7,484.3,0.71,0,111,101,101,101,0.9099,1.0
nuscenes_mini_subset,scene-1094_010,yaw,0.5,deg,5,Pedestrian,pedestrian,18.7,51.3,123.2,0.0,0,7,7,7,7,1.0,1.0
nuscenes_mini_subset,scene-1094_010,yaw,0.5,deg,6,Pedestrian,pedestrian,25.2,68.3,95.1,0.0,2,1,1,1,1,1.0,1.0
nuscenes_mini_subset,scene-1094_010,yaw,0.5,deg,7,Pedestrian,pedestrian,29.3,53.8,82.8,0.0,0,5,5,5,5,1.0,1.0
nuscenes_mini_subset,scene-1094_010,yaw,0.5,deg,8,Car,vehicle,26.4,234.8,78.0,0.0,0,24,24,24,24,1.0,1.0
nuscenes_mini_subset,scene-1094_010,yaw,0.5,deg,9,Pedestrian,pedestrian,19.8,78.5,127.3,0.0,0,11,11,11,11,1.0,1.0
nuscenes_mini_subset,scene-1094_010,yaw,0.5,deg,10,Car,vehicle,21.1,335.8,115.6,0.08,2,32,32,32,32,1.0,1.0
nuscenes_mini_subset,scene-1094_010,yaw,0.5,deg,11,Car,vehicle,23.2,417.3,201.8,0.0,0,115,115,115,115,1.0,1.0
nuscenes_mini_subset,scene-1094_010,yaw,0.5,deg,12,Pedestrian,pedestrian,10.2,156.9,224.4,0.0,0,36,36,36,36,1.0,1.0
nuscenes_mini_subset,scene-1094_010,yaw,0.5,deg,13,Pedestrian,pedestrian,18.5,46.7,110.2,0.0,2,6,6,6,6,1.0,1.0
nuscenes_mini_subset,scene-1094_010,yaw,0.5,deg,14,Pedestrian,pedestrian,28.7,41.9,81.6,0.0,0,3,3,3,3,1.0,1.0
nuscenes_mini_subset,scene-1094_010,yaw,0.5,deg,15,Bicycle,cyclist,22.7,110.6,64.7,0.0,0,5,5,5,5,1.0,1.0
nuscenes_mini_subset,scene-1094_010,yaw,1.0,deg,0,Car,vehicle,18.1,180.6,203.2,0.48,0,2,1,1,1,0.5,1.0
nuscenes_mini_subset,scene-1094_010,yaw,1.0,deg,1,Pedestrian,pedestrian,18.4,51.1,117.5,0.0,2,0,0,0,0,,
nuscenes_mini_subset,scene-1094_010,yaw,1.0,deg,2,Pedestrian,pedestrian,21.5,57.8,108.3,0.0,0,2,2,2,2,1.0,1.0
nuscenes_mini_subset,scene-1094_010,yaw,1.0,deg,3,Pedestrian,pedestrian,29.1,40.5,84.0,0.0,2,1,1,1,1,1.0,1.0
nuscenes_mini_subset,scene-1094_010,yaw,1.0,deg,4,Car,vehicle,8.6,214.7,484.3,0.71,0,111,87,87,87,0.7838,1.0
nuscenes_mini_subset,scene-1094_010,yaw,1.0,deg,5,Pedestrian,pedestrian,18.7,51.3,123.2,0.0,0,7,7,5,5,0.7143,0.7143
nuscenes_mini_subset,scene-1094_010,yaw,1.0,deg,6,Pedestrian,pedestrian,25.2,68.3,95.1,0.0,2,1,1,1,1,1.0,1.0
nuscenes_mini_subset,scene-1094_010,yaw,1.0,deg,7,Pedestrian,pedestrian,29.3,53.8,82.8,0.0,0,5,5,2,2,0.4,0.4
nuscenes_mini_subset,scene-1094_010,yaw,1.0,deg,8,Car,vehicle,26.4,234.8,78.0,0.0,0,24,24,24,24,1.0,1.0
nuscenes_mini_subset,scene-1094_010,yaw,1.0,deg,9,Pedestrian,pedestrian,19.8,78.5,127.3,0.0,0,11,11,11,11,1.0,1.0
nuscenes_mini_subset,scene-1094_010,yaw,1.0,deg,10,Car,vehicle,21.1,335.8,115.6,0.08,2,32,32,32,32,1.0,1.0
nuscenes_mini_subset,scene-1094_010,yaw,1.0,deg,11,Car,vehicle,23.2,417.3,201.8,0.0,0,115,115,115,115,1.0,1.0
nuscenes_mini_subset,scene-1094_010,yaw,1.0,deg,12,Pedestrian,pedestrian,10.2,156.9,224.4,0.0,0,36,36,36,36,1.0,1.0
nuscenes_mini_subset,scene-1094_010,yaw,1.0,deg,13,Pedestrian,pedestrian,18.5,46.7,110.2,0.0,2,6,6,3,3,0.5,0.5
nuscenes_mini_subset,scene-1094_010,yaw,1.0,deg,14,Pedestrian,pedestrian,28.7,41.9,81.6,0.0,0,3,3,0,0,0.0,0.0
nuscenes_mini_subset,scene-1094_010,yaw,1.0,deg,15,Bicycle,cyclist,22.7,110.6,64.7,0.0,0,5,5,5,5,1.0,1.0
nuscenes_mini_subset,scene-1094_010,yaw,2.0,deg,0,Car,vehicle,18.1,180.6,203.2,0.48,0,2,1,1,1,0.5,1.0
nuscenes_mini_subset,scene-1094_010,yaw,2.0,deg,1,Pedestrian,pedestrian,18.4,51.1,117.5,0.0,2,0,0,0,0,,
nuscenes_mini_subset,scene-1094_010,yaw,2.0,deg,2,Pedestrian,pedestrian,21.5,57.8,108.3,0.0,0,2,2,0,0,0.0,0.0
nuscenes_mini_subset,scene-1094_010,yaw,2.0,deg,3,Pedestrian,pedestrian,29.1,40.5,84.0,0.0,2,1,1,0,0,0.0,0.0
nuscenes_mini_subset,scene-1094_010,yaw,2.0,deg,4,Car,vehicle,8.6,214.7,484.3,0.71,0,111,62,62,62,0.5586,1.0
nuscenes_mini_subset,scene-1094_010,yaw,2.0,deg,5,Pedestrian,pedestrian,18.7,51.3,123.2,0.0,0,7,7,0,0,0.0,0.0
nuscenes_mini_subset,scene-1094_010,yaw,2.0,deg,6,Pedestrian,pedestrian,25.2,68.3,95.1,0.0,2,1,1,0,0,0.0,0.0
nuscenes_mini_subset,scene-1094_010,yaw,2.0,deg,7,Pedestrian,pedestrian,29.3,53.8,82.8,0.0,0,5,5,0,0,0.0,0.0
nuscenes_mini_subset,scene-1094_010,yaw,2.0,deg,8,Car,vehicle,26.4,234.8,78.0,0.0,0,24,24,22,22,0.9167,0.9167
nuscenes_mini_subset,scene-1094_010,yaw,2.0,deg,9,Pedestrian,pedestrian,19.8,78.5,127.3,0.0,0,11,11,4,4,0.3636,0.3636
nuscenes_mini_subset,scene-1094_010,yaw,2.0,deg,10,Car,vehicle,21.1,335.8,115.6,0.08,2,32,32,32,32,1.0,1.0
nuscenes_mini_subset,scene-1094_010,yaw,2.0,deg,11,Car,vehicle,23.2,417.3,201.8,0.0,0,115,115,110,110,0.9565,0.9565
nuscenes_mini_subset,scene-1094_010,yaw,2.0,deg,12,Pedestrian,pedestrian,10.2,156.9,224.4,0.0,0,36,36,33,33,0.9167,0.9167
nuscenes_mini_subset,scene-1094_010,yaw,2.0,deg,13,Pedestrian,pedestrian,18.5,46.7,110.2,0.0,2,6,6,0,0,0.0,0.0
nuscenes_mini_subset,scene-1094_010,yaw,2.0,deg,14,Pedestrian,pedestrian,28.7,41.9,81.6,0.0,0,3,3,0,0,0.0,0.0
nuscenes_mini_subset,scene-1094_010,yaw,2.0,deg,15,Bicycle,cyclist,22.7,110.6,64.7,0.0,0,5,5,2,2,0.4,0.4
nuscenes_mini_subset,scene-1094_010,yaw,3.0,deg,0,Car,vehicle,18.1,180.6,203.2,0.48,0,2,0,0,0,0.0,
nuscenes_mini_subset,scene-1094_010,yaw,3.0,deg,1,Pedestrian,pedestrian,18.4,51.1,117.5,0.0,2,0,0,0,0,,
nuscenes_mini_subset,scene-1094_010,yaw,3.0,deg,2,Pedestrian,pedestrian,21.5,57.8,108.3,0.0,0,2,2,0,0,0.0,0.0
nuscenes_mini_subset,scene-1094_010,yaw,3.0,deg,3,Pedestrian,pedestrian,29.1,40.5,84.0,0.0,2,1,1,0,0,0.0,0.0
nuscenes_mini_subset,scene-1094_010,yaw,3.0,deg,4,Car,vehicle,8.6,214.7,484.3,0.71,0,111,40,40,40,0.3604,1.0
nuscenes_mini_subset,scene-1094_010,yaw,3.0,deg,5,Pedestrian,pedestrian,18.7,51.3,123.2,0.0,0,7,7,0,0,0.0,0.0
nuscenes_mini_subset,scene-1094_010,yaw,3.0,deg,6,Pedestrian,pedestrian,25.2,68.3,95.1,0.0,2,1,1,0,0,0.0,0.0
nuscenes_mini_subset,scene-1094_010,yaw,3.0,deg,7,Pedestrian,pedestrian,29.3,53.8,82.8,0.0,0,5,5,0,0,0.0,0.0
nuscenes_mini_subset,scene-1094_010,yaw,3.0,deg,8,Car,vehicle,26.4,234.8,78.0,0.0,0,24,24,16,16,0.6667,0.6667
nuscenes_mini_subset,scene-1094_010,yaw,3.0,deg,9,Pedestrian,pedestrian,19.8,78.5,127.3,0.0,0,11,11,0,0,0.0,0.0
nuscenes_mini_subset,scene-1094_010,yaw,3.0,deg,10,Car,vehicle,21.1,335.8,115.6,0.08,2,32,32,32,32,1.0,1.0
nuscenes_mini_subset,scene-1094_010,yaw,3.0,deg,11,Car,vehicle,23.2,417.3,201.8,0.0,0,115,115,105,105,0.913,0.913
nuscenes_mini_subset,scene-1094_010,yaw,3.0,deg,12,Pedestrian,pedestrian,10.2,156.9,224.4,0.0,0,36,36,19,19,0.5278,0.5278
nuscenes_mini_subset,scene-1094_010,yaw,3.0,deg,13,Pedestrian,pedestrian,18.5,46.7,110.2,0.0,2,6,6,0,0,0.0,0.0
nuscenes_mini_subset,scene-1094_010,yaw,3.0,deg,14,Pedestrian,pedestrian,28.7,41.9,81.6,0.0,0,3,3,0,0,0.0,0.0
nuscenes_mini_subset,scene-1094_010,yaw,3.0,deg,15,Bicycle,cyclist,22.7,110.6,64.7,0.0,0,5,5,2,2,0.4,0.4
nuscenes_mini_subset,scene-1094_011,yaw,0.0,deg,0,Car,vehicle,17.0,310.2,210.0,0.05,0,89,89,89,89,1.0,1.0
nuscenes_mini_subset,scene-1094_011,yaw,0.0,deg,1,Pedestrian,pedestrian,17.6,53.6,123.9,0.0,0,7,7,7,7,1.0,1.0
nuscenes_mini_subset,scene-1094_011,yaw,0.0,deg,2,Pedestrian,pedestrian,20.6,44.8,123.2,0.37,0,1,1,1,1,1.0,1.0
nuscenes_mini_subset,scene-1094_011,yaw,0.0,deg,3,Pedestrian,pedestrian,28.0,44.0,89.1,0.0,2,3,3,3,3,1.0,1.0
nuscenes_mini_subset,scene-1094_011,yaw,0.0,deg,4,Car,vehicle,9.5,56.6,454.1,0.92,0,8,8,8,8,1.0,1.0
nuscenes_mini_subset,scene-1094_011,yaw,0.0,deg,5,Pedestrian,pedestrian,17.9,53.6,129.3,0.0,0,8,8,8,8,1.0,1.0
nuscenes_mini_subset,scene-1094_011,yaw,0.0,deg,6,Pedestrian,pedestrian,24.3,68.4,96.8,0.0,2,0,0,0,0,,
nuscenes_mini_subset,scene-1094_011,yaw,0.0,deg,7,Pedestrian,pedestrian,28.1,61.0,91.4,0.0,0,3,3,3,3,1.0,1.0
nuscenes_mini_subset,scene-1094_011,yaw,0.0,deg,8,Car,vehicle,25.6,134.2,97.9,0.52,2,0,0,0,0,,
nuscenes_mini_subset,scene-1094_011,yaw,0.0,deg,9,Car,vehicle,25.0,246.8,83.0,0.0,0,33,33,33,33,1.0,1.0
nuscenes_mini_subset,scene-1094_011,yaw,0.0,deg,10,Car,vehicle,19.9,353.3,119.6,0.0,2,25,25,25,25,1.0,1.0
nuscenes_mini_subset,scene-1094_011,yaw,0.0,deg,11,Car,vehicle,21.9,410.0,210.1,0.0,0,121,121,121,121,1.0,1.0
nuscenes_mini_subset,scene-1094_011,yaw,0.0,deg,12,Pedestrian,pedestrian,9.3,178.1,251.8,0.0,0,40,40,40,40,1.0,1.0
nuscenes_mini_subset,scene-1094_011,yaw,0.0,deg,13,Pedestrian,pedestrian,17.7,49.2,117.0,0.0,2,2,2,2,2,1.0,1.0
nuscenes_mini_subset,scene-1094_011,yaw,0.0,deg,14,Bicycle,cyclist,21.5,128.9,72.5,0.0,0,6,6,6,6,1.0,1.0
nuscenes_mini_subset,scene-1094_011,yaw,0.5,deg,0,Car,vehicle,17.0,310.2,210.0,0.05,0,89,86,86,86,0.9663,1.0
nuscenes_mini_subset,scene-1094_011,yaw,0.5,deg,1,Pedestrian,pedestrian,17.6,53.6,123.9,0.0,0,7,7,5,5,0.7143,0.7143
nuscenes_mini_subset,scene-1094_011,yaw,0.5,deg,2,Pedestrian,pedestrian,20.6,44.8,123.2,0.37,0,1,1,1,1,1.0,1.0
nuscenes_mini_subset,scene-1094_011,yaw,0.5,deg,3,Pedestrian,pedestrian,28.0,44.0,89.1,0.0,2,3,3,2,2,0.6667,0.6667
nuscenes_mini_subset,scene-1094_011,yaw,0.5,deg,4,Car,vehicle,9.5,56.6,454.1,0.92,0,8,2,2,2,0.25,1.0
nuscenes_mini_subset,scene-1094_011,yaw,0.5,deg,5,Pedestrian,pedestrian,17.9,53.6,129.3,0.0,0,8,8,8,8,1.0,1.0
nuscenes_mini_subset,scene-1094_011,yaw,0.5,deg,6,Pedestrian,pedestrian,24.3,68.4,96.8,0.0,2,0,0,0,0,,
nuscenes_mini_subset,scene-1094_011,yaw,0.5,deg,7,Pedestrian,pedestrian,28.1,61.0,91.4,0.0,0,3,3,2,2,0.6667,0.6667
nuscenes_mini_subset,scene-1094_011,yaw,0.5,deg,8,Car,vehicle,25.6,134.2,97.9,0.52,2,0,0,0,0,,
nuscenes_mini_subset,scene-1094_011,yaw,0.5,deg,9,Car,vehicle,25.0,246.8,83.0,0.0,0,33,33,33,33,1.0,1.0
nuscenes_mini_subset,scene-1094_011,yaw,0.5,deg,10,Car,vehicle,19.9,353.3,119.6,0.0,2,25,25,25,25,1.0,1.0
nuscenes_mini_subset,scene-1094_011,yaw,0.5,deg,11,Car,vehicle,21.9,410.0,210.1,0.0,0,121,121,121,121,1.0,1.0
nuscenes_mini_subset,scene-1094_011,yaw,0.5,deg,12,Pedestrian,pedestrian,9.3,178.1,251.8,0.0,0,40,40,40,40,1.0,1.0
nuscenes_mini_subset,scene-1094_011,yaw,0.5,deg,13,Pedestrian,pedestrian,17.7,49.2,117.0,0.0,2,2,2,1,1,0.5,0.5
nuscenes_mini_subset,scene-1094_011,yaw,0.5,deg,14,Bicycle,cyclist,21.5,128.9,72.5,0.0,0,6,6,6,6,1.0,1.0
nuscenes_mini_subset,scene-1094_011,yaw,1.0,deg,0,Car,vehicle,17.0,310.2,210.0,0.05,0,89,82,82,82,0.9213,1.0
nuscenes_mini_subset,scene-1094_011,yaw,1.0,deg,1,Pedestrian,pedestrian,17.6,53.6,123.9,0.0,0,7,7,4,4,0.5714,0.5714
nuscenes_mini_subset,scene-1094_011,yaw,1.0,deg,2,Pedestrian,pedestrian,20.6,44.8,123.2,0.37,0,1,1,1,1,1.0,1.0
nuscenes_mini_subset,scene-1094_011,yaw,1.0,deg,3,Pedestrian,pedestrian,28.0,44.0,89.1,0.0,2,3,3,1,1,0.3333,0.3333
nuscenes_mini_subset,scene-1094_011,yaw,1.0,deg,4,Car,vehicle,9.5,56.6,454.1,0.92,0,8,0,0,0,0.0,
nuscenes_mini_subset,scene-1094_011,yaw,1.0,deg,5,Pedestrian,pedestrian,17.9,53.6,129.3,0.0,0,8,8,8,8,1.0,1.0
nuscenes_mini_subset,scene-1094_011,yaw,1.0,deg,6,Pedestrian,pedestrian,24.3,68.4,96.8,0.0,2,0,0,0,0,,
nuscenes_mini_subset,scene-1094_011,yaw,1.0,deg,7,Pedestrian,pedestrian,28.1,61.0,91.4,0.0,0,3,3,1,1,0.3333,0.3333
nuscenes_mini_subset,scene-1094_011,yaw,1.0,deg,8,Car,vehicle,25.6,134.2,97.9,0.52,2,0,0,0,0,,
nuscenes_mini_subset,scene-1094_011,yaw,1.0,deg,9,Car,vehicle,25.0,246.8,83.0,0.0,0,33,33,33,33,1.0,1.0
nuscenes_mini_subset,scene-1094_011,yaw,1.0,deg,10,Car,vehicle,19.9,353.3,119.6,0.0,2,25,25,25,25,1.0,1.0
nuscenes_mini_subset,scene-1094_011,yaw,1.0,deg,11,Car,vehicle,21.9,410.0,210.1,0.0,0,121,121,119,119,0.9835,0.9835
nuscenes_mini_subset,scene-1094_011,yaw,1.0,deg,12,Pedestrian,pedestrian,9.3,178.1,251.8,0.0,0,40,40,39,39,0.975,0.975
nuscenes_mini_subset,scene-1094_011,yaw,1.0,deg,13,Pedestrian,pedestrian,17.7,49.2,117.0,0.0,2,2,2,1,1,0.5,0.5
nuscenes_mini_subset,scene-1094_011,yaw,1.0,deg,14,Bicycle,cyclist,21.5,128.9,72.5,0.0,0,6,6,4,4,0.6667,0.6667
nuscenes_mini_subset,scene-1094_011,yaw,2.0,deg,0,Car,vehicle,17.0,310.2,210.0,0.05,0,89,72,72,72,0.809,1.0
nuscenes_mini_subset,scene-1094_011,yaw,2.0,deg,1,Pedestrian,pedestrian,17.6,53.6,123.9,0.0,0,7,7,0,0,0.0,0.0
nuscenes_mini_subset,scene-1094_011,yaw,2.0,deg,2,Pedestrian,pedestrian,20.6,44.8,123.2,0.37,0,1,1,0,0,0.0,0.0
nuscenes_mini_subset,scene-1094_011,yaw,2.0,deg,3,Pedestrian,pedestrian,28.0,44.0,89.1,0.0,2,3,3,0,0,0.0,0.0
nuscenes_mini_subset,scene-1094_011,yaw,2.0,deg,4,Car,vehicle,9.5,56.6,454.1,0.92,0,8,0,0,0,0.0,
nuscenes_mini_subset,scene-1094_011,yaw,2.0,deg,5,Pedestrian,pedestrian,17.9,53.6,129.3,0.0,0,8,8,0,0,0.0,0.0
nuscenes_mini_subset,scene-1094_011,yaw,2.0,deg,6,Pedestrian,pedestrian,24.3,68.4,96.8,0.0,2,0,0,0,0,,
nuscenes_mini_subset,scene-1094_011,yaw,2.0,deg,7,Pedestrian,pedestrian,28.1,61.0,91.4,0.0,0,3,3,0,0,0.0,0.0
nuscenes_mini_subset,scene-1094_011,yaw,2.0,deg,8,Car,vehicle,25.6,134.2,97.9,0.52,2,0,0,0,0,,
nuscenes_mini_subset,scene-1094_011,yaw,2.0,deg,9,Car,vehicle,25.0,246.8,83.0,0.0,0,33,33,29,29,0.8788,0.8788
nuscenes_mini_subset,scene-1094_011,yaw,2.0,deg,10,Car,vehicle,19.9,353.3,119.6,0.0,2,25,25,25,25,1.0,1.0
nuscenes_mini_subset,scene-1094_011,yaw,2.0,deg,11,Car,vehicle,21.9,410.0,210.1,0.0,0,121,121,114,114,0.9421,0.9421
nuscenes_mini_subset,scene-1094_011,yaw,2.0,deg,12,Pedestrian,pedestrian,9.3,178.1,251.8,0.0,0,40,40,32,32,0.8,0.8
nuscenes_mini_subset,scene-1094_011,yaw,2.0,deg,13,Pedestrian,pedestrian,17.7,49.2,117.0,0.0,2,2,2,0,0,0.0,0.0
nuscenes_mini_subset,scene-1094_011,yaw,2.0,deg,14,Bicycle,cyclist,21.5,128.9,72.5,0.0,0,6,6,4,4,0.6667,0.6667
nuscenes_mini_subset,scene-1094_011,yaw,3.0,deg,0,Car,vehicle,17.0,310.2,210.0,0.05,0,89,62,62,62,0.6966,1.0
nuscenes_mini_subset,scene-1094_011,yaw,3.0,deg,1,Pedestrian,pedestrian,17.6,53.6,123.9,0.0,0,7,7,0,0,0.0,0.0
nuscenes_mini_subset,scene-1094_011,yaw,3.0,deg,2,Pedestrian,pedestrian,20.6,44.8,123.2,0.37,0,1,1,0,0,0.0,0.0
nuscenes_mini_subset,scene-1094_011,yaw,3.0,deg,3,Pedestrian,pedestrian,28.0,44.0,89.1,0.0,2,3,3,0,0,0.0,0.0
nuscenes_mini_subset,scene-1094_011,yaw,3.0,deg,4,Car,vehicle,9.5,56.6,454.1,0.92,0,8,0,0,0,0.0,
nuscenes_mini_subset,scene-1094_011,yaw,3.0,deg,5,Pedestrian,pedestrian,17.9,53.6,129.3,0.0,0,8,8,0,0,0.0,0.0
nuscenes_mini_subset,scene-1094_011,yaw,3.0,deg,6,Pedestrian,pedestrian,24.3,68.4,96.8,0.0,2,0,0,0,0,,
nuscenes_mini_subset,scene-1094_011,yaw,3.0,deg,7,Pedestrian,pedestrian,28.1,61.0,91.4,0.0,0,3,3,0,0,0.0,0.0
nuscenes_mini_subset,scene-1094_011,yaw,3.0,deg,8,Car,vehicle,25.6,134.2,97.9,0.52,2,0,0,0,0,,
nuscenes_mini_subset,scene-1094_011,yaw,3.0,deg,9,Car,vehicle,25.0,246.8,83.0,0.0,0,33,33,24,24,0.7273,0.7273
nuscenes_mini_subset,scene-1094_011,yaw,3.0,deg,10,Car,vehicle,19.9,353.3,119.6,0.0,2,25,25,25,25,1.0,1.0
nuscenes_mini_subset,scene-1094_011,yaw,3.0,deg,11,Car,vehicle,21.9,410.0,210.1,0.0,0,121,121,108,108,0.8926,0.8926
nuscenes_mini_subset,scene-1094_011,yaw,3.0,deg,12,Pedestrian,pedestrian,9.3,178.1,251.8,0.0,0,40,40,15,15,0.375,0.375
nuscenes_mini_subset,scene-1094_011,yaw,3.0,deg,13,Pedestrian,pedestrian,17.7,49.2,117.0,0.0,2,2,2,0,0,0.0,0.0
nuscenes_mini_subset,scene-1094_011,yaw,3.0,deg,14,Bicycle,cyclist,21.5,128.9,72.5,0.0,0,6,6,2,2,0.3333,0.3333
nuscenes_mini_subset,scene-1094_012,yaw,0.0,deg,0,Car,vehicle,15.8,305.5,214.6,0.0,0,136,136,136,136,1.0,1.0
nuscenes_mini_subset,scene-1094_012,yaw,0.0,deg,1,Car,vehicle,31.1,107.9,93.0,0.5,2,2,2,2,2,1.0,1.0
nuscenes_mini_subset,scene-1094_012,yaw,0.0,deg,2,Car,vehicle,35.3,146.2,69.8,0.0,2,3,3,3,3,1.0,1.0
nuscenes_mini_subset,scene-1094_012,yaw,0.0,deg,3,Pedestrian,pedestrian,17.1,59.7,134.8,0.0,0,8,8,8,8,1.0,1.0
nuscenes_mini_subset,scene-1094_012,yaw,0.0,deg,4,Car,vehicle,41.3,42.5,98.1,0.76,2,0,0,0,0,,
nuscenes_mini_subset,scene-1094_012,yaw,0.0,deg,5,Pedestrian,pedestrian,26.9,50.8,98.1,0.0,2,3,3,3,3,1.0,1.0
nuscenes_mini_subset,scene-1094_012,yaw,0.0,deg,6,Car,vehicle,10.7,91.1,373.1,0.83,0,27,27,27,27,1.0,1.0
nuscenes_mini_subset,scene-1094_012,yaw,0.0,deg,7,Pedestrian,pedestrian,17.2,57.7,140.0,0.0,0,6,6,6,6,1.0,1.0
nuscenes_mini_subset,scene-1094_012,yaw,0.0,deg,8,Pedestrian,pedestrian,23.5,68.5,98.6,0.0,2,0,0,0,0,,
nuscenes_mini_subset,scene-1094_012,yaw,0.0,deg,9,Car,vehicle,24.4,246.8,95.5,0.0,2,15,15,15,15,1.0,1.0
nuscenes_mini_subset,scene-1094_012,yaw,0.0,deg,10,Car,vehicle,23.8,272.8,91.1,0.0,0,31,31,31,31,1.0,1.0
nuscenes_mini_subset,scene-1094_012,yaw,0.0,deg,11,Car,vehicle,18.6,340.3,123.8,0.0,2,32,32,32,32,1.0,1.0
nuscenes_mini_subset,scene-1094_012,yaw,0.0,deg,12,Car,vehicle,20.6,405.5,220.4,0.0,0,121,121,121,121,1.0,1.0
nuscenes_mini_subset,scene-1094_012,yaw,0.0,deg,13,Pedestrian,pedestrian,8.6,227.3,299.3,0.0,0,49,49,49,49,1.0,1.0
nuscenes_mini_subset,scene-1094_012,yaw,0.0,deg,14,Pedestrian,pedestrian,17.1,55.6,128.8,0.0,2,8,8,8,8,1.0,1.0
nuscenes_mini_subset,scene-1094_012,yaw,0.5,deg,0,Car,vehicle,15.8,305.5,214.6,0.0,0,136,136,135,135,0.9926,0.9926
nuscenes_mini_subset,scene-1094_012,yaw,0.5,deg,1,Car,vehicle,31.1,107.9,93.0,0.5,2,2,2,2,2,1.0,1.0
nuscenes_mini_subset,scene-1094_012,yaw,0.5,deg,2,Car,vehicle,35.3,146.2,69.8,0.0,2,3,3,3,3,1.0,1.0
nuscenes_mini_subset,scene-1094_012,yaw,0.5,deg,3,Pedestrian,pedestrian,17.1,59.7,134.8,0.0,0,8,8,8,8,1.0,1.0
nuscenes_mini_subset,scene-1094_012,yaw,0.5,deg,4,Car,vehicle,41.3,42.5,98.1,0.76,2,0,0,0,0,,
nuscenes_mini_subset,scene-1094_012,yaw,0.5,deg,5,Pedestrian,pedestrian,26.9,50.8,98.1,0.0,2,3,3,3,3,1.0,1.0
nuscenes_mini_subset,scene-1094_012,yaw,0.5,deg,6,Car,vehicle,10.7,91.1,373.1,0.83,0,27,18,18,18,0.6667,1.0
nuscenes_mini_subset,scene-1094_012,yaw,0.5,deg,7,Pedestrian,pedestrian,17.2,57.7,140.0,0.0,0,6,6,6,6,1.0,1.0
nuscenes_mini_subset,scene-1094_012,yaw,0.5,deg,8,Pedestrian,pedestrian,23.5,68.5,98.6,0.0,2,0,0,0,0,,
nuscenes_mini_subset,scene-1094_012,yaw,0.5,deg,9,Car,vehicle,24.4,246.8,95.5,0.0,2,15,15,15,15,1.0,1.0
nuscenes_mini_subset,scene-1094_012,yaw,0.5,deg,10,Car,vehicle,23.8,272.8,91.1,0.0,0,31,31,31,31,1.0,1.0
nuscenes_mini_subset,scene-1094_012,yaw,0.5,deg,11,Car,vehicle,18.6,340.3,123.8,0.0,2,32,32,32,32,1.0,1.0
nuscenes_mini_subset,scene-1094_012,yaw,0.5,deg,12,Car,vehicle,20.6,405.5,220.4,0.0,0,121,121,121,121,1.0,1.0
nuscenes_mini_subset,scene-1094_012,yaw,0.5,deg,13,Pedestrian,pedestrian,8.6,227.3,299.3,0.0,0,49,49,49,49,1.0,1.0
nuscenes_mini_subset,scene-1094_012,yaw,0.5,deg,14,Pedestrian,pedestrian,17.1,55.6,128.8,0.0,2,8,8,7,7,0.875,0.875
nuscenes_mini_subset,scene-1094_012,yaw,1.0,deg,0,Car,vehicle,15.8,305.5,214.6,0.0,0,136,136,132,132,0.9706,0.9706
nuscenes_mini_subset,scene-1094_012,yaw,1.0,deg,1,Car,vehicle,31.1,107.9,93.0,0.5,2,2,2,2,2,1.0,1.0
nuscenes_mini_subset,scene-1094_012,yaw,1.0,deg,2,Car,vehicle,35.3,146.2,69.8,0.0,2,3,3,3,3,1.0,1.0
nuscenes_mini_subset,scene-1094_012,yaw,1.0,deg,3,Pedestrian,pedestrian,17.1,59.7,134.8,0.0,0,8,8,6,6,0.75,0.75
nuscenes_mini_subset,scene-1094_012,yaw,1.0,deg,4,Car,vehicle,41.3,42.5,98.1,0.76,2,0,0,0,0,,
nuscenes_mini_subset,scene-1094_012,yaw,1.0,deg,5,Pedestrian,pedestrian,26.9,50.8,98.1,0.0,2,3,3,3,3,1.0,1.0
nuscenes_mini_subset,scene-1094_012,yaw,1.0,deg,6,Car,vehicle,10.7,91.1,373.1,0.83,0,27,10,10,10,0.3704,1.0
nuscenes_mini_subset,scene-1094_012,yaw,1.0,deg,7,Pedestrian,pedestrian,17.2,57.7,140.0,0.0,0,6,6,5,5,0.8333,0.8333
nuscenes_mini_subset,scene-1094_012,yaw,1.0,deg,8,Pedestrian,pedestrian,23.5,68.5,98.6,0.0,2,0,0,0,0,,
nuscenes_mini_subset,scene-1094_012,yaw,1.0,deg,9,Car,vehicle,24.4,246.8,95.5,0.0,2,15,15,14,14,0.9333,0.9333
nuscenes_mini_subset,scene-1094_012,yaw,1.0,deg,10,Car,vehicle,23.8,272.8,91.1,0.0,0,31,31,31,31,1.0,1.0
nuscenes_mini_subset,scene-1094_012,yaw,1.0,deg,11,Car,vehicle,18.6,340.3,123.8,0.0,2,32,32,32,32,1.0,1.0
nuscenes_mini_subset,scene-1094_012,yaw,1.0,deg,12,Car,vehicle,20.6,405.5,220.4,0.0,0,121,121,121,121,1.0,1.0
nuscenes_mini_subset,scene-1094_012,yaw,1.0,deg,13,Pedestrian,pedestrian,8.6,227.3,299.3,0.0,0,49,49,49,49,1.0,1.0
nuscenes_mini_subset,scene-1094_012,yaw,1.0,deg,14,Pedestrian,pedestrian,17.1,55.6,128.8,0.0,2,8,8,3,3,0.375,0.375
nuscenes_mini_subset,scene-1094_012,yaw,2.0,deg,0,Car,vehicle,15.8,305.5,214.6,0.0,0,136,136,118,118,0.8676,0.8676
nuscenes_mini_subset,scene-1094_012,yaw,2.0,deg,1,Car,vehicle,31.1,107.9,93.0,0.5,2,2,2,2,2,1.0,1.0
nuscenes_mini_subset,scene-1094_012,yaw,2.0,deg,2,Car,vehicle,35.3,146.2,69.8,0.0,2,3,3,1,1,0.3333,0.3333
nuscenes_mini_subset,scene-1094_012,yaw,2.0,deg,3,Pedestrian,pedestrian,17.1,59.7,134.8,0.0,0,8,8,0,0,0.0,0.0
nuscenes_mini_subset,scene-1094_012,yaw,2.0,deg,4,Car,vehicle,41.3,42.5,98.1,0.76,2,0,0,0,0,,
nuscenes_mini_subset,scene-1094_012,yaw,2.0,deg,5,Pedestrian,pedestrian,26.9,50.8,98.1,0.0,2,3,3,0,0,0.0,0.0
nuscenes_mini_subset,scene-1094_012,yaw,2.0,deg,6,Car,vehicle,10.7,91.1,373.1,0.83,0,27,0,0,0,0.0,
nuscenes_mini_subset,scene-1094_012,yaw,2.0,deg,7,Pedestrian,pedestrian,17.2,57.7,140.0,0.0,0,6,6,1,1,0.1667,0.1667
nuscenes_mini_subset,scene-1094_012,yaw,2.0,deg,8,Pedestrian,pedestrian,23.5,68.5,98.6,0.0,2,0,0,0,0,,
nuscenes_mini_subset,scene-1094_012,yaw,2.0,deg,9,Car,vehicle,24.4,246.8,95.5,0.0,2,15,15,9,9,0.6,0.6
nuscenes_mini_subset,scene-1094_012,yaw,2.0,deg,10,Car,vehicle,23.8,272.8,91.1,0.0,0,31,31,29,29,0.9355,0.9355
nuscenes_mini_subset,scene-1094_012,yaw,2.0,deg,11,Car,vehicle,18.6,340.3,123.8,0.0,2,32,32,32,32,1.0,1.0
nuscenes_mini_subset,scene-1094_012,yaw,2.0,deg,12,Car,vehicle,20.6,405.5,220.4,0.0,0,121,121,118,118,0.9752,0.9752
nuscenes_mini_subset,scene-1094_012,yaw,2.0,deg,13,Pedestrian,pedestrian,8.6,227.3,299.3,0.0,0,49,49,45,45,0.9184,0.9184
nuscenes_mini_subset,scene-1094_012,yaw,2.0,deg,14,Pedestrian,pedestrian,17.1,55.6,128.8,0.0,2,8,8,0,0,0.0,0.0
nuscenes_mini_subset,scene-1094_012,yaw,3.0,deg,0,Car,vehicle,15.8,305.5,214.6,0.0,0,136,136,100,100,0.7353,0.7353
nuscenes_mini_subset,scene-1094_012,yaw,3.0,deg,1,Car,vehicle,31.1,107.9,93.0,0.5,2,2,0,0,0,0.0,
nuscenes_mini_subset,scene-1094_012,yaw,3.0,deg,2,Car,vehicle,35.3,146.2,69.8,0.0,2,3,3,0,0,0.0,0.0
nuscenes_mini_subset,scene-1094_012,yaw,3.0,deg,3,Pedestrian,pedestrian,17.1,59.7,134.8,0.0,0,8,8,0,0,0.0,0.0
nuscenes_mini_subset,scene-1094_012,yaw,3.0,deg,4,Car,vehicle,41.3,42.5,98.1,0.76,2,0,0,0,0,,
nuscenes_mini_subset,scene-1094_012,yaw,3.0,deg,5,Pedestrian,pedestrian,26.9,50.8,98.1,0.0,2,3,3,0,0,0.0,0.0
nuscenes_mini_subset,scene-1094_012,yaw,3.0,deg,6,Car,vehicle,10.7,91.1,373.1,0.83,0,27,0,0,0,0.0,
nuscenes_mini_subset,scene-1094_012,yaw,3.0,deg,7,Pedestrian,pedestrian,17.2,57.7,140.0,0.0,0,6,6,0,0,0.0,0.0
nuscenes_mini_subset,scene-1094_012,yaw,3.0,deg,8,Pedestrian,pedestrian,23.5,68.5,98.6,0.0,2,0,0,0,0,,
nuscenes_mini_subset,scene-1094_012,yaw,3.0,deg,9,Car,vehicle,24.4,246.8,95.5,0.0,2,15,15,6,6,0.4,0.4
nuscenes_mini_subset,scene-1094_012,yaw,3.0,deg,10,Car,vehicle,23.8,272.8,91.1,0.0,0,31,31,24,24,0.7742,0.7742
nuscenes_mini_subset,scene-1094_012,yaw,3.0,deg,11,Car,vehicle,18.6,340.3,123.8,0.0,2,32,32,32,32,1.0,1.0
nuscenes_mini_subset,scene-1094_012,yaw,3.0,deg,12,Car,vehicle,20.6,405.5,220.4,0.0,0,121,121,111,111,0.9174,0.9174
nuscenes_mini_subset,scene-1094_012,yaw,3.0,deg,13,Pedestrian,pedestrian,8.6,227.3,299.3,0.0,0,49,49,33,33,0.6735,0.6735
nuscenes_mini_subset,scene-1094_012,yaw,3.0,deg,14,Pedestrian,pedestrian,17.1,55.6,128.8,0.0,2,8,8,0,0,0.0,0.0
nuscenes_mini_subset,scene-1094_013,yaw,0.0,deg,0,Car,vehicle,14.4,304.5,228.7,0.0,0,126,126,126,126,1.0,1.0
nuscenes_mini_subset,scene-1094_013,yaw,0.0,deg,1,Car,vehicle,29.7,183.1,88.5,0.0,0,6,6,6,6,1.0,1.0
nuscenes_mini_subset,scene-1094_013,yaw,0.0,deg,2,Car,vehicle,33.9,127.7,67.1,0.0,2,10,10,10,10,1.0,1.0
nuscenes_mini_subset,scene-1094_013,yaw,0.0,deg,3,Car,vehicle,39.9,146.5,91.4,0.0,2,15,15,15,15,1.0,1.0
nuscenes_mini_subset,scene-1094_013,yaw,0.0,deg,4,Car,vehicle,12.0,205.8,297.7,0.43,0,83,83,83,83,1.0,1.0
nuscenes_mini_subset,scene-1094_013,yaw,0.0,deg,5,Pedestrian,pedestrian,16.6,63.0,163.0,0.11,0,5,5,5,5,1.0,1.0
nuscenes_mini_subset,scene-1094_013,yaw,0.0,deg,6,Pedestrian,pedestrian,22.6,72.5,103.5,0.0,2,0,0,0,0,,
nuscenes_mini_subset,scene-1094_013,yaw,0.0,deg,7,Car,vehicle,23.0,228.0,96.0,0.0,2,14,14,14,14,1.0,1.0
nuscenes_mini_subset,scene-1094_013,yaw,0.0,deg,8,Car,vehicle,37.3,127.3,71.1,0.0,0,3,3,3,3,1.0,1.0
nuscenes_mini_subset,scene-1094_013,yaw,0.0,deg,9,Car,vehicle,22.7,306.2,107.3,0.1,0,28,28,28,28,1.0,1.0
nuscenes_mini_subset,scene-1094_013,yaw,0.0,deg,10,Car,vehicle,17.2,349.7,133.2,0.0,2,35,35,35,35,1.0,1.0
nuscenes_mini_subset,scene-1094_013,yaw,0.0,deg,11,Car,vehicle,19.3,432.3,241.9,0.0,0,168,168,168,168,1.0,1.0
nuscenes_mini_subset,scene-1094_013,yaw,0.0,deg,12,Car,vehicle,46.4,104.8,55.6,0.0,2,1,1,1,1,1.0,1.0
nuscenes_mini_subset,scene-1094_013,yaw,0.5,deg,0,Car,vehicle,14.4,304.5,228.7,0.0,0,126,126,126,126,1.0,1.0
nuscenes_mini_subset,scene-1094_013,yaw,0.5,deg,1,Car,vehicle,29.7,183.1,88.5,0.0,0,6,6,6,6,1.0,1.0
nuscenes_mini_subset,scene-1094_013,yaw,0.5,deg,2,Car,vehicle,33.9,127.7,67.1,0.0,2,10,10,10,10,1.0,1.0
nuscenes_mini_subset,scene-1094_013,yaw,0.5,deg,3,Car,vehicle,39.9,146.5,91.4,0.0,2,15,15,15,15,1.0,1.0
nuscenes_mini_subset,scene-1094_013,yaw,0.5,deg,4,Car,vehicle,12.0,205.8,297.7,0.43,0,83,76,76,76,0.9157,1.0
nuscenes_mini_subset,scene-1094_013,yaw,0.5,deg,5,Pedestrian,pedestrian,16.6,63.0,163.0,0.11,0,5,5,5,5,1.0,1.0
nuscenes_mini_subset,scene-1094_013,yaw,0.5,deg,6,Pedestrian,pedestrian,22.6,72.5,103.5,0.0,2,0,0,0,0,,
nuscenes_mini_subset,scene-1094_013,yaw,0.5,deg,7,Car,vehicle,23.0,228.0,96.0,0.0,2,14,14,14,14,1.0,1.0
nuscenes_mini_subset,scene-1094_013,yaw,0.5,deg,8,Car,vehicle,37.3,127.3,71.1,0.0,0,3,3,3,3,1.0,1.0
nuscenes_mini_subset,scene-1094_013,yaw,0.5,deg,9,Car,vehicle,22.7,306.2,107.3,0.1,0,28,28,28,28,1.0,1.0
nuscenes_mini_subset,scene-1094_013,yaw,0.5,deg,10,Car,vehicle,17.2,349.7,133.2,0.0,2,35,35,35,35,1.0,1.0
nuscenes_mini_subset,scene-1094_013,yaw,0.5,deg,11,Car,vehicle,19.3,432.3,241.9,0.0,0,168,168,168,168,1.0,1.0
nuscenes_mini_subset,scene-1094_013,yaw,0.5,deg,12,Car,vehicle,46.4,104.8,55.6,0.0,2,1,1,1,1,1.0,1.0
nuscenes_mini_subset,scene-1094_013,yaw,1.0,deg,0,Car,vehicle,14.4,304.5,228.7,0.0,0,126,126,123,123,0.9762,0.9762
nuscenes_mini_subset,scene-1094_013,yaw,1.0,deg,1,Car,vehicle,29.7,183.1,88.5,0.0,0,6,6,6,6,1.0,1.0
nuscenes_mini_subset,scene-1094_013,yaw,1.0,deg,2,Car,vehicle,33.9,127.7,67.1,0.0,2,10,10,10,10,1.0,1.0
nuscenes_mini_subset,scene-1094_013,yaw,1.0,deg,3,Car,vehicle,39.9,146.5,91.4,0.0,2,15,15,14,14,0.9333,0.9333
nuscenes_mini_subset,scene-1094_013,yaw,1.0,deg,4,Car,vehicle,12.0,205.8,297.7,0.43,0,83,69,69,69,0.8313,1.0
nuscenes_mini_subset,scene-1094_013,yaw,1.0,deg,5,Pedestrian,pedestrian,16.6,63.0,163.0,0.11,0,5,5,5,5,1.0,1.0
nuscenes_mini_subset,scene-1094_013,yaw,1.0,deg,6,Pedestrian,pedestrian,22.6,72.5,103.5,0.0,2,0,0,0,0,,
nuscenes_mini_subset,scene-1094_013,yaw,1.0,deg,7,Car,vehicle,23.0,228.0,96.0,0.0,2,14,14,13,13,0.9286,0.9286
nuscenes_mini_subset,scene-1094_013,yaw,1.0,deg,8,Car,vehicle,37.3,127.3,71.1,0.0,0,3,3,3,3,1.0,1.0
nuscenes_mini_subset,scene-1094_013,yaw,1.0,deg,9,Car,vehicle,22.7,306.2,107.3,0.1,0,28,28,28,28,1.0,1.0
nuscenes_mini_subset,scene-1094_013,yaw,1.0,deg,10,Car,vehicle,17.2,349.7,133.2,0.0,2,35,35,35,35,1.0,1.0
nuscenes_mini_subset,scene-1094_013,yaw,1.0,deg,11,Car,vehicle,19.3,432.3,241.9,0.0,0,168,168,168,168,1.0,1.0
nuscenes_mini_subset,scene-1094_013,yaw,1.0,deg,12,Car,vehicle,46.4,104.8,55.6,0.0,2,1,1,1,1,1.0,1.0
nuscenes_mini_subset,scene-1094_013,yaw,2.0,deg,0,Car,vehicle,14.4,304.5,228.7,0.0,0,126,126,110,110,0.873,0.873
nuscenes_mini_subset,scene-1094_013,yaw,2.0,deg,1,Car,vehicle,29.7,183.1,88.5,0.0,0,6,6,6,6,1.0,1.0
nuscenes_mini_subset,scene-1094_013,yaw,2.0,deg,2,Car,vehicle,33.9,127.7,67.1,0.0,2,10,10,8,8,0.8,0.8
nuscenes_mini_subset,scene-1094_013,yaw,2.0,deg,3,Car,vehicle,39.9,146.5,91.4,0.0,2,15,15,8,8,0.5333,0.5333
nuscenes_mini_subset,scene-1094_013,yaw,2.0,deg,4,Car,vehicle,12.0,205.8,297.7,0.43,0,83,55,55,55,0.6627,1.0
nuscenes_mini_subset,scene-1094_013,yaw,2.0,deg,5,Pedestrian,pedestrian,16.6,63.0,163.0,0.11,0,5,5,2,2,0.4,0.4
nuscenes_mini_subset,scene-1094_013,yaw,2.0,deg,6,Pedestrian,pedestrian,22.6,72.5,103.5,0.0,2,0,0,0,0,,
nuscenes_mini_subset,scene-1094_013,yaw,2.0,deg,7,Car,vehicle,23.0,228.0,96.0,0.0,2,14,14,9,9,0.6429,0.6429
nuscenes_mini_subset,scene-1094_013,yaw,2.0,deg,8,Car,vehicle,37.3,127.3,71.1,0.0,0,3,3,3,3,1.0,1.0
nuscenes_mini_subset,scene-1094_013,yaw,2.0,deg,9,Car,vehicle,22.7,306.2,107.3,0.1,0,28,28,25,25,0.8929,0.8929
nuscenes_mini_subset,scene-1094_013,yaw,2.0,deg,10,Car,vehicle,17.2,349.7,133.2,0.0,2,35,35,35,35,1.0,1.0
nuscenes_mini_subset,scene-1094_013,yaw,2.0,deg,11,Car,vehicle,19.3,432.3,241.9,0.0,0,168,168,165,165,0.9821,0.9821
nuscenes_mini_subset,scene-1094_013,yaw,2.0,deg,12,Car,vehicle,46.4,104.8,55.6,0.0,2,1,1,1,1,1.0,1.0
nuscenes_mini_subset,scene-1094_013,yaw,3.0,deg,0,Car,vehicle,14.4,304.5,228.7,0.0,0,126,126,96,96,0.7619,0.7619
nuscenes_mini_subset,scene-1094_013,yaw,3.0,deg,1,Car,vehicle,29.7,183.1,88.5,0.0,0,6,6,6,6,1.0,1.0
nuscenes_mini_subset,scene-1094_013,yaw,3.0,deg,2,Car,vehicle,33.9,127.7,67.1,0.0,2,10,10,2,2,0.2,0.2
nuscenes_mini_subset,scene-1094_013,yaw,3.0,deg,3,Car,vehicle,39.9,146.5,91.4,0.0,2,15,15,5,5,0.3333,0.3333
nuscenes_mini_subset,scene-1094_013,yaw,3.0,deg,4,Car,vehicle,12.0,205.8,297.7,0.43,0,83,41,41,41,0.494,1.0
nuscenes_mini_subset,scene-1094_013,yaw,3.0,deg,5,Pedestrian,pedestrian,16.6,63.0,163.0,0.11,0,5,5,0,0,0.0,0.0
nuscenes_mini_subset,scene-1094_013,yaw,3.0,deg,6,Pedestrian,pedestrian,22.6,72.5,103.5,0.0,2,0,0,0,0,,
nuscenes_mini_subset,scene-1094_013,yaw,3.0,deg,7,Car,vehicle,23.0,228.0,96.0,0.0,2,14,14,5,5,0.3571,0.3571
nuscenes_mini_subset,scene-1094_013,yaw,3.0,deg,8,Car,vehicle,37.3,127.3,71.1,0.0,0,3,3,1,1,0.3333,0.3333
nuscenes_mini_subset,scene-1094_013,yaw,3.0,deg,9,Car,vehicle,22.7,306.2,107.3,0.1,0,28,28,20,20,0.7143,0.7143
nuscenes_mini_subset,scene-1094_013,yaw,3.0,deg,10,Car,vehicle,17.2,349.7,133.2,0.0,2,35,35,35,35,1.0,1.0
nuscenes_mini_subset,scene-1094_013,yaw,3.0,deg,11,Car,vehicle,19.3,432.3,241.9,0.0,0,168,168,156,156,0.9286,0.9286
nuscenes_mini_subset,scene-1094_013,yaw,3.0,deg,12,Car,vehicle,46.4,104.8,55.6,0.0,2,1,0,0,0,0.0,
nuscenes_mini_subset,scene-1094_014,yaw,0.0,deg,0,Car,vehicle,12.7,354.8,264.8,0.0,0,180,180,180,180,1.0,1.0
nuscenes_mini_subset,scene-1094_014,yaw,0.0,deg,1,Car,vehicle,28.1,170.4,88.6,0.0,0,14,14,14,14,1.0,1.0
nuscenes_mini_subset,scene-1094_014,yaw,0.0,deg,2,Car,vehicle,32.3,122.9,67.7,0.0,2,11,11,11,11,1.0,1.0
nuscenes_mini_subset,scene-1094_014,yaw,0.0,deg,3,Car,vehicle,38.3,132.6,89.3,0.0,2,16,16,16,16,1.0,1.0
nuscenes_mini_subset,scene-1094_014,yaw,0.0,deg,4,Car,vehicle,13.3,253.5,235.3,0.0,0,99,99,99,99,1.0,1.0
nuscenes_mini_subset,scene-1094_014,yaw,0.0,deg,5,Pedestrian,pedestrian,21.7,86.9,116.2,0.0,2,0,0,0,0,,
nuscenes_mini_subset,scene-1094_014,yaw,0.0,deg,6,Car,vehicle,21.3,234.7,102.3,0.0,2,11,11,11,11,1.0,1.0
nuscenes_mini_subset,scene-1094_014,yaw,0.0,deg,7,Car,vehicle,35.7,111.8,68.5,0.0,0,3,3,3,3,1.0,1.0
nuscenes_mini_subset,scene-1094_014,yaw,0.0,deg,8,Car,vehicle,15.6,417.4,156.4,0.0,2,48,48,48,48,1.0,1.0
nuscenes_mini_subset,scene-1094_014,yaw,0.0,deg,9,Car,vehicle,17.8,542.5,292.5,0.0,0,199,199,199,199,1.0,1.0
nuscenes_mini_subset,scene-1094_014,yaw,0.0,deg,10,Car,vehicle,44.1,89.0,52.7,0.0,0,0,0,0,0,,
nuscenes_mini_subset,scene-1094_014,yaw,0.5,deg,0,Car,vehicle,12.7,354.8,264.8,0.0,0,180,180,180,180,1.0,1.0
nuscenes_mini_subset,scene-1094_014,yaw,0.5,deg,1,Car,vehicle,28.1,170.4,88.6,0.0,0,14,14,14,14,1.0,1.0
nuscenes_mini_subset,scene-1094_014,yaw,0.5,deg,2,Car,vehicle,32.3,122.9,67.7,0.0,2,11,11,11,11,1.0,1.0
nuscenes_mini_subset,scene-1094_014,yaw,0.5,deg,3,Car,vehicle,38.3,132.6,89.3,0.0,2,16,16,16,16,1.0,1.0
nuscenes_mini_subset,scene-1094_014,yaw,0.5,deg,4,Car,vehicle,13.3,253.5,235.3,0.0,0,99,99,99,99,1.0,1.0
nuscenes_mini_subset,scene-1094_014,yaw,0.5,deg,5,Pedestrian,pedestrian,21.7,86.9,116.2,0.0,2,0,0,0,0,,
nuscenes_mini_subset,scene-1094_014,yaw,0.5,deg,6,Car,vehicle,21.3,234.7,102.3,0.0,2,11,11,11,11,1.0,1.0
nuscenes_mini_subset,scene-1094_014,yaw,0.5,deg,7,Car,vehicle,35.7,111.8,68.5,0.0,0,3,3,3,3,1.0,1.0
nuscenes_mini_subset,scene-1094_014,yaw,0.5,deg,8,Car,vehicle,15.6,417.4,156.4,0.0,2,48,48,48,48,1.0,1.0
nuscenes_mini_subset,scene-1094_014,yaw,0.5,deg,9,Car,vehicle,17.8,542.5,292.5,0.0,0,199,199,199,199,1.0,1.0
nuscenes_mini_subset,scene-1094_014,yaw,0.5,deg,10,Car,vehicle,44.1,89.0,52.7,0.0,0,0,0,0,0,,
nuscenes_mini_subset,scene-1094_014,yaw,1.0,deg,0,Car,vehicle,12.7,354.8,264.8,0.0,0,180,180,176,176,0.9778,0.9778
nuscenes_mini_subset,scene-1094_014,yaw,1.0,deg,1,Car,vehicle,28.1,170.4,88.6,0.0,0,14,14,14,14,1.0,1.0
nuscenes_mini_subset,scene-1094_014,yaw,1.0,deg,2,Car,vehicle,32.3,122.9,67.7,0.0,2,11,11,11,11,1.0,1.0
nuscenes_mini_subset,scene-1094_014,yaw,1.0,deg,3,Car,vehicle,38.3,132.6,89.3,0.0,2,16,16,15,15,0.9375,0.9375
nuscenes_mini_subset,scene-1094_014,yaw,1.0,deg,4,Car,vehicle,13.3,253.5,235.3,0.0,0,99,99,95,95,0.9596,0.9596
nuscenes_mini_subset,scene-1094_014,yaw,1.0,deg,5,Pedestrian,pedestrian,21.7,86.9,116.2,0.0,2,0,0,0,0,,
nuscenes_mini_subset,scene-1094_014,yaw,1.0,deg,6,Car,vehicle,21.3,234.7,102.3,0.0,2,11,11,10,10,0.9091,0.9091
nuscenes_mini_subset,scene-1094_014,yaw,1.0,deg,7,Car,vehicle,35.7,111.8,68.5,0.0,0,3,3,3,3,1.0,1.0
nuscenes_mini_subset,scene-1094_014,yaw,1.0,deg,8,Car,vehicle,15.6,417.4,156.4,0.0,2,48,48,48,48,1.0,1.0
nuscenes_mini_subset,scene-1094_014,yaw,1.0,deg,9,Car,vehicle,17.8,542.5,292.5,0.0,0,199,199,199,199,1.0,1.0
nuscenes_mini_subset,scene-1094_014,yaw,1.0,deg,10,Car,vehicle,44.1,89.0,52.7,0.0,0,0,0,0,0,,
nuscenes_mini_subset,scene-1094_014,yaw,2.0,deg,0,Car,vehicle,12.7,354.8,264.8,0.0,0,180,180,161,161,0.8944,0.8944
nuscenes_mini_subset,scene-1094_014,yaw,2.0,deg,1,Car,vehicle,28.1,170.4,88.6,0.0,0,14,14,13,13,0.9286,0.9286
nuscenes_mini_subset,scene-1094_014,yaw,2.0,deg,2,Car,vehicle,32.3,122.9,67.7,0.0,2,11,11,7,7,0.6364,0.6364
nuscenes_mini_subset,scene-1094_014,yaw,2.0,deg,3,Car,vehicle,38.3,132.6,89.3,0.0,2,16,16,8,8,0.5,0.5
nuscenes_mini_subset,scene-1094_014,yaw,2.0,deg,4,Car,vehicle,13.3,253.5,235.3,0.0,0,99,99,81,81,0.8182,0.8182
nuscenes_mini_subset,scene-1094_014,yaw,2.0,deg,5,Pedestrian,pedestrian,21.7,86.9,116.2,0.0,2,0,0,0,0,,
nuscenes_mini_subset,scene-1094_014,yaw,2.0,deg,6,Car,vehicle,21.3,234.7,102.3,0.0,2,11,11,8,8,0.7273,0.7273
nuscenes_mini_subset,scene-1094_014,yaw,2.0,deg,7,Car,vehicle,35.7,111.8,68.5,0.0,0,3,3,2,2,0.6667,0.6667
nuscenes_mini_subset,scene-1094_014,yaw,2.0,deg,8,Car,vehicle,15.6,417.4,156.4,0.0,2,48,48,48,48,1.0,1.0
nuscenes_mini_subset,scene-1094_014,yaw,2.0,deg,9,Car,vehicle,17.8,542.5,292.5,0.0,0,199,199,195,195,0.9799,0.9799
nuscenes_mini_subset,scene-1094_014,yaw,2.0,deg,10,Car,vehicle,44.1,89.0,52.7,0.0,0,0,0,0,0,,
nuscenes_mini_subset,scene-1094_014,yaw,3.0,deg,0,Car,vehicle,12.7,354.8,264.8,0.0,0,180,180,143,143,0.7944,0.7944
nuscenes_mini_subset,scene-1094_014,yaw,3.0,deg,1,Car,vehicle,28.1,170.4,88.6,0.0,0,14,14,11,11,0.7857,0.7857
nuscenes_mini_subset,scene-1094_014,yaw,3.0,deg,2,Car,vehicle,32.3,122.9,67.7,0.0,2,11,11,1,1,0.0909,0.0909
nuscenes_mini_subset,scene-1094_014,yaw,3.0,deg,3,Car,vehicle,38.3,132.6,89.3,0.0,2,16,16,5,5,0.3125,0.3125
nuscenes_mini_subset,scene-1094_014,yaw,3.0,deg,4,Car,vehicle,13.3,253.5,235.3,0.0,0,99,99,73,73,0.7374,0.7374
nuscenes_mini_subset,scene-1094_014,yaw,3.0,deg,5,Pedestrian,pedestrian,21.7,86.9,116.2,0.0,2,0,0,0,0,,
nuscenes_mini_subset,scene-1094_014,yaw,3.0,deg,6,Car,vehicle,21.3,234.7,102.3,0.0,2,11,11,5,5,0.4545,0.4545
nuscenes_mini_subset,scene-1094_014,yaw,3.0,deg,7,Car,vehicle,35.7,111.8,68.5,0.0,0,3,3,0,0,0.0,0.0
nuscenes_mini_subset,scene-1094_014,yaw,3.0,deg,8,Car,vehicle,15.6,417.4,156.4,0.0,2,48,48,48,48,1.0,1.0
nuscenes_mini_subset,scene-1094_014,yaw,3.0,deg,9,Car,vehicle,17.8,542.5,292.5,0.0,0,199,199,187,187,0.9397,0.9397
nuscenes_mini_subset,scene-1094_014,yaw,3.0,deg,10,Car,vehicle,44.1,89.0,52.7,0.0,0,0,0,0,0,,
nuscenes_mini_subset,scene-1094_015,yaw,0.0,deg,0,Car,vehicle,10.9,424.6,354.1,0.22,0,256,256,255,255,0.9961,0.9961
nuscenes_mini_subset,scene-1094_015,yaw,0.0,deg,1,Car,vehicle,26.1,183.5,95.6,0.0,0,18,18,18,18,1.0,1.0
nuscenes_mini_subset,scene-1094_015,yaw,0.0,deg,2,Car,vehicle,30.3,136.9,73.3,0.0,2,13,13,13,13,1.0,1.0
nuscenes_mini_subset,scene-1094_015,yaw,0.0,deg,3,Car,vehicle,36.3,137.6,93.4,0.0,2,16,16,16,16,1.0,1.0
nuscenes_mini_subset,scene-1094_015,yaw,0.0,deg,4,Car,vehicle,14.6,206.1,195.5,0.0,0,87,87,87,87,1.0,1.0
nuscenes_mini_subset,scene-1094_015,yaw,0.0,deg,5,Car,vehicle,19.4,285.9,119.2,0.0,1,28,28,28,28,1.0,1.0
nuscenes_mini_subset,scene-1094_015,yaw,0.0,deg,6,Car,vehicle,33.7,112.8,70.9,0.0,0,3,3,3,3,1.0,1.0
nuscenes_mini_subset,scene-1094_015,yaw,0.0,deg,7,Pedestrian,pedestrian,49.5,21.0,49.6,0.0,0,1,1,1,1,1.0,1.0
nuscenes_mini_subset,scene-1094_015,yaw,0.0,deg,8,Car,vehicle,14.0,266.5,211.6,0.58,2,0,0,0,0,,
nuscenes_mini_subset,scene-1094_015,yaw,0.0,deg,9,Car,vehicle,16.3,143.5,414.3,0.84,0,31,31,31,31,1.0,1.0
nuscenes_mini_subset,scene-1094_015,yaw,0.0,deg,10,Car,vehicle,41.4,87.5,53.8,0.0,0,1,1,1,1,1.0,1.0
nuscenes_mini_subset,scene-1094_015,yaw,0.5,deg,0,Car,vehicle,10.9,424.6,354.1,0.22,0,256,264,256,263,1.0,0.9962
nuscenes_mini_subset,scene-1094_015,yaw,0.5,deg,1,Car,vehicle,26.1,183.5,95.6,0.0,0,18,18,18,18,1.0,1.0
nuscenes_mini_subset,scene-1094_015,yaw,0.5,deg,2,Car,vehicle,30.3,136.9,73.3,0.0,2,13,13,13,13,1.0,1.0
nuscenes_mini_subset,scene-1094_015,yaw,0.5,deg,3,Car,vehicle,36.3,137.6,93.4,0.0,2,16,16,16,16,1.0,1.0
nuscenes_mini_subset,scene-1094_015,yaw,0.5,deg,4,Car,vehicle,14.6,206.1,195.5,0.0,0,87,87,85,85,0.977,0.977
nuscenes_mini_subset,scene-1094_015,yaw,0.5,deg,5,Car,vehicle,19.4,285.9,119.2,0.0,1,28,28,26,26,0.9286,0.9286
nuscenes_mini_subset,scene-1094_015,yaw,0.5,deg,6,Car,vehicle,33.7,112.8,70.9,0.0,0,3,3,3,3,1.0,1.0
nuscenes_mini_subset,scene-1094_015,yaw,0.5,deg,7,Pedestrian,pedestrian,49.5,21.0,49.6,0.0,0,1,1,0,0,0.0,0.0
nuscenes_mini_subset,scene-1094_015,yaw,0.5,deg,8,Car,vehicle,14.0,266.5,211.6,0.58,2,0,1,0,1,,1.0
nuscenes_mini_subset,scene-1094_015,yaw,0.5,deg,9,Car,vehicle,16.3,143.5,414.3,0.84,0,31,39,31,39,1.0,1.0
nuscenes_mini_subset,scene-1094_015,yaw,0.5,deg,10,Car,vehicle,41.4,87.5,53.8,0.0,0,1,1,1,1,1.0,1.0
nuscenes_mini_subset,scene-1094_015,yaw,1.0,deg,0,Car,vehicle,10.9,424.6,354.1,0.22,0,256,274,253,271,0.9883,0.9891
nuscenes_mini_subset,scene-1094_015,yaw,1.0,deg,1,Car,vehicle,26.1,183.5,95.6,0.0,0,18,18,18,18,1.0,1.0
nuscenes_mini_subset,scene-1094_015,yaw,1.0,deg,2,Car,vehicle,30.3,136.9,73.3,0.0,2,13,13,13,13,1.0,1.0
nuscenes_mini_subset,scene-1094_015,yaw,1.0,deg,3,Car,vehicle,36.3,137.6,93.4,0.0,2,16,16,15,15,0.9375,0.9375
nuscenes_mini_subset,scene-1094_015,yaw,1.0,deg,4,Car,vehicle,14.6,206.1,195.5,0.0,0,87,87,79,79,0.908,0.908
nuscenes_mini_subset,scene-1094_015,yaw,1.0,deg,5,Car,vehicle,19.4,285.9,119.2,0.0,1,28,28,24,24,0.8571,0.8571
nuscenes_mini_subset,scene-1094_015,yaw,1.0,deg,6,Car,vehicle,33.7,112.8,70.9,0.0,0,3,3,3,3,1.0,1.0
nuscenes_mini_subset,scene-1094_015,yaw,1.0,deg,7,Pedestrian,pedestrian,49.5,21.0,49.6,0.0,0,1,1,0,0,0.0,0.0
nuscenes_mini_subset,scene-1094_015,yaw,1.0,deg,8,Car,vehicle,14.0,266.5,211.6,0.58,2,0,1,0,1,,1.0
nuscenes_mini_subset,scene-1094_015,yaw,1.0,deg,9,Car,vehicle,16.3,143.5,414.3,0.84,0,31,43,31,43,1.0,1.0
nuscenes_mini_subset,scene-1094_015,yaw,1.0,deg,10,Car,vehicle,41.4,87.5,53.8,0.0,0,1,1,1,1,1.0,1.0
nuscenes_mini_subset,scene-1094_015,yaw,2.0,deg,0,Car,vehicle,10.9,424.6,354.1,0.22,0,256,288,240,272,0.9375,0.9444
nuscenes_mini_subset,scene-1094_015,yaw,2.0,deg,1,Car,vehicle,26.1,183.5,95.6,0.0,0,18,18,16,16,0.8889,0.8889
nuscenes_mini_subset,scene-1094_015,yaw,2.0,deg,2,Car,vehicle,30.3,136.9,73.3,0.0,2,13,13,12,12,0.9231,0.9231
nuscenes_mini_subset,scene-1094_015,yaw,2.0,deg,3,Car,vehicle,36.3,137.6,93.4,0.0,2,16,16,9,9,0.5625,0.5625
nuscenes_mini_subset,scene-1094_015,yaw,2.0,deg,4,Car,vehicle,14.6,206.1,195.5,0.0,0,87,87,76,76,0.8736,0.8736
nuscenes_mini_subset,scene-1094_015,yaw,2.0,deg,5,Car,vehicle,19.4,285.9,119.2,0.0,1,28,28,20,20,0.7143,0.7143
nuscenes_mini_subset,scene-1094_015,yaw,2.0,deg,6,Car,vehicle,33.7,112.8,70.9,0.0,0,3,3,3,3,1.0,1.0
nuscenes_mini_subset,scene-1094_015,yaw,2.0,deg,7,Pedestrian,pedestrian,49.5,21.0,49.6,0.0,0,1,1,0,0,0.0,0.0
nuscenes_mini_subset,scene-1094_015,yaw,2.0,deg,8,Car,vehicle,14.0,266.5,211.6,0.58,2,0,6,0,6,,1.0
nuscenes_mini_subset,scene-1094_015,yaw,2.0,deg,9,Car,vehicle,16.3,143.5,414.3,0.84,0,31,55,25,49,0.8065,0.8909
nuscenes_mini_subset,scene-1094_015,yaw,2.0,deg,10,Car,vehicle,41.4,87.5,53.8,0.0,0,1,1,0,0,0.0,0.0
nuscenes_mini_subset,scene-1094_015,yaw,3.0,deg,0,Car,vehicle,10.9,424.6,354.1,0.22,0,256,288,222,254,0.8672,0.8819
nuscenes_mini_subset,scene-1094_015,yaw,3.0,deg,1,Car,vehicle,26.1,183.5,95.6,0.0,0,18,18,15,15,0.8333,0.8333
nuscenes_mini_subset,scene-1094_015,yaw,3.0,deg,2,Car,vehicle,30.3,136.9,73.3,0.0,2,13,13,6,6,0.4615,0.4615
nuscenes_mini_subset,scene-1094_015,yaw,3.0,deg,3,Car,vehicle,36.3,137.6,93.4,0.0,2,16,16,6,6,0.375,0.375
nuscenes_mini_subset,scene-1094_015,yaw,3.0,deg,4,Car,vehicle,14.6,206.1,195.5,0.0,0,87,87,63,63,0.7241,0.7241
nuscenes_mini_subset,scene-1094_015,yaw,3.0,deg,5,Car,vehicle,19.4,285.9,119.2,0.0,1,28,28,14,14,0.5,0.5
nuscenes_mini_subset,scene-1094_015,yaw,3.0,deg,6,Car,vehicle,33.7,112.8,70.9,0.0,0,3,3,0,0,0.0,0.0
nuscenes_mini_subset,scene-1094_015,yaw,3.0,deg,7,Pedestrian,pedestrian,49.5,21.0,49.6,0.0,0,1,1,0,0,0.0,0.0
nuscenes_mini_subset,scene-1094_015,yaw,3.0,deg,8,Car,vehicle,14.0,266.5,211.6,0.58,2,0,15,0,15,,1.0
nuscenes_mini_subset,scene-1094_015,yaw,3.0,deg,9,Car,vehicle,16.3,143.5,414.3,0.84,0,31,68,17,54,0.5484,0.7941
nuscenes_mini_subset,scene-1094_015,yaw,3.0,deg,10,Car,vehicle,41.4,87.5,53.8,0.0,0,1,1,0,0,0.0,0.0
nuscenes_mini_subset,scene-1094_016,yaw,0.0,deg,0,Car,vehicle,9.1,14.5,575.0,0.99,0,0,0,0,0,,
nuscenes_mini_subset,scene-1094_016,yaw,0.0,deg,1,Car,vehicle,23.9,224.3,110.2,0.0,0,22,22,22,22,1.0,1.0
nuscenes_mini_subset,scene-1094_016,yaw,0.0,deg,2,Car,vehicle,28.2,171.6,84.5,0.0,2,20,20,20,20,1.0,1.0
nuscenes_mini_subset,scene-1094_016,yaw,0.0,deg,3,Car,vehicle,34.0,159.6,103.4,0.0,2,17,17,17,17,1.0,1.0
nuscenes_mini_subset,scene-1094_016,yaw,0.0,deg,4,Car,vehicle,15.7,192.8,174.2,0.0,0,72,72,72,72,1.0,1.0
nuscenes_mini_subset,scene-1094_016,yaw,0.0,deg,5,Car,vehicle,17.4,249.2,151.6,0.39,0,23,23,23,23,1.0,1.0
nuscenes_mini_subset,scene-1094_016,yaw,0.0,deg,6,Car,vehicle,31.5,128.1,77.8,0.0,0,7,7,7,7,1.0,1.0
nuscenes_mini_subset,scene-1094_016,yaw,0.0,deg,7,Pedestrian,pedestrian,46.6,19.9,49.9,0.0,0,2,2,2,2,1.0,1.0
nuscenes_mini_subset,scene-1094_016,yaw,0.0,deg,8,Car,vehicle,39.3,94.7,57.2,0.0,0,0,0,0,0,,
nuscenes_mini_subset,scene-1094_016,yaw,0.5,deg,0,Car,vehicle,9.1,14.5,575.0,0.99,0,0,10,0,10,,1.0
nuscenes_mini_subset,scene-1094_016,yaw,0.5,deg,1,Car,vehicle,23.9,224.3,110.2,0.0,0,22,22,22,22,1.0,1.0
nuscenes_mini_subset,scene-1094_016,yaw,0.5,deg,2,Car,vehicle,28.2,171.6,84.5,0.0,2,20,20,20,20,1.0,1.0
nuscenes_mini_subset,scene-1094_016,yaw,0.5,deg,3,Car,vehicle,34.0,159.6,103.4,0.0,2,17,17,17,17,1.0,1.0
nuscenes_mini_subset,scene-1094_016,yaw,0.5,deg,4,Car,vehicle,15.7,192.8,174.2,0.0,0,72,72,71,71,0.9861,0.9861
nuscenes_mini_subset,scene-1094_016,yaw,0.5,deg,5,Car,vehicle,17.4,249.2,151.6,0.39,0,23,23,23,23,1.0,1.0
nuscenes_mini_subset,scene-1094_016,yaw,0.5,deg,6,Car,vehicle,31.5,128.1,77.8,0.0,0,7,7,7,7,1.0,1.0
nuscenes_mini_subset,scene-1094_016,yaw,0.5,deg,7,Pedestrian,pedestrian,46.6,19.9,49.9,0.0,0,2,2,1,1,0.5,0.5
nuscenes_mini_subset,scene-1094_016,yaw,0.5,deg,8,Car,vehicle,39.3,94.7,57.2,0.0,0,0,0,0,0,,
nuscenes_mini_subset,scene-1094_016,yaw,1.0,deg,0,Car,vehicle,9.1,14.5,575.0,0.99,0,0,16,0,6,,0.375
nuscenes_mini_subset,scene-1094_016,yaw,1.0,deg,1,Car,vehicle,23.9,224.3,110.2,0.0,0,22,22,22,22,1.0,1.0
nuscenes_mini_subset,scene-1094_016,yaw,1.0,deg,2,Car,vehicle,28.2,171.6,84.5,0.0,2,20,20,20,20,1.0,1.0
nuscenes_mini_subset,scene-1094_016,yaw,1.0,deg,3,Car,vehicle,34.0,159.6,103.4,0.0,2,17,17,14,14,0.8235,0.8235
nuscenes_mini_subset,scene-1094_016,yaw,1.0,deg,4,Car,vehicle,15.7,192.8,174.2,0.0,0,72,72,68,68,0.9444,0.9444
nuscenes_mini_subset,scene-1094_016,yaw,1.0,deg,5,Car,vehicle,17.4,249.2,151.6,0.39,0,23,23,23,23,1.0,1.0
nuscenes_mini_subset,scene-1094_016,yaw,1.0,deg,6,Car,vehicle,31.5,128.1,77.8,0.0,0,7,7,7,7,1.0,1.0
nuscenes_mini_subset,scene-1094_016,yaw,1.0,deg,7,Pedestrian,pedestrian,46.6,19.9,49.9,0.0,0,2,2,0,0,0.0,0.0
nuscenes_mini_subset,scene-1094_016,yaw,1.0,deg,8,Car,vehicle,39.3,94.7,57.2,0.0,0,0,0,0,0,,
nuscenes_mini_subset,scene-1094_016,yaw,2.0,deg,0,Car,vehicle,9.1,14.5,575.0,0.99,0,0,33,0,10,,0.303
nuscenes_mini_subset,scene-1094_016,yaw,2.0,deg,1,Car,vehicle,23.9,224.3,110.2,0.0,0,22,22,19,19,0.8636,0.8636
nuscenes_mini_subset,scene-1094_016,yaw,2.0,deg,2,Car,vehicle,28.2,171.6,84.5,0.0,2,20,20,19,19,0.95,0.95
nuscenes_mini_subset,scene-1094_016,yaw,2.0,deg,3,Car,vehicle,34.0,159.6,103.4,0.0,2,17,17,9,9,0.5294,0.5294
nuscenes_mini_subset,scene-1094_016,yaw,2.0,deg,4,Car,vehicle,15.7,192.8,174.2,0.0,0,72,72,61,61,0.8472,0.8472
nuscenes_mini_subset,scene-1094_016,yaw,2.0,deg,5,Car,vehicle,17.4,249.2,151.6,0.39,0,23,23,22,22,0.9565,0.9565
nuscenes_mini_subset,scene-1094_016,yaw,2.0,deg,6,Car,vehicle,31.5,128.1,77.8,0.0,0,7,7,7,7,1.0,1.0
nuscenes_mini_subset,scene-1094_016,yaw,2.0,deg,7,Pedestrian,pedestrian,46.6,19.9,49.9,0.0,0,2,2,0,0,0.0,0.0
nuscenes_mini_subset,scene-1094_016,yaw,2.0,deg,8,Car,vehicle,39.3,94.7,57.2,0.0,0,0,0,0,0,,
nuscenes_mini_subset,scene-1094_016,yaw,3.0,deg,0,Car,vehicle,9.1,14.5,575.0,0.99,0,0,50,0,9,,0.18
nuscenes_mini_subset,scene-1094_016,yaw,3.0,deg,1,Car,vehicle,23.9,224.3,110.2,0.0,0,22,22,16,16,0.7273,0.7273
nuscenes_mini_subset,scene-1094_016,yaw,3.0,deg,2,Car,vehicle,28.2,171.6,84.5,0.0,2,20,20,11,11,0.55,0.55
nuscenes_mini_subset,scene-1094_016,yaw,3.0,deg,3,Car,vehicle,34.0,159.6,103.4,0.0,2,17,17,6,6,0.3529,0.3529
nuscenes_mini_subset,scene-1094_016,yaw,3.0,deg,4,Car,vehicle,15.7,192.8,174.2,0.0,0,72,72,53,53,0.7361,0.7361
nuscenes_mini_subset,scene-1094_016,yaw,3.0,deg,5,Car,vehicle,17.4,249.2,151.6,0.39,0,23,23,22,22,0.9565,0.9565
nuscenes_mini_subset,scene-1094_016,yaw,3.0,deg,6,Car,vehicle,31.5,128.1,77.8,0.0,0,7,7,4,4,0.5714,0.5714
nuscenes_mini_subset,scene-1094_016,yaw,3.0,deg,7,Pedestrian,pedestrian,46.6,19.9,49.9,0.0,0,2,2,0,0,0.0,0.0
nuscenes_mini_subset,scene-1094_016,yaw,3.0,deg,8,Car,vehicle,39.3,94.7,57.2,0.0,0,0,0,0,0,,
nuscenes_mini_subset,scene-1094_017,yaw,0.0,deg,0,Car,vehicle,21.5,279.7,129.2,0.0,0,27,27,27,27,1.0,1.0
nuscenes_mini_subset,scene-1094_017,yaw,0.0,deg,1,Car,vehicle,25.9,215.8,97.9,0.0,2,22,22,22,22,1.0,1.0
nuscenes_mini_subset,scene-1094_017,yaw,0.0,deg,2,Car,vehicle,31.6,186.1,115.2,0.0,2,16,16,16,16,1.0,1.0
nuscenes_mini_subset,scene-1094_017,yaw,0.0,deg,3,Car,vehicle,17.0,161.9,158.9,0.0,0,65,65,65,65,1.0,1.0
nuscenes_mini_subset,scene-1094_017,yaw,0.0,deg,4,Car,vehicle,15.2,60.0,199.2,0.9,0,4,4,3,3,0.75,0.75
nuscenes_mini_subset,scene-1094_017,yaw,0.0,deg,5,Car,vehicle,28.9,148.0,86.8,0.0,0,6,6,6,6,1.0,1.0
nuscenes_mini_subset,scene-1094_017,yaw,0.0,deg,6,Pedestrian,pedestrian,43.5,21.0,53.1,0.0,0,3,3,3,3,1.0,1.0
nuscenes_mini_subset,scene-1094_017,yaw,0.0,deg,7,Car,vehicle,36.8,105.0,61.8,0.0,0,1,1,1,1,1.0,1.0
nuscenes_mini_subset,scene-1094_017,yaw,0.5,deg,0,Car,vehicle,21.5,279.7,129.2,0.0,0,27,27,27,27,1.0,1.0
nuscenes_mini_subset,scene-1094_017,yaw,0.5,deg,1,Car,vehicle,25.9,215.8,97.9,0.0,2,22,22,22,22,1.0,1.0
nuscenes_mini_subset,scene-1094_017,yaw,0.5,deg,2,Car,vehicle,31.6,186.1,115.2,0.0,2,16,16,16,16,1.0,1.0
nuscenes_mini_subset,scene-1094_017,yaw,0.5,deg,3,Car,vehicle,17.0,161.9,158.9,0.0,0,65,65,64,64,0.9846,0.9846
nuscenes_mini_subset,scene-1094_017,yaw,0.5,deg,4,Car,vehicle,15.2,60.0,199.2,0.9,0,4,7,4,7,1.0,1.0
nuscenes_mini_subset,scene-1094_017,yaw,0.5,deg,5,Car,vehicle,28.9,148.0,86.8,0.0,0,6,6,6,6,1.0,1.0
nuscenes_mini_subset,scene-1094_017,yaw,0.5,deg,6,Pedestrian,pedestrian,43.5,21.0,53.1,0.0,0,3,3,1,1,0.3333,0.3333
nuscenes_mini_subset,scene-1094_017,yaw,0.5,deg,7,Car,vehicle,36.8,105.0,61.8,0.0,0,1,1,1,1,1.0,1.0
nuscenes_mini_subset,scene-1094_017,yaw,1.0,deg,0,Car,vehicle,21.5,279.7,129.2,0.0,0,27,27,27,27,1.0,1.0
nuscenes_mini_subset,scene-1094_017,yaw,1.0,deg,1,Car,vehicle,25.9,215.8,97.9,0.0,2,22,22,22,22,1.0,1.0
nuscenes_mini_subset,scene-1094_017,yaw,1.0,deg,2,Car,vehicle,31.6,186.1,115.2,0.0,2,16,16,16,16,1.0,1.0
nuscenes_mini_subset,scene-1094_017,yaw,1.0,deg,3,Car,vehicle,17.0,161.9,158.9,0.0,0,65,65,57,57,0.8769,0.8769
nuscenes_mini_subset,scene-1094_017,yaw,1.0,deg,4,Car,vehicle,15.2,60.0,199.2,0.9,0,4,11,4,10,1.0,0.9091
nuscenes_mini_subset,scene-1094_017,yaw,1.0,deg,5,Car,vehicle,28.9,148.0,86.8,0.0,0,6,6,6,6,1.0,1.0
nuscenes_mini_subset,scene-1094_017,yaw,1.0,deg,6,Pedestrian,pedestrian,43.5,21.0,53.1,0.0,0,3,3,0,0,0.0,0.0
nuscenes_mini_subset,scene-1094_017,yaw,1.0,deg,7,Car,vehicle,36.8,105.0,61.8,0.0,0,1,1,1,1,1.0,1.0
nuscenes_mini_subset,scene-1094_017,yaw,2.0,deg,0,Car,vehicle,21.5,279.7,129.2,0.0,0,27,27,24,24,0.8889,0.8889
nuscenes_mini_subset,scene-1094_017,yaw,2.0,deg,1,Car,vehicle,25.9,215.8,97.9,0.0,2,22,22,21,21,0.9545,0.9545
nuscenes_mini_subset,scene-1094_017,yaw,2.0,deg,2,Car,vehicle,31.6,186.1,115.2,0.0,2,16,16,14,14,0.875,0.875
nuscenes_mini_subset,scene-1094_017,yaw,2.0,deg,3,Car,vehicle,17.0,161.9,158.9,0.0,0,65,65,52,52,0.8,0.8
nuscenes_mini_subset,scene-1094_017,yaw,2.0,deg,4,Car,vehicle,15.2,60.0,199.2,0.9,0,4,18,0,14,0.0,0.7778
nuscenes_mini_subset,scene-1094_017,yaw,2.0,deg,5,Car,vehicle,28.9,148.0,86.8,0.0,0,6,6,6,6,1.0,1.0
nuscenes_mini_subset,scene-1094_017,yaw,2.0,deg,6,Pedestrian,pedestrian,43.5,21.0,53.1,0.0,0,3,3,0,0,0.0,0.0
nuscenes_mini_subset,scene-1094_017,yaw,2.0,deg,7,Car,vehicle,36.8,105.0,61.8,0.0,0,1,1,1,1,1.0,1.0
nuscenes_mini_subset,scene-1094_017,yaw,3.0,deg,0,Car,vehicle,21.5,279.7,129.2,0.0,0,27,27,21,21,0.7778,0.7778
nuscenes_mini_subset,scene-1094_017,yaw,3.0,deg,1,Car,vehicle,25.9,215.8,97.9,0.0,2,22,22,17,17,0.7727,0.7727
nuscenes_mini_subset,scene-1094_017,yaw,3.0,deg,2,Car,vehicle,31.6,186.1,115.2,0.0,2,16,16,9,9,0.5625,0.5625
nuscenes_mini_subset,scene-1094_017,yaw,3.0,deg,3,Car,vehicle,17.0,161.9,158.9,0.0,0,65,65,39,39,0.6,0.6
nuscenes_mini_subset,scene-1094_017,yaw,3.0,deg,4,Car,vehicle,15.2,60.0,199.2,0.9,0,4,25,0,13,0.0,0.52
nuscenes_mini_subset,scene-1094_017,yaw,3.0,deg,5,Car,vehicle,28.9,148.0,86.8,0.0,0,6,6,3,3,0.5,0.5
nuscenes_mini_subset,scene-1094_017,yaw,3.0,deg,6,Pedestrian,pedestrian,43.5,21.0,53.1,0.0,0,3,3,0,0,0.0,0.0
nuscenes_mini_subset,scene-1094_017,yaw,3.0,deg,7,Car,vehicle,36.8,105.0,61.8,0.0,0,1,1,0,0,0.0,0.0
nuscenes_mini_subset,scene-1094_018,yaw,0.0,deg,0,Car,vehicle,18.9,265.0,157.7,0.28,0,39,39,39,39,1.0,1.0
nuscenes_mini_subset,scene-1094_018,yaw,0.0,deg,1,Car,vehicle,23.5,88.4,116.5,0.69,2,0,0,0,0,,
nuscenes_mini_subset,scene-1094_018,yaw,0.0,deg,2,Car,vehicle,28.9,222.6,130.6,0.0,2,10,10,10,10,1.0,1.0
nuscenes_mini_subset,scene-1094_018,yaw,0.0,deg,3,Car,vehicle,17.9,146.1,148.8,0.0,0,43,43,43,43,1.0,1.0
nuscenes_mini_subset,scene-1094_018,yaw,0.0,deg,4,Car,vehicle,26.2,177.0,98.8,0.0,0,3,3,3,3,1.0,1.0
nuscenes_mini_subset,scene-1094_018,yaw,0.0,deg,5,Pedestrian,pedestrian,40.1,22.7,57.2,0.0,0,2,2,2,2,1.0,1.0
nuscenes_mini_subset,scene-1094_018,yaw,0.0,deg,6,Motorcycle,cyclist,36.1,50.8,64.2,0.0,0,3,3,3,3,1.0,1.0
nuscenes_mini_subset,scene-1094_018,yaw,0.0,deg,7,Car,vehicle,33.8,120.2,68.7,0.0,0,2,2,2,2,1.0,1.0
nuscenes_mini_subset,scene-1094_018,yaw,0.5,deg,0,Car,vehicle,18.9,265.0,157.7,0.28,0,39,42,39,42,1.0,1.0
nuscenes_mini_subset,scene-1094_018,yaw,0.5,deg,1,Car,vehicle,23.5,88.4,116.5,0.69,2,0,2,0,2,,1.0
nuscenes_mini_subset,scene-1094_018,yaw,0.5,deg,2,Car,vehicle,28.9,222.6,130.6,0.0,2,10,10,10,10,1.0,1.0
nuscenes_mini_subset,scene-1094_018,yaw,0.5,deg,3,Car,vehicle,17.9,146.1,148.8,0.0,0,43,43,40,40,0.9302,0.9302
nuscenes_mini_subset,scene-1094_018,yaw,0.5,deg,4,Car,vehicle,26.2,177.0,98.8,0.0,0,3,3,3,3,1.0,1.0
nuscenes_mini_subset,scene-1094_018,yaw,0.5,deg,5,Pedestrian,pedestrian,40.1,22.7,57.2,0.0,0,2,2,1,1,0.5,0.5
nuscenes_mini_subset,scene-1094_018,yaw,0.5,deg,6,Motorcycle,cyclist,36.1,50.8,64.2,0.0,0,3,3,3,3,1.0,1.0
nuscenes_mini_subset,scene-1094_018,yaw,0.5,deg,7,Car,vehicle,33.8,120.2,68.7,0.0,0,2,2,2,2,1.0,1.0
nuscenes_mini_subset,scene-1094_018,yaw,1.0,deg,0,Car,vehicle,18.9,265.0,157.7,0.28,0,39,44,38,43,0.9744,0.9773
nuscenes_mini_subset,scene-1094_018,yaw,1.0,deg,1,Car,vehicle,23.5,88.4,116.5,0.69,2,0,3,0,3,,1.0
nuscenes_mini_subset,scene-1094_018,yaw,1.0,deg,2,Car,vehicle,28.9,222.6,130.6,0.0,2,10,10,8,8,0.8,0.8
nuscenes_mini_subset,scene-1094_018,yaw,1.0,deg,3,Car,vehicle,17.9,146.1,148.8,0.0,0,43,43,40,40,0.9302,0.9302
nuscenes_mini_subset,scene-1094_018,yaw,1.0,deg,4,Car,vehicle,26.2,177.0,98.8,0.0,0,3,3,3,3,1.0,1.0
nuscenes_mini_subset,scene-1094_018,yaw,1.0,deg,5,Pedestrian,pedestrian,40.1,22.7,57.2,0.0,0,2,2,0,0,0.0,0.0
nuscenes_mini_subset,scene-1094_018,yaw,1.0,deg,6,Motorcycle,cyclist,36.1,50.8,64.2,0.0,0,3,3,2,2,0.6667,0.6667
nuscenes_mini_subset,scene-1094_018,yaw,1.0,deg,7,Car,vehicle,33.8,120.2,68.7,0.0,0,2,2,2,2,1.0,1.0
nuscenes_mini_subset,scene-1094_018,yaw,2.0,deg,0,Car,vehicle,18.9,265.0,157.7,0.28,0,39,50,36,47,0.9231,0.94
nuscenes_mini_subset,scene-1094_018,yaw,2.0,deg,1,Car,vehicle,23.5,88.4,116.5,0.69,2,0,9,0,8,,0.8889
nuscenes_mini_subset,scene-1094_018,yaw,2.0,deg,2,Car,vehicle,28.9,222.6,130.6,0.0,2,10,10,8,8,0.8,0.8
nuscenes_mini_subset,scene-1094_018,yaw,2.0,deg,3,Car,vehicle,17.9,146.1,148.8,0.0,0,43,43,32,32,0.7442,0.7442
nuscenes_mini_subset,scene-1094_018,yaw,2.0,deg,4,Car,vehicle,26.2,177.0,98.8,0.0,0,3,3,3,3,1.0,1.0
nuscenes_mini_subset,scene-1094_018,yaw,2.0,deg,5,Pedestrian,pedestrian,40.1,22.7,57.2,0.0,0,2,2,0,0,0.0,0.0
nuscenes_mini_subset,scene-1094_018,yaw,2.0,deg,6,Motorcycle,cyclist,36.1,50.8,64.2,0.0,0,3,3,0,0,0.0,0.0
nuscenes_mini_subset,scene-1094_018,yaw,2.0,deg,7,Car,vehicle,33.8,120.2,68.7,0.0,0,2,2,2,2,1.0,1.0
nuscenes_mini_subset,scene-1094_018,yaw,3.0,deg,0,Car,vehicle,18.9,265.0,157.7,0.28,0,39,52,33,46,0.8462,0.8846
nuscenes_mini_subset,scene-1094_018,yaw,3.0,deg,1,Car,vehicle,23.5,88.4,116.5,0.69,2,0,14,0,13,,0.9286
nuscenes_mini_subset,scene-1094_018,yaw,3.0,deg,2,Car,vehicle,28.9,222.6,130.6,0.0,2,10,10,5,5,0.5,0.5
nuscenes_mini_subset,scene-1094_018,yaw,3.0,deg,3,Car,vehicle,17.9,146.1,148.8,0.0,0,43,43,22,22,0.5116,0.5116
nuscenes_mini_subset,scene-1094_018,yaw,3.0,deg,4,Car,vehicle,26.2,177.0,98.8,0.0,0,3,3,3,3,1.0,1.0
nuscenes_mini_subset,scene-1094_018,yaw,3.0,deg,5,Pedestrian,pedestrian,40.1,22.7,57.2,0.0,0,2,2,0,0,0.0,0.0
nuscenes_mini_subset,scene-1094_018,yaw,3.0,deg,6,Motorcycle,cyclist,36.1,50.8,64.2,0.0,0,3,3,0,0,0.0,0.0
nuscenes_mini_subset,scene-1094_018,yaw,3.0,deg,7,Car,vehicle,33.8,120.2,68.7,0.0,0,2,2,0,0,0.0,0.0
nuscenes_mini_subset,scene-1094_019,yaw,0.0,deg,0,Car,vehicle,16.2,127.0,206.0,0.76,0,19,19,19,19,1.0,1.0
nuscenes_mini_subset,scene-1094_019,yaw,0.0,deg,1,Car,vehicle,26.1,247.4,152.0,0.11,2,36,36,36,36,1.0,1.0
nuscenes_mini_subset,scene-1094_019,yaw,0.0,deg,2,Car,vehicle,18.9,137.5,139.9,0.0,0,43,43,43,43,1.0,1.0
nuscenes_mini_subset,scene-1094_019,yaw,0.0,deg,3,Car,vehicle,23.3,219.9,115.8,0.0,0,14,14,14,14,1.0,1.0
nuscenes_mini_subset,scene-1094_019,yaw,0.0,deg,4,Car,vehicle,92.6,34.7,22.0,0.0,0,0,0,0,0,,
nuscenes_mini_subset,scene-1094_019,yaw,0.0,deg,5,Pedestrian,pedestrian,36.5,25.1,62.9,0.0,0,3,3,3,3,1.0,1.0
nuscenes_mini_subset,scene-1094_019,yaw,0.0,deg,6,Motorcycle,cyclist,29.3,65.2,80.7,0.0,0,2,2,2,2,1.0,1.0
nuscenes_mini_subset,scene-1094_019,yaw,0.0,deg,7,Pedestrian,pedestrian,50.2,21.1,47.3,0.0,1,1,1,1,1,1.0,1.0
nuscenes_mini_subset,scene-1094_019,yaw,0.0,deg,8,Car,vehicle,30.5,141.6,77.8,0.0,0,3,3,3,3,1.0,1.0
nuscenes_mini_subset,scene-1094_019,yaw,0.5,deg,0,Car,vehicle,16.2,127.0,206.0,0.76,0,19,20,19,20,1.0,1.0
nuscenes_mini_subset,scene-1094_019,yaw,0.5,deg,1,Car,vehicle,26.1,247.4,152.0,0.11,2,36,36,36,36,1.0,1.0
nuscenes_mini_subset,scene-1094_019,yaw,0.5,deg,2,Car,vehicle,18.9,137.5,139.9,0.0,0,43,43,39,39,0.907,0.907
nuscenes_mini_subset,scene-1094_019,yaw,0.5,deg,3,Car,vehicle,23.3,219.9,115.8,0.0,0,14,14,14,14,1.0,1.0
nuscenes_mini_subset,scene-1094_019,yaw,0.5,deg,4,Car,vehicle,92.6,34.7,22.0,0.0,0,0,0,0,0,,
nuscenes_mini_subset,scene-1094_019,yaw,0.5,deg,5,Pedestrian,pedestrian,36.5,25.1,62.9,0.0,0,3,3,1,1,0.3333,0.3333
nuscenes_mini_subset,scene-1094_019,yaw,0.5,deg,6,Motorcycle,cyclist,29.3,65.2,80.7,0.0,0,2,2,2,2,1.0,1.0
nuscenes_mini_subset,scene-1094_019,yaw,0.5,deg,7,Pedestrian,pedestrian,50.2,21.1,47.3,0.0,1,1,1,0,0,0.0,0.0
nuscenes_mini_subset,scene-1094_019,yaw,0.5,deg,8,Car,vehicle,30.5,141.6,77.8,0.0,0,3,3,3,3,1.0,1.0
nuscenes_mini_subset,scene-1094_019,yaw,1.0,deg,0,Car,vehicle,16.2,127.0,206.0,0.76,0,19,23,18,20,0.9474,0.8696
nuscenes_mini_subset,scene-1094_019,yaw,1.0,deg,1,Car,vehicle,26.1,247.4,152.0,0.11,2,36,36,35,35,0.9722,0.9722
nuscenes_mini_subset,scene-1094_019,yaw,1.0,deg,2,Car,vehicle,18.9,137.5,139.9,0.0,0,43,43,37,37,0.8605,0.8605
nuscenes_mini_subset,scene-1094_019,yaw,1.0,deg,3,Car,vehicle,23.3,219.9,115.8,0.0,0,14,14,13,13,0.9286,0.9286
nuscenes_mini_subset,scene-1094_019,yaw,1.0,deg,4,Car,vehicle,92.6,34.7,22.0,0.0,0,0,0,0,0,,
nuscenes_mini_subset,scene-1094_019,yaw,1.0,deg,5,Pedestrian,pedestrian,36.5,25.1,62.9,0.0,0,3,3,0,0,0.0,0.0
nuscenes_mini_subset,scene-1094_019,yaw,1.0,deg,6,Motorcycle,cyclist,29.3,65.2,80.7,0.0,0,2,2,1,1,0.5,0.5
nuscenes_mini_subset,scene-1094_019,yaw,1.0,deg,7,Pedestrian,pedestrian,50.2,21.1,47.3,0.0,1,1,1,0,0,0.0,0.0
nuscenes_mini_subset,scene-1094_019,yaw,1.0,deg,8,Car,vehicle,30.5,141.6,77.8,0.0,0,3,3,3,3,1.0,1.0
nuscenes_mini_subset,scene-1094_019,yaw,2.0,deg,0,Car,vehicle,16.2,127.0,206.0,0.76,0,19,29,14,24,0.7368,0.8276
nuscenes_mini_subset,scene-1094_019,yaw,2.0,deg,1,Car,vehicle,26.1,247.4,152.0,0.11,2,36,36,32,32,0.8889,0.8889
nuscenes_mini_subset,scene-1094_019,yaw,2.0,deg,2,Car,vehicle,18.9,137.5,139.9,0.0,0,43,43,28,28,0.6512,0.6512
nuscenes_mini_subset,scene-1094_019,yaw,2.0,deg,3,Car,vehicle,23.3,219.9,115.8,0.0,0,14,14,11,11,0.7857,0.7857
nuscenes_mini_subset,scene-1094_019,yaw,2.0,deg,4,Car,vehicle,92.6,34.7,22.0,0.0,0,0,0,0,0,,
nuscenes_mini_subset,scene-1094_019,yaw,2.0,deg,5,Pedestrian,pedestrian,36.5,25.1,62.9,0.0,0,3,3,0,0,0.0,0.0
nuscenes_mini_subset,scene-1094_019,yaw,2.0,deg,6,Motorcycle,cyclist,29.3,65.2,80.7,0.0,0,2,2,0,0,0.0,0.0
nuscenes_mini_subset,scene-1094_019,yaw,2.0,deg,7,Pedestrian,pedestrian,50.2,21.1,47.3,0.0,1,1,1,0,0,0.0,0.0
nuscenes_mini_subset,scene-1094_019,yaw,2.0,deg,8,Car,vehicle,30.5,141.6,77.8,0.0,0,3,3,3,3,1.0,1.0
nuscenes_mini_subset,scene-1094_019,yaw,3.0,deg,0,Car,vehicle,16.2,127.0,206.0,0.76,0,19,39,7,27,0.3684,0.6923
nuscenes_mini_subset,scene-1094_019,yaw,3.0,deg,1,Car,vehicle,26.1,247.4,152.0,0.11,2,36,36,26,26,0.7222,0.7222
nuscenes_mini_subset,scene-1094_019,yaw,3.0,deg,2,Car,vehicle,18.9,137.5,139.9,0.0,0,43,43,17,17,0.3953,0.3953
nuscenes_mini_subset,scene-1094_019,yaw,3.0,deg,3,Car,vehicle,23.3,219.9,115.8,0.0,0,14,14,11,11,0.7857,0.7857
nuscenes_mini_subset,scene-1094_019,yaw,3.0,deg,4,Car,vehicle,92.6,34.7,22.0,0.0,0,0,0,0,0,,
nuscenes_mini_subset,scene-1094_019,yaw,3.0,deg,5,Pedestrian,pedestrian,36.5,25.1,62.9,0.0,0,3,3,0,0,0.0,0.0
nuscenes_mini_subset,scene-1094_019,yaw,3.0,deg,6,Motorcycle,cyclist,29.3,65.2,80.7,0.0,0,2,2,0,0,0.0,0.0
nuscenes_mini_subset,scene-1094_019,yaw,3.0,deg,7,Pedestrian,pedestrian,50.2,21.1,47.3,0.0,1,1,1,0,0,0.0,0.0
nuscenes_mini_subset,scene-1094_019,yaw,3.0,deg,8,Car,vehicle,30.5,141.6,77.8,0.0,0,3,3,3,3,1.0,1.0
nuscenes_mini_subset,scene-1094_020,yaw,0.0,deg,0,Car,vehicle,98.9,26.6,19.8,0.0,0,0,0,0,0,,
nuscenes_mini_subset,scene-1094_020,yaw,0.0,deg,1,Car,vehicle,23.6,152.0,178.9,0.57,2,18,18,18,18,1.0,1.0
nuscenes_mini_subset,scene-1094_020,yaw,0.0,deg,2,Pedestrian,pedestrian,62.9,20.9,37.8,0.0,2,2,2,2,2,1.0,1.0
nuscenes_mini_subset,scene-1094_020,yaw,0.0,deg,3,Car,vehicle,19.8,131.0,133.1,0.0,0,37,37,37,37,1.0,1.0
nuscenes_mini_subset,scene-1094_020,yaw,0.0,deg,4,Car,vehicle,20.7,257.1,137.5,0.08,0,25,25,25,25,1.0,1.0
nuscenes_mini_subset,scene-1094_020,yaw,0.0,deg,5,Car,vehicle,86.7,37.8,23.4,0.0,0,0,0,0,0,,
nuscenes_mini_subset,scene-1094_020,yaw,0.0,deg,6,Pedestrian,pedestrian,33.1,27.9,69.3,0.0,0,4,4,4,4,1.0,1.0
nuscenes_mini_subset,scene-1094_020,yaw,0.0,deg,7,Motorcycle,cyclist,23.3,89.7,105.3,0.0,2,7,7,7,7,1.0,1.0
nuscenes_mini_subset,scene-1094_020,yaw,0.0,deg,8,Pedestrian,pedestrian,46.8,22.8,50.7,0.0,1,1,1,1,1,1.0,1.0
nuscenes_mini_subset,scene-1094_020,yaw,0.0,deg,9,Car,vehicle,27.4,167.7,88.7,0.0,1,0,0,0,0,,
nuscenes_mini_subset,scene-1094_020,yaw,0.5,deg,0,Car,vehicle,98.9,26.6,19.8,0.0,0,0,0,0,0,,
nuscenes_mini_subset,scene-1094_020,yaw,0.5,deg,1,Car,vehicle,23.6,152.0,178.9,0.57,2,18,21,18,21,1.0,1.0
nuscenes_mini_subset,scene-1094_020,yaw,0.5,deg,2,Pedestrian,pedestrian,62.9,20.9,37.8,0.0,2,2,2,1,1,0.5,0.5
nuscenes_mini_subset,scene-1094_020,yaw,0.5,deg,3,Car,vehicle,19.8,131.0,133.1,0.0,0,37,37,34,34,0.9189,0.9189
nuscenes_mini_subset,scene-1094_020,yaw,0.5,deg,4,Car,vehicle,20.7,257.1,137.5,0.08,0,25,25,25,25,1.0,1.0
nuscenes_mini_subset,scene-1094_020,yaw,0.5,deg,5,Car,vehicle,86.7,37.8,23.4,0.0,0,0,0,0,0,,
nuscenes_mini_subset,scene-1094_020,yaw,0.5,deg,6,Pedestrian,pedestrian,33.1,27.9,69.3,0.0,0,4,4,2,2,0.5,0.5
nuscenes_mini_subset,scene-1094_020,yaw,0.5,deg,7,Motorcycle,cyclist,23.3,89.7,105.3,0.0,2,7,7,7,7,1.0,1.0
nuscenes_mini_subset,scene-1094_020,yaw,0.5,deg,8,Pedestrian,pedestrian,46.8,22.8,50.7,0.0,1,1,1,0,0,0.0,0.0
nuscenes_mini_subset,scene-1094_020,yaw,0.5,deg,9,Car,vehicle,27.4,167.7,88.7,0.0,1,0,0,0,0,,
nuscenes_mini_subset,scene-1094_020,yaw,1.0,deg,0,Car,vehicle,98.9,26.6,19.8,0.0,0,0,0,0,0,,
nuscenes_mini_subset,scene-1094_020,yaw,1.0,deg,1,Car,vehicle,23.6,152.0,178.9,0.57,2,18,27,18,26,1.0,0.963
nuscenes_mini_subset,scene-1094_020,yaw,1.0,deg,2,Pedestrian,pedestrian,62.9,20.9,37.8,0.0,2,2,2,0,0,0.0,0.0
nuscenes_mini_subset,scene-1094_020,yaw,1.0,deg,3,Car,vehicle,19.8,131.0,133.1,0.0,0,37,37,31,31,0.8378,0.8378
nuscenes_mini_subset,scene-1094_020,yaw,1.0,deg,4,Car,vehicle,20.7,257.1,137.5,0.08,0,25,25,25,25,1.0,1.0
nuscenes_mini_subset,scene-1094_020,yaw,1.0,deg,5,Car,vehicle,86.7,37.8,23.4,0.0,0,0,0,0,0,,
nuscenes_mini_subset,scene-1094_020,yaw,1.0,deg,6,Pedestrian,pedestrian,33.1,27.9,69.3,0.0,0,4,4,0,0,0.0,0.0
nuscenes_mini_subset,scene-1094_020,yaw,1.0,deg,7,Motorcycle,cyclist,23.3,89.7,105.3,0.0,2,7,7,6,6,0.8571,0.8571
nuscenes_mini_subset,scene-1094_020,yaw,1.0,deg,8,Pedestrian,pedestrian,46.8,22.8,50.7,0.0,1,1,1,0,0,0.0,0.0
nuscenes_mini_subset,scene-1094_020,yaw,1.0,deg,9,Car,vehicle,27.4,167.7,88.7,0.0,1,0,0,0,0,,
nuscenes_mini_subset,scene-1094_020,yaw,2.0,deg,0,Car,vehicle,98.9,26.6,19.8,0.0,0,0,0,0,0,,
nuscenes_mini_subset,scene-1094_020,yaw,2.0,deg,1,Car,vehicle,23.6,152.0,178.9,0.57,2,18,33,15,30,0.8333,0.9091
nuscenes_mini_subset,scene-1094_020,yaw,2.0,deg,2,Pedestrian,pedestrian,62.9,20.9,37.8,0.0,2,2,2,0,0,0.0,0.0
nuscenes_mini_subset,scene-1094_020,yaw,2.0,deg,3,Car,vehicle,19.8,131.0,133.1,0.0,0,37,37,22,22,0.5946,0.5946
nuscenes_mini_subset,scene-1094_020,yaw,2.0,deg,4,Car,vehicle,20.7,257.1,137.5,0.08,0,25,25,23,23,0.92,0.92
nuscenes_mini_subset,scene-1094_020,yaw,2.0,deg,5,Car,vehicle,86.7,37.8,23.4,0.0,0,0,0,0,0,,
nuscenes_mini_subset,scene-1094_020,yaw,2.0,deg,6,Pedestrian,pedestrian,33.1,27.9,69.3,0.0,0,4,4,0,0,0.0,0.0
nuscenes_mini_subset,scene-1094_020,yaw,2.0,deg,7,Motorcycle,cyclist,23.3,89.7,105.3,0.0,2,7,7,3,3,0.4286,0.4286
nuscenes_mini_subset,scene-1094_020,yaw,2.0,deg,8,Pedestrian,pedestrian,46.8,22.8,50.7,0.0,1,1,1,0,0,0.0,0.0
nuscenes_mini_subset,scene-1094_020,yaw,2.0,deg,9,Car,vehicle,27.4,167.7,88.7,0.0,1,0,0,0,0,,
nuscenes_mini_subset,scene-1094_020,yaw,3.0,deg,0,Car,vehicle,98.9,26.6,19.8,0.0,0,0,0,0,0,,
nuscenes_mini_subset,scene-1094_020,yaw,3.0,deg,1,Car,vehicle,23.6,152.0,178.9,0.57,2,18,36,12,30,0.6667,0.8333
nuscenes_mini_subset,scene-1094_020,yaw,3.0,deg,2,Pedestrian,pedestrian,62.9,20.9,37.8,0.0,2,2,2,0,0,0.0,0.0
nuscenes_mini_subset,scene-1094_020,yaw,3.0,deg,3,Car,vehicle,19.8,131.0,133.1,0.0,0,37,37,16,16,0.4324,0.4324
nuscenes_mini_subset,scene-1094_020,yaw,3.0,deg,4,Car,vehicle,20.7,257.1,137.5,0.08,0,25,25,20,20,0.8,0.8
nuscenes_mini_subset,scene-1094_020,yaw,3.0,deg,5,Car,vehicle,86.7,37.8,23.4,0.0,0,0,0,0,0,,
nuscenes_mini_subset,scene-1094_020,yaw,3.0,deg,6,Pedestrian,pedestrian,33.1,27.9,69.3,0.0,0,4,4,0,0,0.0,0.0
nuscenes_mini_subset,scene-1094_020,yaw,3.0,deg,7,Motorcycle,cyclist,23.3,89.7,105.3,0.0,2,7,7,0,0,0.0,0.0
nuscenes_mini_subset,scene-1094_020,yaw,3.0,deg,8,Pedestrian,pedestrian,46.8,22.8,50.7,0.0,1,1,1,0,0,0.0,0.0
nuscenes_mini_subset,scene-1094_020,yaw,3.0,deg,9,Car,vehicle,27.4,167.7,88.7,0.0,1,0,0,0,0,,
nuscenes_mini_subset,scene-1094_021,yaw,0.0,deg,0,Car,vehicle,90.2,29.7,21.2,0.0,0,0,0,0,0,,
nuscenes_mini_subset,scene-1094_021,yaw,0.0,deg,1,Car,vehicle,20.7,14.9,226.1,0.97,2,0,0,0,0,,
nuscenes_mini_subset,scene-1094_021,yaw,0.0,deg,2,Pedestrian,pedestrian,60.1,22.4,39.9,0.0,2,0,0,0,0,,
nuscenes_mini_subset,scene-1094_021,yaw,0.0,deg,3,Car,vehicle,20.7,124.4,126.4,0.0,0,40,40,40,40,1.0,1.0
nuscenes_mini_subset,scene-1094_021,yaw,0.0,deg,4,Car,vehicle,17.6,129.5,176.6,0.68,0,22,22,22,22,1.0,1.0
nuscenes_mini_subset,scene-1094_021,yaw,0.0,deg,5,Car,vehicle,79.9,42.1,25.3,0.0,0,0,0,0,0,,
nuscenes_mini_subset,scene-1094_021,yaw,0.0,deg,6,Pedestrian,pedestrian,29.2,32.2,78.8,0.0,0,4,4,4,4,1.0,1.0
nuscenes_mini_subset,scene-1094_021,yaw,0.0,deg,7,Motorcycle,cyclist,16.7,164.3,159.9,0.0,0,16,16,16,16,1.0,1.0
nuscenes_mini_subset,scene-1094_021,yaw,0.0,deg,8,Pedestrian,pedestrian,42.7,25.2,55.6,0.0,1,1,1,1,1,1.0,1.0
nuscenes_mini_subset,scene-1094_021,yaw,0.0,deg,9,Car,vehicle,23.9,212.7,106.0,0.0,0,3,3,3,3,1.0,1.0
nuscenes_mini_subset,scene-1094_021,yaw,0.5,deg,0,Car,vehicle,90.2,29.7,21.2,0.0,0,0,0,0,0,,
nuscenes_mini_subset,scene-1094_021,yaw,0.5,deg,1,Car,vehicle,20.7,14.9,226.1,0.97,2,0,0,0,0,,
nuscenes_mini_subset,scene-1094_021,yaw,0.5,deg,2,Pedestrian,pedestrian,60.1,22.4,39.9,0.0,2,0,0,0,0,,
nuscenes_mini_subset,scene-1094_021,yaw,0.5,deg,3,Car,vehicle,20.7,124.4,126.4,0.0,0,40,40,36,36,0.9,0.9
nuscenes_mini_subset,scene-1094_021,yaw,0.5,deg,4,Car,vehicle,17.6,129.5,176.6,0.68,0,22,24,22,24,1.0,1.0
nuscenes_mini_subset,scene-1094_021,yaw,0.5,deg,5,Car,vehicle,79.9,42.1,25.3,0.0,0,0,0,0,0,,
nuscenes_mini_subset,scene-1094_021,yaw,0.5,deg,6,Pedestrian,pedestrian,29.2,32.2,78.8,0.0,0,4,4,3,3,0.75,0.75
nuscenes_mini_subset,scene-1094_021,yaw,0.5,deg,7,Motorcycle,cyclist,16.7,164.3,159.9,0.0,0,16,16,16,16,1.0,1.0
nuscenes_mini_subset,scene-1094_021,yaw,0.5,deg,8,Pedestrian,pedestrian,42.7,25.2,55.6,0.0,1,1,1,0,0,0.0,0.0
nuscenes_mini_subset,scene-1094_021,yaw,0.5,deg,9,Car,vehicle,23.9,212.7,106.0,0.0,0,3,3,3,3,1.0,1.0
nuscenes_mini_subset,scene-1094_021,yaw,1.0,deg,0,Car,vehicle,90.2,29.7,21.2,0.0,0,0,0,0,0,,
nuscenes_mini_subset,scene-1094_021,yaw,1.0,deg,1,Car,vehicle,20.7,14.9,226.1,0.97,2,0,1,0,0,,0.0
nuscenes_mini_subset,scene-1094_021,yaw,1.0,deg,2,Pedestrian,pedestrian,60.1,22.4,39.9,0.0,2,0,0,0,0,,
nuscenes_mini_subset,scene-1094_021,yaw,1.0,deg,3,Car,vehicle,20.7,124.4,126.4,0.0,0,40,40,33,33,0.825,0.825
nuscenes_mini_subset,scene-1094_021,yaw,1.0,deg,4,Car,vehicle,17.6,129.5,176.6,0.68,0,22,27,22,27,1.0,1.0
nuscenes_mini_subset,scene-1094_021,yaw,1.0,deg,5,Car,vehicle,79.9,42.1,25.3,0.0,0,0,0,0,0,,
nuscenes_mini_subset,scene-1094_021,yaw,1.0,deg,6,Pedestrian,pedestrian,29.2,32.2,78.8,0.0,0,4,4,1,1,0.25,0.25
nuscenes_mini_subset,scene-1094_021,yaw,1.0,deg,7,Motorcycle,cyclist,16.7,164.3,159.9,0.0,0,16,16,15,15,0.9375,0.9375
nuscenes_mini_subset,scene-1094_021,yaw,1.0,deg,8,Pedestrian,pedestrian,42.7,25.2,55.6,0.0,1,1,1,0,0,0.0,0.0
nuscenes_mini_subset,scene-1094_021,yaw,1.0,deg,9,Car,vehicle,23.9,212.7,106.0,0.0,0,3,3,3,3,1.0,1.0
nuscenes_mini_subset,scene-1094_021,yaw,2.0,deg,0,Car,vehicle,90.2,29.7,21.2,0.0,0,0,0,0,0,,
nuscenes_mini_subset,scene-1094_021,yaw,2.0,deg,1,Car,vehicle,20.7,14.9,226.1,0.97,2,0,3,0,1,,0.3333
nuscenes_mini_subset,scene-1094_021,yaw,2.0,deg,2,Pedestrian,pedestrian,60.1,22.4,39.9,0.0,2,0,0,0,0,,
nuscenes_mini_subset,scene-1094_021,yaw,2.0,deg,3,Car,vehicle,20.7,124.4,126.4,0.0,0,40,40,24,24,0.6,0.6
nuscenes_mini_subset,scene-1094_021,yaw,2.0,deg,4,Car,vehicle,17.6,129.5,176.6,0.68,0,22,30,15,23,0.6818,0.7667
nuscenes_mini_subset,scene-1094_021,yaw,2.0,deg,5,Car,vehicle,79.9,42.1,25.3,0.0,0,0,0,0,0,,
nuscenes_mini_subset,scene-1094_021,yaw,2.0,deg,6,Pedestrian,pedestrian,29.2,32.2,78.8,0.0,0,4,4,0,0,0.0,0.0
nuscenes_mini_subset,scene-1094_021,yaw,2.0,deg,7,Motorcycle,cyclist,16.7,164.3,159.9,0.0,0,16,16,12,12,0.75,0.75
nuscenes_mini_subset,scene-1094_021,yaw,2.0,deg,8,Pedestrian,pedestrian,42.7,25.2,55.6,0.0,1,1,1,0,0,0.0,0.0
nuscenes_mini_subset,scene-1094_021,yaw,2.0,deg,9,Car,vehicle,23.9,212.7,106.0,0.0,0,3,3,2,2,0.6667,0.6667
nuscenes_mini_subset,scene-1094_021,yaw,3.0,deg,0,Car,vehicle,90.2,29.7,21.2,0.0,0,0,0,0,0,,
nuscenes_mini_subset,scene-1094_021,yaw,3.0,deg,1,Car,vehicle,20.7,14.9,226.1,0.97,2,0,7,0,2,,0.2857
nuscenes_mini_subset,scene-1094_021,yaw,3.0,deg,2,Pedestrian,pedestrian,60.1,22.4,39.9,0.0,2,0,0,0,0,,
nuscenes_mini_subset,scene-1094_021,yaw,3.0,deg,3,Car,vehicle,20.7,124.4,126.4,0.0,0,40,40,15,15,0.375,0.375
nuscenes_mini_subset,scene-1094_021,yaw,3.0,deg,4,Car,vehicle,17.6,129.5,176.6,0.68,0,22,31,7,16,0.3182,0.5161
nuscenes_mini_subset,scene-1094_021,yaw,3.0,deg,5,Car,vehicle,79.9,42.1,25.3,0.0,0,0,0,0,0,,
nuscenes_mini_subset,scene-1094_021,yaw,3.0,deg,6,Pedestrian,pedestrian,29.2,32.2,78.8,0.0,0,4,4,0,0,0.0,0.0
nuscenes_mini_subset,scene-1094_021,yaw,3.0,deg,7,Motorcycle,cyclist,16.7,164.3,159.9,0.0,0,16,16,7,7,0.4375,0.4375
nuscenes_mini_subset,scene-1094_021,yaw,3.0,deg,8,Pedestrian,pedestrian,42.7,25.2,55.6,0.0,1,1,1,0,0,0.0,0.0
nuscenes_mini_subset,scene-1094_021,yaw,3.0,deg,9,Car,vehicle,23.9,212.7,106.0,0.0,0,3,3,1,1,0.3333,0.3333
nuscenes_mini_subset,scene-1094_022,yaw,0.0,deg,0,Pedestrian,pedestrian,40.1,32.2,60.8,0.0,0,1,1,1,1,1.0,1.0
nuscenes_mini_subset,scene-1094_022,yaw,0.0,deg,1,Car,vehicle,81.3,33.8,23.6,0.0,0,0,0,0,0,,
nuscenes_mini_subset,scene-1094_022,yaw,0.0,deg,2,Pedestrian,pedestrian,57.0,24.2,42.4,0.0,2,0,0,0,0,,
nuscenes_mini_subset,scene-1094_022,yaw,0.0,deg,3,Car,vehicle,21.6,119.0,120.9,0.0,0,23,23,23,23,1.0,1.0
nuscenes_mini_subset,scene-1094_022,yaw,0.0,deg,4,Pedestrian,pedestrian,37.3,31.7,55.4,0.0,0,2,2,2,2,1.0,1.0
nuscenes_mini_subset,scene-1094_022,yaw,0.0,deg,5,Car,vehicle,72.8,47.5,27.9,0.0,0,0,0,0,0,,
nuscenes_mini_subset,scene-1094_022,yaw,0.0,deg,6,Pedestrian,pedestrian,25.0,38.6,92.6,0.0,0,5,5,5,5,1.0,1.0
nuscenes_mini_subset,scene-1094_022,yaw,0.0,deg,7,Pedestrian,pedestrian,38.4,28.5,62.0,0.0,2,1,1,1,1,1.0,1.0
nuscenes_mini_subset,scene-1094_022,yaw,0.0,deg,8,Car,vehicle,20.3,240.0,133.6,0.2,0,24,24,24,24,1.0,1.0
nuscenes_mini_subset,scene-1094_022,yaw,0.5,deg,0,Pedestrian,pedestrian,40.1,32.2,60.8,0.0,0,1,1,1,1,1.0,1.0
nuscenes_mini_subset,scene-1094_022,yaw,0.5,deg,1,Car,vehicle,81.3,33.8,23.6,0.0,0,0,0,0,0,,
nuscenes_mini_subset,scene-1094_022,yaw,0.5,deg,2,Pedestrian,pedestrian,57.0,24.2,42.4,0.0,2,0,0,0,0,,
nuscenes_mini_subset,scene-1094_022,yaw,0.5,deg,3,Car,vehicle,21.6,119.0,120.9,0.0,0,23,23,20,20,0.8696,0.8696
nuscenes_mini_subset,scene-1094_022,yaw,0.5,deg,4,Pedestrian,pedestrian,37.3,31.7,55.4,0.0,0,2,2,1,1,0.5,0.5
nuscenes_mini_subset,scene-1094_022,yaw,0.5,deg,5,Car,vehicle,72.8,47.5,27.9,0.0,0,0,0,0,0,,
nuscenes_mini_subset,scene-1094_022,yaw,0.5,deg,6,Pedestrian,pedestrian,25.0,38.6,92.6,0.0,0,5,5,4,4,0.8,0.8
nuscenes_mini_subset,scene-1094_022,yaw,0.5,deg,7,Pedestrian,pedestrian,38.4,28.5,62.0,0.0,2,1,1,0,0,0.0,0.0
nuscenes_mini_subset,scene-1094_022,yaw,0.5,deg,8,Car,vehicle,20.3,240.0,133.6,0.2,0,24,24,24,24,1.0,1.0
nuscenes_mini_subset,scene-1094_022,yaw,1.0,deg,0,Pedestrian,pedestrian,40.1,32.2,60.8,0.0,0,1,1,1,1,1.0,1.0
nuscenes_mini_subset,scene-1094_022,yaw,1.0,deg,1,Car,vehicle,81.3,33.8,23.6,0.0,0,0,0,0,0,,
nuscenes_mini_subset,scene-1094_022,yaw,1.0,deg,2,Pedestrian,pedestrian,57.0,24.2,42.4,0.0,2,0,0,0,0,,
nuscenes_mini_subset,scene-1094_022,yaw,1.0,deg,3,Car,vehicle,21.6,119.0,120.9,0.0,0,23,23,20,20,0.8696,0.8696
nuscenes_mini_subset,scene-1094_022,yaw,1.0,deg,4,Pedestrian,pedestrian,37.3,31.7,55.4,0.0,0,2,2,0,0,0.0,0.0
nuscenes_mini_subset,scene-1094_022,yaw,1.0,deg,5,Car,vehicle,72.8,47.5,27.9,0.0,0,0,0,0,0,,
nuscenes_mini_subset,scene-1094_022,yaw,1.0,deg,6,Pedestrian,pedestrian,25.0,38.6,92.6,0.0,0,5,5,2,2,0.4,0.4
nuscenes_mini_subset,scene-1094_022,yaw,1.0,deg,7,Pedestrian,pedestrian,38.4,28.5,62.0,0.0,2,1,1,0,0,0.0,0.0
nuscenes_mini_subset,scene-1094_022,yaw,1.0,deg,8,Car,vehicle,20.3,240.0,133.6,0.2,0,24,24,24,24,1.0,1.0
nuscenes_mini_subset,scene-1094_022,yaw,2.0,deg,0,Pedestrian,pedestrian,40.1,32.2,60.8,0.0,0,1,1,0,0,0.0,0.0
nuscenes_mini_subset,scene-1094_022,yaw,2.0,deg,1,Car,vehicle,81.3,33.8,23.6,0.0,0,0,0,0,0,,
nuscenes_mini_subset,scene-1094_022,yaw,2.0,deg,2,Pedestrian,pedestrian,57.0,24.2,42.4,0.0,2,0,0,0,0,,
nuscenes_mini_subset,scene-1094_022,yaw,2.0,deg,3,Car,vehicle,21.6,119.0,120.9,0.0,0,23,23,15,15,0.6522,0.6522
nuscenes_mini_subset,scene-1094_022,yaw,2.0,deg,4,Pedestrian,pedestrian,37.3,31.7,55.4,0.0,0,2,2,0,0,0.0,0.0
nuscenes_mini_subset,scene-1094_022,yaw,2.0,deg,5,Car,vehicle,72.8,47.5,27.9,0.0,0,0,0,0,0,,
nuscenes_mini_subset,scene-1094_022,yaw,2.0,deg,6,Pedestrian,pedestrian,25.0,38.6,92.6,0.0,0,5,5,0,0,0.0,0.0
nuscenes_mini_subset,scene-1094_022,yaw,2.0,deg,7,Pedestrian,pedestrian,38.4,28.5,62.0,0.0,2,1,1,0,0,0.0,0.0
nuscenes_mini_subset,scene-1094_022,yaw,2.0,deg,8,Car,vehicle,20.3,240.0,133.6,0.2,0,24,25,23,24,0.9583,0.96
nuscenes_mini_subset,scene-1094_022,yaw,3.0,deg,0,Pedestrian,pedestrian,40.1,32.2,60.8,0.0,0,1,1,0,0,0.0,0.0
nuscenes_mini_subset,scene-1094_022,yaw,3.0,deg,1,Car,vehicle,81.3,33.8,23.6,0.0,0,0,0,0,0,,
nuscenes_mini_subset,scene-1094_022,yaw,3.0,deg,2,Pedestrian,pedestrian,57.0,24.2,42.4,0.0,2,0,0,0,0,,
nuscenes_mini_subset,scene-1094_022,yaw,3.0,deg,3,Car,vehicle,21.6,119.0,120.9,0.0,0,23,23,9,9,0.3913,0.3913
nuscenes_mini_subset,scene-1094_022,yaw,3.0,deg,4,Pedestrian,pedestrian,37.3,31.7,55.4,0.0,0,2,2,0,0,0.0,0.0
nuscenes_mini_subset,scene-1094_022,yaw,3.0,deg,5,Car,vehicle,72.8,47.5,27.9,0.0,0,0,0,0,0,,
nuscenes_mini_subset,scene-1094_022,yaw,3.0,deg,6,Pedestrian,pedestrian,25.0,38.6,92.6,0.0,0,5,5,0,0,0.0,0.0
nuscenes_mini_subset,scene-1094_022,yaw,3.0,deg,7,Pedestrian,pedestrian,38.4,28.5,62.0,0.0,2,1,1,0,0,0.0,0.0
nuscenes_mini_subset,scene-1094_022,yaw,3.0,deg,8,Car,vehicle,20.3,240.0,133.6,0.2,0,24,25,20,21,0.8333,0.84
nuscenes_mini_subset,scene-1094_023,yaw,0.0,deg,0,Pedestrian,pedestrian,36.2,35.5,67.3,0.0,0,3,3,3,3,1.0,1.0
nuscenes_mini_subset,scene-1094_023,yaw,0.0,deg,1,Car,vehicle,71.1,39.9,27.1,0.0,0,0,0,0,0,,
nuscenes_mini_subset,scene-1094_023,yaw,0.0,deg,2,Pedestrian,pedestrian,53.3,26.7,45.8,0.0,2,1,1,1,1,1.0,1.0
nuscenes_mini_subset,scene-1094_023,yaw,0.0,deg,3,Car,vehicle,22.5,113.3,115.0,0.0,0,18,18,18,18,1.0,1.0
nuscenes_mini_subset,scene-1094_023,yaw,0.0,deg,4,Pedestrian,pedestrian,32.1,36.2,64.6,0.0,0,2,2,2,2,1.0,1.0
nuscenes_mini_subset,scene-1094_023,yaw,0.0,deg,5,Car,vehicle,64.5,56.0,31.8,0.0,0,0,0,0,0,,
nuscenes_mini_subset,scene-1094_023,yaw,0.0,deg,6,Pedestrian,pedestrian,20.1,50.3,116.8,0.0,0,6,6,6,6,1.0,1.0
nuscenes_mini_subset,scene-1094_023,yaw,0.0,deg,7,Pedestrian,pedestrian,33.3,33.6,71.8,0.0,2,0,0,0,0,,
nuscenes_mini_subset,scene-1094_023,yaw,0.0,deg,8,Car,vehicle,16.3,65.4,192.7,0.87,0,7,7,5,5,0.7143,0.7143
nuscenes_mini_subset,scene-1094_023,yaw,0.5,deg,0,Pedestrian,pedestrian,36.2,35.5,67.3,0.0,0,3,3,3,3,1.0,1.0
nuscenes_mini_subset,scene-1094_023,yaw,0.5,deg,1,Car,vehicle,71.1,39.9,27.1,0.0,0,0,0,0,0,,
nuscenes_mini_subset,scene-1094_023,yaw,0.5,deg,2,Pedestrian,pedestrian,53.3,26.7,45.8,0.0,2,1,1,1,1,1.0,1.0
nuscenes_mini_subset,scene-1094_023,yaw,0.5,deg,3,Car,vehicle,22.5,113.3,115.0,0.0,0,18,18,16,16,0.8889,0.8889
nuscenes_mini_subset,scene-1094_023,yaw,0.5,deg,4,Pedestrian,pedestrian,32.1,36.2,64.6,0.0,0,2,2,1,1,0.5,0.5
nuscenes_mini_subset,scene-1094_023,yaw,0.5,deg,5,Car,vehicle,64.5,56.0,31.8,0.0,0,0,0,0,0,,
nuscenes_mini_subset,scene-1094_023,yaw,0.5,deg,6,Pedestrian,pedestrian,20.1,50.3,116.8,0.0,0,6,6,6,6,1.0,1.0
nuscenes_mini_subset,scene-1094_023,yaw,0.5,deg,7,Pedestrian,pedestrian,33.3,33.6,71.8,0.0,2,0,0,0,0,,
nuscenes_mini_subset,scene-1094_023,yaw,0.5,deg,8,Car,vehicle,16.3,65.4,192.7,0.87,0,7,10,7,10,1.0,1.0
nuscenes_mini_subset,scene-1094_023,yaw,1.0,deg,0,Pedestrian,pedestrian,36.2,35.5,67.3,0.0,0,3,3,3,3,1.0,1.0
nuscenes_mini_subset,scene-1094_023,yaw,1.0,deg,1,Car,vehicle,71.1,39.9,27.1,0.0,0,0,0,0,0,,
nuscenes_mini_subset,scene-1094_023,yaw,1.0,deg,2,Pedestrian,pedestrian,53.3,26.7,45.8,0.0,2,1,1,0,0,0.0,0.0
nuscenes_mini_subset,scene-1094_023,yaw,1.0,deg,3,Car,vehicle,22.5,113.3,115.0,0.0,0,18,18,15,15,0.8333,0.8333
nuscenes_mini_subset,scene-1094_023,yaw,1.0,deg,4,Pedestrian,pedestrian,32.1,36.2,64.6,0.0,0,2,2,0,0,0.0,0.0
nuscenes_mini_subset,scene-1094_023,yaw,1.0,deg,5,Car,vehicle,64.5,56.0,31.8,0.0,0,0,0,0,0,,
nuscenes_mini_subset,scene-1094_023,yaw,1.0,deg,6,Pedestrian,pedestrian,20.1,50.3,116.8,0.0,0,6,6,5,5,0.8333,0.8333
nuscenes_mini_subset,scene-1094_023,yaw,1.0,deg,7,Pedestrian,pedestrian,33.3,33.6,71.8,0.0,2,0,0,0,0,,
nuscenes_mini_subset,scene-1094_023,yaw,1.0,deg,8,Car,vehicle,16.3,65.4,192.7,0.87,0,7,12,7,12,1.0,1.0
nuscenes_mini_subset,scene-1094_023,yaw,2.0,deg,0,Pedestrian,pedestrian,36.2,35.5,67.3,0.0,0,3,3,0,0,0.0,0.0
nuscenes_mini_subset,scene-1094_023,yaw,2.0,deg,1,Car,vehicle,71.1,39.9,27.1,0.0,0,0,0,0,0,,
nuscenes_mini_subset,scene-1094_023,yaw,2.0,deg,2,Pedestrian,pedestrian,53.3,26.7,45.8,0.0,2,1,1,0,0,0.0,0.0
nuscenes_mini_subset,scene-1094_023,yaw,2.0,deg,3,Car,vehicle,22.5,113.3,115.0,0.0,0,18,18,10,10,0.5556,0.5556
nuscenes_mini_subset,scene-1094_023,yaw,2.0,deg,4,Pedestrian,pedestrian,32.1,36.2,64.6,0.0,0,2,2,0,0,0.0,0.0
nuscenes_mini_subset,scene-1094_023,yaw,2.0,deg,5,Car,vehicle,64.5,56.0,31.8,0.0,0,0,0,0,0,,
nuscenes_mini_subset,scene-1094_023,yaw,2.0,deg,6,Pedestrian,pedestrian,20.1,50.3,116.8,0.0,0,6,6,0,0,0.0,0.0
nuscenes_mini_subset,scene-1094_023,yaw,2.0,deg,7,Pedestrian,pedestrian,33.3,33.6,71.8,0.0,2,0,0,0,0,,
nuscenes_mini_subset,scene-1094_023,yaw,2.0,deg,8,Car,vehicle,16.3,65.4,192.7,0.87,0,7,18,2,13,0.2857,0.7222
nuscenes_mini_subset,scene-1094_023,yaw,3.0,deg,0,Pedestrian,pedestrian,36.2,35.5,67.3,0.0,0,3,3,0,0,0.0,0.0
nuscenes_mini_subset,scene-1094_023,yaw,3.0,deg,1,Car,vehicle,71.1,39.9,27.1,0.0,0,0,0,0,0,,
nuscenes_mini_subset,scene-1094_023,yaw,3.0,deg,2,Pedestrian,pedestrian,53.3,26.7,45.8,0.0,2,1,1,0,0,0.0,0.0
nuscenes_mini_subset,scene-1094_023,yaw,3.0,deg,3,Car,vehicle,22.5,113.3,115.0,0.0,0,18,18,7,7,0.3889,0.3889
nuscenes_mini_subset,scene-1094_023,yaw,3.0,deg,4,Pedestrian,pedestrian,32.1,36.2,64.6,0.0,0,2,2,0,0,0.0,0.0
nuscenes_mini_subset,scene-1094_023,yaw,3.0,deg,5,Car,vehicle,64.5,56.0,31.8,0.0,0,0,0,0,0,,
nuscenes_mini_subset,scene-1094_023,yaw,3.0,deg,6,Pedestrian,pedestrian,20.1,50.3,116.8,0.0,0,6,6,0,0,0.0,0.0
nuscenes_mini_subset,scene-1094_023,yaw,3.0,deg,7,Pedestrian,pedestrian,33.3,33.6,71.8,0.0,2,0,0,0,0,,
nuscenes_mini_subset,scene-1094_023,yaw,3.0,deg,8,Car,vehicle,16.3,65.4,192.7,0.87,0,7,24,0,12,0.0,0.5
nuscenes_mini_subset,scene-1094_024,yaw,0.0,deg,0,Pedestrian,pedestrian,32.6,39.4,75.0,0.0,0,4,4,4,4,1.0,1.0
nuscenes_mini_subset,scene-1094_024,yaw,0.0,deg,1,Car,vehicle,61.8,47.9,31.5,0.0,0,0,0,0,0,,
nuscenes_mini_subset,scene-1094_024,yaw,0.0,deg,2,Pedestrian,pedestrian,49.9,29.5,49.5,0.0,2,0,0,0,0,,
nuscenes_mini_subset,scene-1094_024,yaw,0.0,deg,3,Car,vehicle,23.2,109.7,111.4,0.0,0,30,30,30,30,1.0,1.0
nuscenes_mini_subset,scene-1094_024,yaw,0.0,deg,4,Pedestrian,pedestrian,27.5,41.5,75.8,0.0,0,1,1,1,1,1.0,1.0
nuscenes_mini_subset,scene-1094_024,yaw,0.0,deg,5,Car,vehicle,56.9,66.8,36.5,0.0,0,0,0,0,0,,
nuscenes_mini_subset,scene-1094_024,yaw,0.0,deg,6,Pedestrian,pedestrian,15.6,69.7,154.0,0.0,0,15,15,15,15,1.0,1.0
nuscenes_mini_subset,scene-1094_024,yaw,0.0,deg,7,Pedestrian,pedestrian,28.5,40.3,84.3,0.0,2,0,0,0,0,,
nuscenes_mini_subset,scene-1094_024,yaw,0.5,deg,0,Pedestrian,pedestrian,32.6,39.4,75.0,0.0,0,4,4,3,3,0.75,0.75
nuscenes_mini_subset,scene-1094_024,yaw,0.5,deg,1,Car,vehicle,61.8,47.9,31.5,0.0,0,0,0,0,0,,
nuscenes_mini_subset,scene-1094_024,yaw,0.5,deg,2,Pedestrian,pedestrian,49.9,29.5,49.5,0.0,2,0,0,0,0,,
nuscenes_mini_subset,scene-1094_024,yaw,0.5,deg,3,Car,vehicle,23.2,109.7,111.4,0.0,0,30,30,29,29,0.9667,0.9667
nuscenes_mini_subset,scene-1094_024,yaw,0.5,deg,4,Pedestrian,pedestrian,27.5,41.5,75.8,0.0,0,1,1,1,1,1.0,1.0
nuscenes_mini_subset,scene-1094_024,yaw,0.5,deg,5,Car,vehicle,56.9,66.8,36.5,0.0,0,0,0,0,0,,
nuscenes_mini_subset,scene-1094_024,yaw,0.5,deg,6,Pedestrian,pedestrian,15.6,69.7,154.0,0.0,0,15,15,14,14,0.9333,0.9333
nuscenes_mini_subset,scene-1094_024,yaw,0.5,deg,7,Pedestrian,pedestrian,28.5,40.3,84.3,0.0,2,0,0,0,0,,
nuscenes_mini_subset,scene-1094_024,yaw,1.0,deg,0,Pedestrian,pedestrian,32.6,39.4,75.0,0.0,0,4,4,2,2,0.5,0.5
nuscenes_mini_subset,scene-1094_024,yaw,1.0,deg,1,Car,vehicle,61.8,47.9,31.5,0.0,0,0,0,0,0,,
nuscenes_mini_subset,scene-1094_024,yaw,1.0,deg,2,Pedestrian,pedestrian,49.9,29.5,49.5,0.0,2,0,0,0,0,,
nuscenes_mini_subset,scene-1094_024,yaw,1.0,deg,3,Car,vehicle,23.2,109.7,111.4,0.0,0,30,30,26,26,0.8667,0.8667
nuscenes_mini_subset,scene-1094_024,yaw,1.0,deg,4,Pedestrian,pedestrian,27.5,41.5,75.8,0.0,0,1,1,0,0,0.0,0.0
nuscenes_mini_subset,scene-1094_024,yaw,1.0,deg,5,Car,vehicle,56.9,66.8,36.5,0.0,0,0,0,0,0,,
nuscenes_mini_subset,scene-1094_024,yaw,1.0,deg,6,Pedestrian,pedestrian,15.6,69.7,154.0,0.0,0,15,15,12,12,0.8,0.8
nuscenes_mini_subset,scene-1094_024,yaw,1.0,deg,7,Pedestrian,pedestrian,28.5,40.3,84.3,0.0,2,0,0,0,0,,
nuscenes_mini_subset,scene-1094_024,yaw,2.0,deg,0,Pedestrian,pedestrian,32.6,39.4,75.0,0.0,0,4,4,0,0,0.0,0.0
nuscenes_mini_subset,scene-1094_024,yaw,2.0,deg,1,Car,vehicle,61.8,47.9,31.5,0.0,0,0,0,0,0,,
nuscenes_mini_subset,scene-1094_024,yaw,2.0,deg,2,Pedestrian,pedestrian,49.9,29.5,49.5,0.0,2,0,0,0,0,,
nuscenes_mini_subset,scene-1094_024,yaw,2.0,deg,3,Car,vehicle,23.2,109.7,111.4,0.0,0,30,30,18,18,0.6,0.6
nuscenes_mini_subset,scene-1094_024,yaw,2.0,deg,4,Pedestrian,pedestrian,27.5,41.5,75.8,0.0,0,1,1,0,0,0.0,0.0
nuscenes_mini_subset,scene-1094_024,yaw,2.0,deg,5,Car,vehicle,56.9,66.8,36.5,0.0,0,0,0,0,0,,
nuscenes_mini_subset,scene-1094_024,yaw,2.0,deg,6,Pedestrian,pedestrian,15.6,69.7,154.0,0.0,0,15,15,4,4,0.2667,0.2667
nuscenes_mini_subset,scene-1094_024,yaw,2.0,deg,7,Pedestrian,pedestrian,28.5,40.3,84.3,0.0,2,0,0,0,0,,
nuscenes_mini_subset,scene-1094_024,yaw,3.0,deg,0,Pedestrian,pedestrian,32.6,39.4,75.0,0.0,0,4,4,0,0,0.0,0.0
nuscenes_mini_subset,scene-1094_024,yaw,3.0,deg,1,Car,vehicle,61.8,47.9,31.5,0.0,0,0,0,0,0,,
nuscenes_mini_subset,scene-1094_024,yaw,3.0,deg,2,Pedestrian,pedestrian,49.9,29.5,49.5,0.0,2,0,0,0,0,,
nuscenes_mini_subset,scene-1094_024,yaw,3.0,deg,3,Car,vehicle,23.2,109.7,111.4,0.0,0,30,30,10,10,0.3333,0.3333
nuscenes_mini_subset,scene-1094_024,yaw,3.0,deg,4,Pedestrian,pedestrian,27.5,41.5,75.8,0.0,0,1,1,0,0,0.0,0.0
nuscenes_mini_subset,scene-1094_024,yaw,3.0,deg,5,Car,vehicle,56.9,66.8,36.5,0.0,0,0,0,0,0,,
nuscenes_mini_subset,scene-1094_024,yaw,3.0,deg,6,Pedestrian,pedestrian,15.6,69.7,154.0,0.0,0,15,15,0,0,0.0,0.0
nuscenes_mini_subset,scene-1094_024,yaw,3.0,deg,7,Pedestrian,pedestrian,28.5,40.3,84.3,0.0,2,0,0,0,0,,
nuscenes_mini_subset,scene-1094_025,yaw,0.0,deg,0,Pedestrian,pedestrian,28.7,44.6,85.3,0.0,0,6,6,6,6,1.0,1.0
nuscenes_mini_subset,scene-1094_025,yaw,0.0,deg,1,Bus,vehicle,81.0,70.1,55.9,0.0,0,1,1,1,1,1.0,1.0
nuscenes_mini_subset,scene-1094_025,yaw,0.0,deg,2,Car,vehicle,52.3,59.6,37.6,0.0,0,1,1,1,1,1.0,1.0
nuscenes_mini_subset,scene-1094_025,yaw,0.0,deg,3,Pedestrian,pedestrian,46.4,32.8,53.8,0.0,2,1,1,1,1,1.0,1.0
nuscenes_mini_subset,scene-1094_025,yaw,0.0,deg,4,Car,vehicle,24.0,105.8,107.4,0.0,0,42,42,42,42,1.0,1.0
nuscenes_mini_subset,scene-1094_025,yaw,0.0,deg,5,Pedestrian,pedestrian,22.6,49.3,92.7,0.0,0,3,3,3,3,1.0,1.0
nuscenes_mini_subset,scene-1094_025,yaw,0.0,deg,6,Car,vehicle,49.5,81.3,42.5,0.0,0,0,0,0,0,,
nuscenes_mini_subset,scene-1094_025,yaw,0.0,deg,7,Pedestrian,pedestrian,11.0,114.8,231.6,0.0,0,19,19,19,19,1.0,1.0
nuscenes_mini_subset,scene-1094_025,yaw,0.0,deg,8,Pedestrian,pedestrian,23.6,51.2,103.2,0.0,2,1,1,1,1,1.0,1.0
nuscenes_mini_subset,scene-1094_025,yaw,0.5,deg,0,Pedestrian,pedestrian,28.7,44.6,85.3,0.0,0,6,6,5,5,0.8333,0.8333
nuscenes_mini_subset,scene-1094_025,yaw,0.5,deg,1,Bus,vehicle,81.0,70.1,55.9,0.0,0,1,1,1,1,1.0,1.0
nuscenes_mini_subset,scene-1094_025,yaw,0.5,deg,2,Car,vehicle,52.3,59.6,37.6,0.0,0,1,1,0,0,0.0,0.0
nuscenes_mini_subset,scene-1094_025,yaw,0.5,deg,3,Pedestrian,pedestrian,46.4,32.8,53.8,0.0,2,1,1,1,1,1.0,1.0
nuscenes_mini_subset,scene-1094_025,yaw,0.5,deg,4,Car,vehicle,24.0,105.8,107.4,0.0,0,42,42,39,39,0.9286,0.9286
nuscenes_mini_subset,scene-1094_025,yaw,0.5,deg,5,Pedestrian,pedestrian,22.6,49.3,92.7,0.0,0,3,3,2,2,0.6667,0.6667
nuscenes_mini_subset,scene-1094_025,yaw,0.5,deg,6,Car,vehicle,49.5,81.3,42.5,0.0,0,0,0,0,0,,
nuscenes_mini_subset,scene-1094_025,yaw,0.5,deg,7,Pedestrian,pedestrian,11.0,114.8,231.6,0.0,0,19,19,19,19,1.0,1.0
nuscenes_mini_subset,scene-1094_025,yaw,0.5,deg,8,Pedestrian,pedestrian,23.6,51.2,103.2,0.0,2,1,1,1,1,1.0,1.0
nuscenes_mini_subset,scene-1094_025,yaw,1.0,deg,0,Pedestrian,pedestrian,28.7,44.6,85.3,0.0,0,6,6,3,3,0.5,0.5
nuscenes_mini_subset,scene-1094_025,yaw,1.0,deg,1,Bus,vehicle,81.0,70.1,55.9,0.0,0,1,1,1,1,1.0,1.0
nuscenes_mini_subset,scene-1094_025,yaw,1.0,deg,2,Car,vehicle,52.3,59.6,37.6,0.0,0,1,1,0,0,0.0,0.0
nuscenes_mini_subset,scene-1094_025,yaw,1.0,deg,3,Pedestrian,pedestrian,46.4,32.8,53.8,0.0,2,1,1,0,0,0.0,0.0
nuscenes_mini_subset,scene-1094_025,yaw,1.0,deg,4,Car,vehicle,24.0,105.8,107.4,0.0,0,42,42,36,36,0.8571,0.8571
nuscenes_mini_subset,scene-1094_025,yaw,1.0,deg,5,Pedestrian,pedestrian,22.6,49.3,92.7,0.0,0,3,3,2,2,0.6667,0.6667
nuscenes_mini_subset,scene-1094_025,yaw,1.0,deg,6,Car,vehicle,49.5,81.3,42.5,0.0,0,0,0,0,0,,
nuscenes_mini_subset,scene-1094_025,yaw,1.0,deg,7,Pedestrian,pedestrian,11.0,114.8,231.6,0.0,0,19,19,18,18,0.9474,0.9474
nuscenes_mini_subset,scene-1094_025,yaw,1.0,deg,8,Pedestrian,pedestrian,23.6,51.2,103.2,0.0,2,1,1,1,1,1.0,1.0
nuscenes_mini_subset,scene-1094_025,yaw,2.0,deg,0,Pedestrian,pedestrian,28.7,44.6,85.3,0.0,0,6,6,0,0,0.0,0.0
nuscenes_mini_subset,scene-1094_025,yaw,2.0,deg,1,Bus,vehicle,81.0,70.1,55.9,0.0,0,1,1,0,0,0.0,0.0
nuscenes_mini_subset,scene-1094_025,yaw,2.0,deg,2,Car,vehicle,52.3,59.6,37.6,0.0,0,1,1,0,0,0.0,0.0
nuscenes_mini_subset,scene-1094_025,yaw,2.0,deg,3,Pedestrian,pedestrian,46.4,32.8,53.8,0.0,2,1,1,0,0,0.0,0.0
nuscenes_mini_subset,scene-1094_025,yaw,2.0,deg,4,Car,vehicle,24.0,105.8,107.4,0.0,0,42,42,25,25,0.5952,0.5952
nuscenes_mini_subset,scene-1094_025,yaw,2.0,deg,5,Pedestrian,pedestrian,22.6,49.3,92.7,0.0,0,3,3,0,0,0.0,0.0
nuscenes_mini_subset,scene-1094_025,yaw,2.0,deg,6,Car,vehicle,49.5,81.3,42.5,0.0,0,0,0,0,0,,
nuscenes_mini_subset,scene-1094_025,yaw,2.0,deg,7,Pedestrian,pedestrian,11.0,114.8,231.6,0.0,0,19,19,11,11,0.5789,0.5789
nuscenes_mini_subset,scene-1094_025,yaw,2.0,deg,8,Pedestrian,pedestrian,23.6,51.2,103.2,0.0,2,1,1,0,0,0.0,0.0
nuscenes_mini_subset,scene-1094_025,yaw,3.0,deg,0,Pedestrian,pedestrian,28.7,44.6,85.3,0.0,0,6,6,0,0,0.0,0.0
nuscenes_mini_subset,scene-1094_025,yaw,3.0,deg,1,Bus,vehicle,81.0,70.1,55.9,0.0,0,1,1,0,0,0.0,0.0
nuscenes_mini_subset,scene-1094_025,yaw,3.0,deg,2,Car,vehicle,52.3,59.6,37.6,0.0,0,1,1,0,0,0.0,0.0
nuscenes_mini_subset,scene-1094_025,yaw,3.0,deg,3,Pedestrian,pedestrian,46.4,32.8,53.8,0.0,2,1,1,0,0,0.0,0.0
nuscenes_mini_subset,scene-1094_025,yaw,3.0,deg,4,Car,vehicle,24.0,105.8,107.4,0.0,0,42,42,13,13,0.3095,0.3095
nuscenes_mini_subset,scene-1094_025,yaw,3.0,deg,5,Pedestrian,pedestrian,22.6,49.3,92.7,0.0,0,3,3,0,0,0.0,0.0
nuscenes_mini_subset,scene-1094_025,yaw,3.0,deg,6,Car,vehicle,49.5,81.3,42.5,0.0,0,0,0,0,0,,
nuscenes_mini_subset,scene-1094_025,yaw,3.0,deg,7,Pedestrian,pedestrian,11.0,114.8,231.6,0.0,0,19,19,2,2,0.1053,0.1053
nuscenes_mini_subset,scene-1094_025,yaw,3.0,deg,8,Pedestrian,pedestrian,23.6,51.2,103.2,0.0,2,1,1,0,0,0.0,0.0
nuscenes_mini_subset,scene-1094_026,yaw,0.0,deg,0,Pedestrian,pedestrian,24.8,51.7,99.3,0.0,0,5,5,5,5,1.0,1.0
nuscenes_mini_subset,scene-1094_026,yaw,0.0,deg,1,Bus,vehicle,73.2,84.7,62.5,0.0,0,0,0,0,0,,
nuscenes_mini_subset,scene-1094_026,yaw,0.0,deg,2,Car,vehicle,42.7,78.7,46.8,0.0,0,4,4,4,4,1.0,1.0
nuscenes_mini_subset,scene-1094_026,yaw,0.0,deg,3,Pedestrian,pedestrian,42.8,37.2,59.2,0.0,2,1,1,1,1,1.0,1.0
nuscenes_mini_subset,scene-1094_026,yaw,0.0,deg,4,Car,vehicle,24.7,102.5,104.0,0.0,0,30,30,30,30,1.0,1.0
nuscenes_mini_subset,scene-1094_026,yaw,0.0,deg,5,Pedestrian,pedestrian,17.7,58.3,120.1,0.0,0,5,5,5,5,1.0,1.0
nuscenes_mini_subset,scene-1094_026,yaw,0.0,deg,6,Car,vehicle,42.0,103.6,51.1,0.0,0,6,6,6,6,1.0,1.0
nuscenes_mini_subset,scene-1094_026,yaw,0.0,deg,7,Pedestrian,pedestrian,18.7,70.1,133.5,0.0,0,6,6,6,6,1.0,1.0
nuscenes_mini_subset,scene-1094_026,yaw,0.5,deg,0,Pedestrian,pedestrian,24.8,51.7,99.3,0.0,0,5,5,5,5,1.0,1.0
nuscenes_mini_subset,scene-1094_026,yaw,0.5,deg,1,Bus,vehicle,73.2,84.7,62.5,0.0,0,0,0,0,0,,
nuscenes_mini_subset,scene-1094_026,yaw,0.5,deg,2,Car,vehicle,42.7,78.7,46.8,0.0,0,4,4,3,3,0.75,0.75
nuscenes_mini_subset,scene-1094_026,yaw,0.5,deg,3,Pedestrian,pedestrian,42.8,37.2,59.2,0.0,2,1,1,1,1,1.0,1.0
nuscenes_mini_subset,scene-1094_026,yaw,0.5,deg,4,Car,vehicle,24.7,102.5,104.0,0.0,0,30,30,28,28,0.9333,0.9333
nuscenes_mini_subset,scene-1094_026,yaw,0.5,deg,5,Pedestrian,pedestrian,17.7,58.3,120.1,0.0,0,5,5,5,5,1.0,1.0
nuscenes_mini_subset,scene-1094_026,yaw,0.5,deg,6,Car,vehicle,42.0,103.6,51.1,0.0,0,6,6,5,5,0.8333,0.8333
nuscenes_mini_subset,scene-1094_026,yaw,0.5,deg,7,Pedestrian,pedestrian,18.7,70.1,133.5,0.0,0,6,6,6,6,1.0,1.0
nuscenes_mini_subset,scene-1094_026,yaw,1.0,deg,0,Pedestrian,pedestrian,24.8,51.7,99.3,0.0,0,5,5,2,2,0.4,0.4
nuscenes_mini_subset,scene-1094_026,yaw,1.0,deg,1,Bus,vehicle,73.2,84.7,62.5,0.0,0,0,0,0,0,,
nuscenes_mini_subset,scene-1094_026,yaw,1.0,deg,2,Car,vehicle,42.7,78.7,46.8,0.0,0,4,4,3,3,0.75,0.75
nuscenes_mini_subset,scene-1094_026,yaw,1.0,deg,3,Pedestrian,pedestrian,42.8,37.2,59.2,0.0,2,1,1,0,0,0.0,0.0
nuscenes_mini_subset,scene-1094_026,yaw,1.0,deg,4,Car,vehicle,24.7,102.5,104.0,0.0,0,30,30,27,27,0.9,0.9
nuscenes_mini_subset,scene-1094_026,yaw,1.0,deg,5,Pedestrian,pedestrian,17.7,58.3,120.1,0.0,0,5,5,5,5,1.0,1.0
nuscenes_mini_subset,scene-1094_026,yaw,1.0,deg,6,Car,vehicle,42.0,103.6,51.1,0.0,0,6,6,5,5,0.8333,0.8333
nuscenes_mini_subset,scene-1094_026,yaw,1.0,deg,7,Pedestrian,pedestrian,18.7,70.1,133.5,0.0,0,6,6,5,5,0.8333,0.8333
nuscenes_mini_subset,scene-1094_026,yaw,2.0,deg,0,Pedestrian,pedestrian,24.8,51.7,99.3,0.0,0,5,5,0,0,0.0,0.0
nuscenes_mini_subset,scene-1094_026,yaw,2.0,deg,1,Bus,vehicle,73.2,84.7,62.5,0.0,0,0,0,0,0,,
nuscenes_mini_subset,scene-1094_026,yaw,2.0,deg,2,Car,vehicle,42.7,78.7,46.8,0.0,0,4,4,1,1,0.25,0.25
nuscenes_mini_subset,scene-1094_026,yaw,2.0,deg,3,Pedestrian,pedestrian,42.8,37.2,59.2,0.0,2,1,1,0,0,0.0,0.0
nuscenes_mini_subset,scene-1094_026,yaw,2.0,deg,4,Car,vehicle,24.7,102.5,104.0,0.0,0,30,30,20,20,0.6667,0.6667
nuscenes_mini_subset,scene-1094_026,yaw,2.0,deg,5,Pedestrian,pedestrian,17.7,58.3,120.1,0.0,0,5,5,0,0,0.0,0.0
nuscenes_mini_subset,scene-1094_026,yaw,2.0,deg,6,Car,vehicle,42.0,103.6,51.1,0.0,0,6,6,4,4,0.6667,0.6667
nuscenes_mini_subset,scene-1094_026,yaw,2.0,deg,7,Pedestrian,pedestrian,18.7,70.1,133.5,0.0,0,6,6,0,0,0.0,0.0
nuscenes_mini_subset,scene-1094_026,yaw,3.0,deg,0,Pedestrian,pedestrian,24.8,51.7,99.3,0.0,0,5,5,0,0,0.0,0.0
nuscenes_mini_subset,scene-1094_026,yaw,3.0,deg,1,Bus,vehicle,73.2,84.7,62.5,0.0,0,0,0,0,0,,
nuscenes_mini_subset,scene-1094_026,yaw,3.0,deg,2,Car,vehicle,42.7,78.7,46.8,0.0,0,4,4,0,0,0.0,0.0
nuscenes_mini_subset,scene-1094_026,yaw,3.0,deg,3,Pedestrian,pedestrian,42.8,37.2,59.2,0.0,2,1,1,0,0,0.0,0.0
nuscenes_mini_subset,scene-1094_026,yaw,3.0,deg,4,Car,vehicle,24.7,102.5,104.0,0.0,0,30,30,11,11,0.3667,0.3667
nuscenes_mini_subset,scene-1094_026,yaw,3.0,deg,5,Pedestrian,pedestrian,17.7,58.3,120.1,0.0,0,5,5,0,0,0.0,0.0
nuscenes_mini_subset,scene-1094_026,yaw,3.0,deg,6,Car,vehicle,42.0,103.6,51.1,0.0,0,6,6,1,1,0.1667,0.1667
nuscenes_mini_subset,scene-1094_026,yaw,3.0,deg,7,Pedestrian,pedestrian,18.7,70.1,133.5,0.0,0,6,6,0,0,0.0,0.0
nuscenes_mini_subset,scene-1094_027,yaw,0.0,deg,0,Pedestrian,pedestrian,20.8,61.8,119.6,0.0,0,6,6,6,6,1.0,1.0
nuscenes_mini_subset,scene-1094_027,yaw,0.0,deg,1,Bus,vehicle,65.3,100.3,71.0,0.0,0,1,1,1,1,1.0,1.0
nuscenes_mini_subset,scene-1094_027,yaw,0.0,deg,2,Car,vehicle,33.8,111.0,60.9,0.0,0,1,1,1,1,1.0,1.0
nuscenes_mini_subset,scene-1094_027,yaw,0.0,deg,3,Pedestrian,pedestrian,39.1,42.9,66.1,0.0,2,2,2,2,2,1.0,1.0
nuscenes_mini_subset,scene-1094_027,yaw,0.0,deg,4,Car,vehicle,25.4,99.2,100.7,0.0,0,29,29,29,29,1.0,1.0
nuscenes_mini_subset,scene-1094_027,yaw,0.0,deg,5,Pedestrian,pedestrian,52.4,17.9,42.9,0.0,2,1,1,1,1,1.0,1.0
nuscenes_mini_subset,scene-1094_027,yaw,0.0,deg,6,Pedestrian,pedestrian,12.7,73.2,172.4,0.0,0,13,13,13,13,1.0,1.0
nuscenes_mini_subset,scene-1094_027,yaw,0.0,deg,7,Car,vehicle,34.4,142.6,64.8,0.0,0,5,5,5,5,1.0,1.0
nuscenes_mini_subset,scene-1094_027,yaw,0.0,deg,8,Pedestrian,pedestrian,13.9,110.7,191.0,0.0,0,22,22,22,22,1.0,1.0
nuscenes_mini_subset,scene-1094_027,yaw,0.5,deg,0,Pedestrian,pedestrian,20.8,61.8,119.6,0.0,0,6,6,6,6,1.0,1.0
nuscenes_mini_subset,scene-1094_027,yaw,0.5,deg,1,Bus,vehicle,65.3,100.3,71.0,0.0,0,1,1,1,1,1.0,1.0
nuscenes_mini_subset,scene-1094_027,yaw,0.5,deg,2,Car,vehicle,33.8,111.0,60.9,0.0,0,1,1,1,1,1.0,1.0
nuscenes_mini_subset,scene-1094_027,yaw,0.5,deg,3,Pedestrian,pedestrian,39.1,42.9,66.1,0.0,2,2,2,2,2,1.0,1.0
nuscenes_mini_subset,scene-1094_027,yaw,0.5,deg,4,Car,vehicle,25.4,99.2,100.7,0.0,0,29,29,27,27,0.931,0.931
nuscenes_mini_subset,scene-1094_027,yaw,0.5,deg,5,Pedestrian,pedestrian,52.4,17.9,42.9,0.0,2,1,1,1,1,1.0,1.0
nuscenes_mini_subset,scene-1094_027,yaw,0.5,deg,6,Pedestrian,pedestrian,12.7,73.2,172.4,0.0,0,13,13,13,13,1.0,1.0
nuscenes_mini_subset,scene-1094_027,yaw,0.5,deg,7,Car,vehicle,34.4,142.6,64.8,0.0,0,5,5,5,5,1.0,1.0
nuscenes_mini_subset,scene-1094_027,yaw,0.5,deg,8,Pedestrian,pedestrian,13.9,110.7,191.0,0.0,0,22,22,22,22,1.0,1.0
nuscenes_mini_subset,scene-1094_027,yaw,1.0,deg,0,Pedestrian,pedestrian,20.8,61.8,119.6,0.0,0,6,6,3,3,0.5,0.5
nuscenes_mini_subset,scene-1094_027,yaw,1.0,deg,1,Bus,vehicle,65.3,100.3,71.0,0.0,0,1,1,1,1,1.0,1.0
nuscenes_mini_subset,scene-1094_027,yaw,1.0,deg,2,Car,vehicle,33.8,111.0,60.9,0.0,0,1,1,1,1,1.0,1.0
nuscenes_mini_subset,scene-1094_027,yaw,1.0,deg,3,Pedestrian,pedestrian,39.1,42.9,66.1,0.0,2,2,2,1,1,0.5,0.5
nuscenes_mini_subset,scene-1094_027,yaw,1.0,deg,4,Car,vehicle,25.4,99.2,100.7,0.0,0,29,29,25,25,0.8621,0.8621
nuscenes_mini_subset,scene-1094_027,yaw,1.0,deg,5,Pedestrian,pedestrian,52.4,17.9,42.9,0.0,2,1,1,0,0,0.0,0.0
nuscenes_mini_subset,scene-1094_027,yaw,1.0,deg,6,Pedestrian,pedestrian,12.7,73.2,172.4,0.0,0,13,13,13,13,1.0,1.0
nuscenes_mini_subset,scene-1094_027,yaw,1.0,deg,7,Car,vehicle,34.4,142.6,64.8,0.0,0,5,5,4,4,0.8,0.8
nuscenes_mini_subset,scene-1094_027,yaw,1.0,deg,8,Pedestrian,pedestrian,13.9,110.7,191.0,0.0,0,22,22,20,20,0.9091,0.9091
nuscenes_mini_subset,scene-1094_027,yaw,2.0,deg,0,Pedestrian,pedestrian,20.8,61.8,119.6,0.0,0,6,6,0,0,0.0,0.0
nuscenes_mini_subset,scene-1094_027,yaw,2.0,deg,1,Bus,vehicle,65.3,100.3,71.0,0.0,0,1,1,1,1,1.0,1.0
nuscenes_mini_subset,scene-1094_027,yaw,2.0,deg,2,Car,vehicle,33.8,111.0,60.9,0.0,0,1,1,1,1,1.0,1.0
nuscenes_mini_subset,scene-1094_027,yaw,2.0,deg,3,Pedestrian,pedestrian,39.1,42.9,66.1,0.0,2,2,2,0,0,0.0,0.0
nuscenes_mini_subset,scene-1094_027,yaw,2.0,deg,4,Car,vehicle,25.4,99.2,100.7,0.0,0,29,29,17,17,0.5862,0.5862
nuscenes_mini_subset,scene-1094_027,yaw,2.0,deg,5,Pedestrian,pedestrian,52.4,17.9,42.9,0.0,2,1,1,0,0,0.0,0.0
nuscenes_mini_subset,scene-1094_027,yaw,2.0,deg,6,Pedestrian,pedestrian,12.7,73.2,172.4,0.0,0,13,13,6,6,0.4615,0.4615
nuscenes_mini_subset,scene-1094_027,yaw,2.0,deg,7,Car,vehicle,34.4,142.6,64.8,0.0,0,5,5,3,3,0.6,0.6
nuscenes_mini_subset,scene-1094_027,yaw,2.0,deg,8,Pedestrian,pedestrian,13.9,110.7,191.0,0.0,0,22,22,13,13,0.5909,0.5909
nuscenes_mini_subset,scene-1094_027,yaw,3.0,deg,0,Pedestrian,pedestrian,20.8,61.8,119.6,0.0,0,6,6,0,0,0.0,0.0
nuscenes_mini_subset,scene-1094_027,yaw,3.0,deg,1,Bus,vehicle,65.3,100.3,71.0,0.0,0,1,1,1,1,1.0,1.0
nuscenes_mini_subset,scene-1094_027,yaw,3.0,deg,2,Car,vehicle,33.8,111.0,60.9,0.0,0,1,1,0,0,0.0,0.0
nuscenes_mini_subset,scene-1094_027,yaw,3.0,deg,3,Pedestrian,pedestrian,39.1,42.9,66.1,0.0,2,2,2,0,0,0.0,0.0
nuscenes_mini_subset,scene-1094_027,yaw,3.0,deg,4,Car,vehicle,25.4,99.2,100.7,0.0,0,29,29,9,9,0.3103,0.3103
nuscenes_mini_subset,scene-1094_027,yaw,3.0,deg,5,Pedestrian,pedestrian,52.4,17.9,42.9,0.0,2,1,1,0,0,0.0,0.0
nuscenes_mini_subset,scene-1094_027,yaw,3.0,deg,6,Pedestrian,pedestrian,12.7,73.2,172.4,0.0,0,13,13,0,0,0.0,0.0
nuscenes_mini_subset,scene-1094_027,yaw,3.0,deg,7,Car,vehicle,34.4,142.6,64.8,0.0,0,5,5,2,2,0.4,0.4
nuscenes_mini_subset,scene-1094_027,yaw,3.0,deg,8,Pedestrian,pedestrian,13.9,110.7,191.0,0.0,0,22,22,5,5,0.2273,0.2273
nuscenes_mini_subset,scene-1094_028,yaw,0.0,deg,0,Pedestrian,pedestrian,16.7,77.1,151.1,0.0,0,9,9,9,9,1.0,1.0
nuscenes_mini_subset,scene-1094_028,yaw,0.0,deg,1,Bus,vehicle,57.7,121.0,81.9,0.0,0,2,2,2,2,1.0,1.0
nuscenes_mini_subset,scene-1094_028,yaw,0.0,deg,2,Car,vehicle,24.9,181.5,88.2,0.0,0,7,7,7,7,1.0,1.0
nuscenes_mini_subset,scene-1094_028,yaw,0.0,deg,3,Pedestrian,pedestrian,35.5,51.0,75.1,0.0,2,2,2,2,2,1.0,1.0
nuscenes_mini_subset,scene-1094_028,yaw,0.0,deg,4,Car,vehicle,26.3,95.8,97.3,0.0,0,9,9,9,9,1.0,1.0
nuscenes_mini_subset,scene-1094_028,yaw,0.0,deg,5,Pedestrian,pedestrian,47.2,20.1,47.7,0.0,2,1,1,1,1,1.0,1.0
nuscenes_mini_subset,scene-1094_028,yaw,0.0,deg,6,Pedestrian,pedestrian,7.6,157.3,311.0,0.0,0,49,49,49,49,1.0,1.0
nuscenes_mini_subset,scene-1094_028,yaw,0.0,deg,7,Car,vehicle,27.0,219.3,90.4,0.0,0,9,9,9,9,1.0,1.0
nuscenes_mini_subset,scene-1094_028,yaw,0.5,deg,0,Pedestrian,pedestrian,16.7,77.1,151.1,0.0,0,9,9,9,9,1.0,1.0
nuscenes_mini_subset,scene-1094_028,yaw,0.5,deg,1,Bus,vehicle,57.7,121.0,81.9,0.0,0,2,2,2,2,1.0,1.0
nuscenes_mini_subset,scene-1094_028,yaw,0.5,deg,2,Car,vehicle,24.9,181.5,88.2,0.0,0,7,7,7,7,1.0,1.0
nuscenes_mini_subset,scene-1094_028,yaw,0.5,deg,3,Pedestrian,pedestrian,35.5,51.0,75.1,0.0,2,2,2,2,2,1.0,1.0
nuscenes_mini_subset,scene-1094_028,yaw,0.5,deg,4,Car,vehicle,26.3,95.8,97.3,0.0,0,9,9,8,8,0.8889,0.8889
nuscenes_mini_subset,scene-1094_028,yaw,0.5,deg,5,Pedestrian,pedestrian,47.2,20.1,47.7,0.0,2,1,1,1,1,1.0,1.0
nuscenes_mini_subset,scene-1094_028,yaw,0.5,deg,6,Pedestrian,pedestrian,7.6,157.3,311.0,0.0,0,49,49,49,49,1.0,1.0
nuscenes_mini_subset,scene-1094_028,yaw,0.5,deg,7,Car,vehicle,27.0,219.3,90.4,0.0,0,9,9,9,9,1.0,1.0
nuscenes_mini_subset,scene-1094_028,yaw,1.0,deg,0,Pedestrian,pedestrian,16.7,77.1,151.1,0.0,0,9,9,8,8,0.8889,0.8889
nuscenes_mini_subset,scene-1094_028,yaw,1.0,deg,1,Bus,vehicle,57.7,121.0,81.9,0.0,0,2,2,2,2,1.0,1.0
nuscenes_mini_subset,scene-1094_028,yaw,1.0,deg,2,Car,vehicle,24.9,181.5,88.2,0.0,0,7,7,7,7,1.0,1.0
nuscenes_mini_subset,scene-1094_028,yaw,1.0,deg,3,Pedestrian,pedestrian,35.5,51.0,75.1,0.0,2,2,2,0,0,0.0,0.0
nuscenes_mini_subset,scene-1094_028,yaw,1.0,deg,4,Car,vehicle,26.3,95.8,97.3,0.0,0,9,9,7,7,0.7778,0.7778
nuscenes_mini_subset,scene-1094_028,yaw,1.0,deg,5,Pedestrian,pedestrian,47.2,20.1,47.7,0.0,2,1,1,0,0,0.0,0.0
nuscenes_mini_subset,scene-1094_028,yaw,1.0,deg,6,Pedestrian,pedestrian,7.6,157.3,311.0,0.0,0,49,49,47,47,0.9592,0.9592
nuscenes_mini_subset,scene-1094_028,yaw,1.0,deg,7,Car,vehicle,27.0,219.3,90.4,0.0,0,9,9,9,9,1.0,1.0
nuscenes_mini_subset,scene-1094_028,yaw,2.0,deg,0,Pedestrian,pedestrian,16.7,77.1,151.1,0.0,0,9,9,1,1,0.1111,0.1111
nuscenes_mini_subset,scene-1094_028,yaw,2.0,deg,1,Bus,vehicle,57.7,121.0,81.9,0.0,0,2,2,1,1,0.5,0.5
nuscenes_mini_subset,scene-1094_028,yaw,2.0,deg,2,Car,vehicle,24.9,181.5,88.2,0.0,0,7,7,7,7,1.0,1.0
nuscenes_mini_subset,scene-1094_028,yaw,2.0,deg,3,Pedestrian,pedestrian,35.5,51.0,75.1,0.0,2,2,2,0,0,0.0,0.0
nuscenes_mini_subset,scene-1094_028,yaw,2.0,deg,4,Car,vehicle,26.3,95.8,97.3,0.0,0,9,9,6,6,0.6667,0.6667
nuscenes_mini_subset,scene-1094_028,yaw,2.0,deg,5,Pedestrian,pedestrian,47.2,20.1,47.7,0.0,2,1,1,0,0,0.0,0.0
nuscenes_mini_subset,scene-1094_028,yaw,2.0,deg,6,Pedestrian,pedestrian,7.6,157.3,311.0,0.0,0,49,49,44,44,0.898,0.898
nuscenes_mini_subset,scene-1094_028,yaw,2.0,deg,7,Car,vehicle,27.0,219.3,90.4,0.0,0,9,9,9,9,1.0,1.0
nuscenes_mini_subset,scene-1094_028,yaw,3.0,deg,0,Pedestrian,pedestrian,16.7,77.1,151.1,0.0,0,9,9,0,0,0.0,0.0
nuscenes_mini_subset,scene-1094_028,yaw,3.0,deg,1,Bus,vehicle,57.7,121.0,81.9,0.0,0,2,2,0,0,0.0,0.0
nuscenes_mini_subset,scene-1094_028,yaw,3.0,deg,2,Car,vehicle,24.9,181.5,88.2,0.0,0,7,7,6,6,0.8571,0.8571
nuscenes_mini_subset,scene-1094_028,yaw,3.0,deg,3,Pedestrian,pedestrian,35.5,51.0,75.1,0.0,2,2,2,0,0,0.0,0.0
nuscenes_mini_subset,scene-1094_028,yaw,3.0,deg,4,Car,vehicle,26.3,95.8,97.3,0.0,0,9,9,3,3,0.3333,0.3333
nuscenes_mini_subset,scene-1094_028,yaw,3.0,deg,5,Pedestrian,pedestrian,47.2,20.1,47.7,0.0,2,1,1,0,0,0.0,0.0
nuscenes_mini_subset,scene-1094_028,yaw,3.0,deg,6,Pedestrian,pedestrian,7.6,157.3,311.0,0.0,0,49,49,35,35,0.7143,0.7143
nuscenes_mini_subset,scene-1094_028,yaw,3.0,deg,7,Car,vehicle,27.0,219.3,90.4,0.0,0,9,9,9,9,1.0,1.0
nuscenes_mini_subset,scene-1094_029,yaw,0.0,deg,0,Pedestrian,pedestrian,12.6,103.1,206.5,0.0,0,19,19,19,19,1.0,1.0
nuscenes_mini_subset,scene-1094_029,yaw,0.0,deg,1,Bus,vehicle,50.1,151.2,96.8,0.0,0,6,6,6,6,1.0,1.0
nuscenes_mini_subset,scene-1094_029,yaw,0.0,deg,2,Car,vehicle,16.7,204.0,153.3,0.49,0,5,5,5,5,1.0,1.0
nuscenes_mini_subset,scene-1094_029,yaw,0.0,deg,3,Car,vehicle,27.0,93.0,94.4,0.0,0,19,19,19,19,1.0,1.0
nuscenes_mini_subset,scene-1094_029,yaw,0.0,deg,4,Pedestrian,pedestrian,41.9,23.3,53.9,0.0,2,3,3,3,3,1.0,1.0
nuscenes_mini_subset,scene-1094_029,yaw,0.0,deg,5,Car,vehicle,20.2,27.0,139.9,0.94,1,0,0,0,0,,
nuscenes_mini_subset,scene-1094_029,yaw,0.5,deg,0,Pedestrian,pedestrian,12.6,103.1,206.5,0.0,0,19,19,19,19,1.0,1.0
nuscenes_mini_subset,scene-1094_029,yaw,0.5,deg,1,Bus,vehicle,50.1,151.2,96.8,0.0,0,6,6,6,6,1.0,1.0
nuscenes_mini_subset,scene-1094_029,yaw,0.5,deg,2,Car,vehicle,16.7,204.0,153.3,0.49,0,5,5,5,5,1.0,1.0
nuscenes_mini_subset,scene-1094_029,yaw,0.5,deg,3,Car,vehicle,27.0,93.0,94.4,0.0,0,19,19,18,18,0.9474,0.9474
nuscenes_mini_subset,scene-1094_029,yaw,0.5,deg,4,Pedestrian,pedestrian,41.9,23.3,53.9,0.0,2,3,3,2,2,0.6667,0.6667
nuscenes_mini_subset,scene-1094_029,yaw,0.5,deg,5,Car,vehicle,20.2,27.0,139.9,0.94,1,0,0,0,0,,
nuscenes_mini_subset,scene-1094_029,yaw,1.0,deg,0,Pedestrian,pedestrian,12.6,103.1,206.5,0.0,0,19,19,17,17,0.8947,0.8947
nuscenes_mini_subset,scene-1094_029,yaw,1.0,deg,1,Bus,vehicle,50.1,151.2,96.8,0.0,0,6,6,6,6,1.0,1.0
nuscenes_mini_subset,scene-1094_029,yaw,1.0,deg,2,Car,vehicle,16.7,204.0,153.3,0.49,0,5,8,5,8,1.0,1.0
nuscenes_mini_subset,scene-1094_029,yaw,1.0,deg,3,Car,vehicle,27.0,93.0,94.4,0.0,0,19,19,16,16,0.8421,0.8421
nuscenes_mini_subset,scene-1094_029,yaw,1.0,deg,4,Pedestrian,pedestrian,41.9,23.3,53.9,0.0,2,3,3,0,0,0.0,0.0
nuscenes_mini_subset,scene-1094_029,yaw,1.0,deg,5,Car,vehicle,20.2,27.0,139.9,0.94,1,0,0,0,0,,
nuscenes_mini_subset,scene-1094_029,yaw,2.0,deg,0,Pedestrian,pedestrian,12.6,103.1,206.5,0.0,0,19,19,5,5,0.2632,0.2632
nuscenes_mini_subset,scene-1094_029,yaw,2.0,deg,1,Bus,vehicle,50.1,151.2,96.8,0.0,0,6,6,3,3,0.5,0.5
nuscenes_mini_subset,scene-1094_029,yaw,2.0,deg,2,Car,vehicle,16.7,204.0,153.3,0.49,0,5,14,4,13,0.8,0.9286
nuscenes_mini_subset,scene-1094_029,yaw,2.0,deg,3,Car,vehicle,27.0,93.0,94.4,0.0,0,19,19,11,11,0.5789,0.5789
nuscenes_mini_subset,scene-1094_029,yaw,2.0,deg,4,Pedestrian,pedestrian,41.9,23.3,53.9,0.0,2,3,3,0,0,0.0,0.0
nuscenes_mini_subset,scene-1094_029,yaw,2.0,deg,5,Car,vehicle,20.2,27.0,139.9,0.94,1,0,0,0,0,,
nuscenes_mini_subset,scene-1094_029,yaw,3.0,deg,0,Pedestrian,pedestrian,12.6,103.1,206.5,0.0,0,19,19,0,0,0.0,0.0
nuscenes_mini_subset,scene-1094_029,yaw,3.0,deg,1,Bus,vehicle,50.1,151.2,96.8,0.0,0,6,6,1,1,0.1667,0.1667
nuscenes_mini_subset,scene-1094_029,yaw,3.0,deg,2,Car,vehicle,16.7,204.0,153.3,0.49,0,5,18,4,17,0.8,0.9444
nuscenes_mini_subset,scene-1094_029,yaw,3.0,deg,3,Car,vehicle,27.0,93.0,94.4,0.0,0,19,19,3,3,0.1579,0.1579
nuscenes_mini_subset,scene-1094_029,yaw,3.0,deg,4,Pedestrian,pedestrian,41.9,23.3,53.9,0.0,2,3,3,0,0,0.0,0.0
nuscenes_mini_subset,scene-1094_029,yaw,3.0,deg,5,Car,vehicle,20.2,27.0,139.9,0.94,1,0,0,0,0,,
nuscenes_mini_subset,scene-1094_030,yaw,0.0,deg,0,Pedestrian,pedestrian,8.6,159.8,336.4,0.0,0,42,42,42,42,1.0,1.0
nuscenes_mini_subset,scene-1094_030,yaw,0.0,deg,1,Bus,vehicle,42.0,202.4,120.3,0.0,0,32,32,32,32,1.0,1.0
nuscenes_mini_subset,scene-1094_030,yaw,0.0,deg,2,Car,vehicle,27.8,89.9,91.3,0.0,0,8,8,8,8,1.0,1.0
nuscenes_mini_subset,scene-1094_030,yaw,0.0,deg,3,Pedestrian,pedestrian,36.4,28.0,62.4,0.0,2,2,2,2,2,1.0,1.0
nuscenes_mini_subset,scene-1094_030,yaw,0.5,deg,0,Pedestrian,pedestrian,8.6,159.8,336.4,0.0,0,42,42,42,42,1.0,1.0
nuscenes_mini_subset,scene-1094_030,yaw,0.5,deg,1,Bus,vehicle,42.0,202.4,120.3,0.0,0,32,32,32,32,1.0,1.0
nuscenes_mini_subset,scene-1094_030,yaw,0.5,deg,2,Car,vehicle,27.8,89.9,91.3,0.0,0,8,8,7,7,0.875,0.875
nuscenes_mini_subset,scene-1094_030,yaw,0.5,deg,3,Pedestrian,pedestrian,36.4,28.0,62.4,0.0,2,2,2,1,1,0.5,0.5
nuscenes_mini_subset,scene-1094_030,yaw,1.0,deg,0,Pedestrian,pedestrian,8.6,159.8,336.4,0.0,0,42,42,37,37,0.881,0.881
nuscenes_mini_subset,scene-1094_030,yaw,1.0,deg,1,Bus,vehicle,42.0,202.4,120.3,0.0,0,32,32,30,30,0.9375,0.9375
nuscenes_mini_subset,scene-1094_030,yaw,1.0,deg,2,Car,vehicle,27.8,89.9,91.3,0.0,0,8,8,7,7,0.875,0.875
nuscenes_mini_subset,scene-1094_030,yaw,1.0,deg,3,Pedestrian,pedestrian,36.4,28.0,62.4,0.0,2,2,2,0,0,0.0,0.0
nuscenes_mini_subset,scene-1094_030,yaw,2.0,deg,0,Pedestrian,pedestrian,8.6,159.8,336.4,0.0,0,42,42,18,18,0.4286,0.4286
nuscenes_mini_subset,scene-1094_030,yaw,2.0,deg,1,Bus,vehicle,42.0,202.4,120.3,0.0,0,32,32,22,22,0.6875,0.6875
nuscenes_mini_subset,scene-1094_030,yaw,2.0,deg,2,Car,vehicle,27.8,89.9,91.3,0.0,0,8,8,4,4,0.5,0.5
nuscenes_mini_subset,scene-1094_030,yaw,2.0,deg,3,Pedestrian,pedestrian,36.4,28.0,62.4,0.0,2,2,2,0,0,0.0,0.0
nuscenes_mini_subset,scene-1094_030,yaw,3.0,deg,0,Pedestrian,pedestrian,8.6,159.8,336.4,0.0,0,42,40,7,7,0.1667,0.175
nuscenes_mini_subset,scene-1094_030,yaw,3.0,deg,1,Bus,vehicle,42.0,202.4,120.3,0.0,0,32,32,17,17,0.5312,0.5312
nuscenes_mini_subset,scene-1094_030,yaw,3.0,deg,2,Car,vehicle,27.8,89.9,91.3,0.0,0,8,8,1,1,0.125,0.125
nuscenes_mini_subset,scene-1094_030,yaw,3.0,deg,3,Pedestrian,pedestrian,36.4,28.0,62.4,0.0,2,2,2,0,0,0.0,0.0
nuscenes_mini_subset,scene-1094_031,yaw,0.0,deg,0,Bus,vehicle,33.8,298.8,160.6,0.0,0,47,47,47,47,1.0,1.0
nuscenes_mini_subset,scene-1094_031,yaw,0.0,deg,1,Car,vehicle,28.3,88.1,89.5,0.0,0,9,9,9,9,1.0,1.0
nuscenes_mini_subset,scene-1094_031,yaw,0.0,deg,2,Pedestrian,pedestrian,30.7,34.9,74.5,0.0,2,3,3,3,3,1.0,1.0
nuscenes_mini_subset,scene-1094_031,yaw,0.5,deg,0,Bus,vehicle,33.8,298.8,160.6,0.0,0,47,47,46,46,0.9787,0.9787
nuscenes_mini_subset,scene-1094_031,yaw,0.5,deg,1,Car,vehicle,28.3,88.1,89.5,0.0,0,9,9,8,8,0.8889,0.8889
nuscenes_mini_subset,scene-1094_031,yaw,0.5,deg,2,Pedestrian,pedestrian,30.7,34.9,74.5,0.0,2,3,3,2,2,0.6667,0.6667
nuscenes_mini_subset,scene-1094_031,yaw,1.0,deg,0,Bus,vehicle,33.8,298.8,160.6,0.0,0,47,47,44,44,0.9362,0.9362
nuscenes_mini_subset,scene-1094_031,yaw,1.0,deg,1,Car,vehicle,28.3,88.1,89.5,0.0,0,9,9,6,6,0.6667,0.6667
nuscenes_mini_subset,scene-1094_031,yaw,1.0,deg,2,Pedestrian,pedestrian,30.7,34.9,74.5,0.0,2,3,3,1,1,0.3333,0.3333
nuscenes_mini_subset,scene-1094_031,yaw,2.0,deg,0,Bus,vehicle,33.8,298.8,160.6,0.0,0,47,47,35,35,0.7447,0.7447
nuscenes_mini_subset,scene-1094_031,yaw,2.0,deg,1,Car,vehicle,28.3,88.1,89.5,0.0,0,9,9,3,3,0.3333,0.3333
nuscenes_mini_subset,scene-1094_031,yaw,2.0,deg,2,Pedestrian,pedestrian,30.7,34.9,74.5,0.0,2,3,3,0,0,0.0,0.0
nuscenes_mini_subset,scene-1094_031,yaw,3.0,deg,0,Bus,vehicle,33.8,298.8,160.6,0.0,0,47,47,27,27,0.5745,0.5745
nuscenes_mini_subset,scene-1094_031,yaw,3.0,deg,1,Car,vehicle,28.3,88.1,89.5,0.0,0,9,9,1,1,0.1111,0.1111
nuscenes_mini_subset,scene-1094_031,yaw,3.0,deg,2,Pedestrian,pedestrian,30.7,34.9,74.5,0.0,2,3,3,0,0,0.0,0.0
nuscenes_mini_subset,scene-1094_032,yaw,0.0,deg,0,Bus,vehicle,25.8,353.2,241.2,0.32,0,108,108,108,108,1.0,1.0
nuscenes_mini_subset,scene-1094_032,yaw,0.0,deg,1,Car,vehicle,28.8,87.1,87.8,0.0,0,7,7,7,7,1.0,1.0
nuscenes_mini_subset,scene-1094_032,yaw,0.0,deg,2,Pedestrian,pedestrian,24.9,46.2,93.1,0.0,2,2,2,2,2,1.0,1.0
nuscenes_mini_subset,scene-1094_032,yaw,0.5,deg,0,Bus,vehicle,25.8,353.2,241.2,0.32,0,108,108,108,108,1.0,1.0
nuscenes_mini_subset,scene-1094_032,yaw,0.5,deg,1,Car,vehicle,28.8,87.1,87.8,0.0,0,7,7,7,7,1.0,1.0
nuscenes_mini_subset,scene-1094_032,yaw,0.5,deg,2,Pedestrian,pedestrian,24.9,46.2,93.1,0.0,2,2,2,2,2,1.0,1.0
nuscenes_mini_subset,scene-1094_032,yaw,1.0,deg,0,Bus,vehicle,25.8,353.2,241.2,0.32,0,108,108,105,105,0.9722,0.9722
nuscenes_mini_subset,scene-1094_032,yaw,1.0,deg,1,Car,vehicle,28.8,87.1,87.8,0.0,0,7,7,6,6,0.8571,0.8571
nuscenes_mini_subset,scene-1094_032,yaw,1.0,deg,2,Pedestrian,pedestrian,24.9,46.2,93.1,0.0,2,2,2,1,1,0.5,0.5
nuscenes_mini_subset,scene-1094_032,yaw,2.0,deg,0,Bus,vehicle,25.8,353.2,241.2,0.32,0,108,110,96,98,0.8889,0.8909
nuscenes_mini_subset,scene-1094_032,yaw,2.0,deg,1,Car,vehicle,28.8,87.1,87.8,0.0,0,7,7,4,4,0.5714,0.5714
nuscenes_mini_subset,scene-1094_032,yaw,2.0,deg,2,Pedestrian,pedestrian,24.9,46.2,93.1,0.0,2,2,2,0,0,0.0,0.0
nuscenes_mini_subset,scene-1094_032,yaw,3.0,deg,0,Bus,vehicle,25.8,353.2,241.2,0.32,0,108,114,87,93,0.8056,0.8158
nuscenes_mini_subset,scene-1094_032,yaw,3.0,deg,1,Car,vehicle,28.8,87.1,87.8,0.0,0,7,7,1,1,0.1429,0.1429
nuscenes_mini_subset,scene-1094_032,yaw,3.0,deg,2,Pedestrian,pedestrian,24.9,46.2,93.1,0.0,2,2,2,0,0,0.0,0.0
nuscenes_mini_subset,scene-1094_033,yaw,0.0,deg,0,Bus,vehicle,18.4,175.2,487.2,0.87,0,70,70,67,67,0.9571,0.9571
nuscenes_mini_subset,scene-1094_033,yaw,0.0,deg,1,Car,vehicle,29.3,86.4,86.5,0.0,0,17,17,17,17,1.0,1.0
nuscenes_mini_subset,scene-1094_033,yaw,0.0,deg,2,Pedestrian,pedestrian,18.9,68.5,126.2,0.0,2,6,6,6,6,1.0,1.0
nuscenes_mini_subset,scene-1094_033,yaw,0.0,deg,3,Motorcycle,cyclist,59.0,27.5,34.7,0.0,0,0,0,0,0,,
nuscenes_mini_subset,scene-1094_033,yaw,0.5,deg,0,Bus,vehicle,18.4,175.2,487.2,0.87,0,70,74,70,74,1.0,1.0
nuscenes_mini_subset,scene-1094_033,yaw,0.5,deg,1,Car,vehicle,29.3,86.4,86.5,0.0,0,17,17,17,17,1.0,1.0
nuscenes_mini_subset,scene-1094_033,yaw,0.5,deg,2,Pedestrian,pedestrian,18.9,68.5,126.2,0.0,2,6,6,6,6,1.0,1.0
nuscenes_mini_subset,scene-1094_033,yaw,0.5,deg,3,Motorcycle,cyclist,59.0,27.5,34.7,0.0,0,0,0,0,0,,
nuscenes_mini_subset,scene-1094_033,yaw,1.0,deg,0,Bus,vehicle,18.4,175.2,487.2,0.87,0,70,80,67,77,0.9571,0.9625
nuscenes_mini_subset,scene-1094_033,yaw,1.0,deg,1,Car,vehicle,29.3,86.4,86.5,0.0,0,17,17,13,13,0.7647,0.7647
nuscenes_mini_subset,scene-1094_033,yaw,1.0,deg,2,Pedestrian,pedestrian,18.9,68.5,126.2,0.0,2,6,6,6,6,1.0,1.0
nuscenes_mini_subset,scene-1094_033,yaw,1.0,deg,3,Motorcycle,cyclist,59.0,27.5,34.7,0.0,0,0,0,0,0,,
nuscenes_mini_subset,scene-1094_033,yaw,2.0,deg,0,Bus,vehicle,18.4,175.2,487.2,0.87,0,70,95,57,82,0.8143,0.8632
nuscenes_mini_subset,scene-1094_033,yaw,2.0,deg,1,Car,vehicle,29.3,86.4,86.5,0.0,0,17,17,7,7,0.4118,0.4118
nuscenes_mini_subset,scene-1094_033,yaw,2.0,deg,2,Pedestrian,pedestrian,18.9,68.5,126.2,0.0,2,6,6,0,0,0.0,0.0
nuscenes_mini_subset,scene-1094_033,yaw,2.0,deg,3,Motorcycle,cyclist,59.0,27.5,34.7,0.0,0,0,0,0,0,,
nuscenes_mini_subset,scene-1094_033,yaw,3.0,deg,0,Bus,vehicle,18.4,175.2,487.2,0.87,0,70,113,43,86,0.6143,0.7611
nuscenes_mini_subset,scene-1094_033,yaw,3.0,deg,1,Car,vehicle,29.3,86.4,86.5,0.0,0,17,17,1,1,0.0588,0.0588
nuscenes_mini_subset,scene-1094_033,yaw,3.0,deg,2,Pedestrian,pedestrian,18.9,68.5,126.2,0.0,2,6,6,0,0,0.0,0.0
nuscenes_mini_subset,scene-1094_033,yaw,3.0,deg,3,Motorcycle,cyclist,59.0,27.5,34.7,0.0,0,0,0,0,0,,
nuscenes_mini_subset,scene-1094_034,yaw,0.0,deg,0,Car,vehicle,29.6,85.9,85.5,0.0,0,7,7,7,7,1.0,1.0
nuscenes_mini_subset,scene-1094_034,yaw,0.0,deg,1,Pedestrian,pedestrian,13.0,123.2,196.4,0.0,2,13,13,13,13,1.0,1.0
nuscenes_mini_subset,scene-1094_034,yaw,0.0,deg,2,Motorcycle,cyclist,48.6,35.9,42.6,0.0,0,3,3,3,3,1.0,1.0
nuscenes_mini_subset,scene-1094_034,yaw,0.5,deg,0,Car,vehicle,29.6,85.9,85.5,0.0,0,7,7,7,7,1.0,1.0
nuscenes_mini_subset,scene-1094_034,yaw,0.5,deg,1,Pedestrian,pedestrian,13.0,123.2,196.4,0.0,2,13,13,13,13,1.0,1.0
nuscenes_mini_subset,scene-1094_034,yaw,0.5,deg,2,Motorcycle,cyclist,48.6,35.9,42.6,0.0,0,3,3,2,2,0.6667,0.6667
nuscenes_mini_subset,scene-1094_034,yaw,1.0,deg,0,Car,vehicle,29.6,85.9,85.5,0.0,0,7,7,6,6,0.8571,0.8571
nuscenes_mini_subset,scene-1094_034,yaw,1.0,deg,1,Pedestrian,pedestrian,13.0,123.2,196.4,0.0,2,13,13,13,13,1.0,1.0
nuscenes_mini_subset,scene-1094_034,yaw,1.0,deg,2,Motorcycle,cyclist,48.6,35.9,42.6,0.0,0,3,3,1,1,0.3333,0.3333
nuscenes_mini_subset,scene-1094_034,yaw,2.0,deg,0,Car,vehicle,29.6,85.9,85.5,0.0,0,7,7,3,3,0.4286,0.4286
nuscenes_mini_subset,scene-1094_034,yaw,2.0,deg,1,Pedestrian,pedestrian,13.0,123.2,196.4,0.0,2,13,13,7,7,0.5385,0.5385
nuscenes_mini_subset,scene-1094_034,yaw,2.0,deg,2,Motorcycle,cyclist,48.6,35.9,42.6,0.0,0,3,3,0,0,0.0,0.0
nuscenes_mini_subset,scene-1094_034,yaw,3.0,deg,0,Car,vehicle,29.6,85.9,85.5,0.0,0,7,7,0,0,0.0,0.0
nuscenes_mini_subset,scene-1094_034,yaw,3.0,deg,1,Pedestrian,pedestrian,13.0,123.2,196.4,0.0,2,13,13,1,1,0.0769,0.0769
nuscenes_mini_subset,scene-1094_034,yaw,3.0,deg,2,Motorcycle,cyclist,48.6,35.9,42.6,0.0,0,3,3,0,0,0.0,0.0
nuscenes_mini_subset,scene-1094_035,yaw,0.0,deg,0,Car,vehicle,29.5,86.6,85.6,0.0,0,8,8,8,8,1.0,1.0
nuscenes_mini_subset,scene-1094_035,yaw,0.0,deg,1,Motorcycle,cyclist,38.2,51.3,55.5,0.0,0,3,3,3,3,1.0,1.0
nuscenes_mini_subset,scene-1094_035,yaw,0.0,deg,2,Car,vehicle,53.4,58.6,41.7,0.0,0,1,1,1,1,1.0,1.0
nuscenes_mini_subset,scene-1094_035,yaw,0.5,deg,0,Car,vehicle,29.5,86.6,85.6,0.0,0,8,8,8,8,1.0,1.0
nuscenes_mini_subset,scene-1094_035,yaw,0.5,deg,1,Motorcycle,cyclist,38.2,51.3,55.5,0.0,0,3,3,3,3,1.0,1.0
nuscenes_mini_subset,scene-1094_035,yaw,0.5,deg,2,Car,vehicle,53.4,58.6,41.7,0.0,0,1,1,1,1,1.0,1.0
nuscenes_mini_subset,scene-1094_035,yaw,1.0,deg,0,Car,vehicle,29.5,86.6,85.6,0.0,0,8,8,7,7,0.875,0.875
nuscenes_mini_subset,scene-1094_035,yaw,1.0,deg,1,Motorcycle,cyclist,38.2,51.3,55.5,0.0,0,3,3,1,1,0.3333,0.3333
nuscenes_mini_subset,scene-1094_035,yaw,1.0,deg,2,Car,vehicle,53.4,58.6,41.7,0.0,0,1,1,0,0,0.0,0.0
nuscenes_mini_subset,scene-1094_035,yaw,2.0,deg,0,Car,vehicle,29.5,86.6,85.6,0.0,0,8,8,4,4,0.5,0.5
nuscenes_mini_subset,scene-1094_035,yaw,2.0,deg,1,Motorcycle,cyclist,38.2,51.3,55.5,0.0,0,3,3,0,0,0.0,0.0
nuscenes_mini_subset,scene-1094_035,yaw,2.0,deg,2,Car,vehicle,53.4,58.6,41.7,0.0,0,1,1,0,0,0.0,0.0
nuscenes_mini_subset,scene-1094_035,yaw,3.0,deg,0,Car,vehicle,29.5,86.6,85.6,0.0,0,8,8,1,1,0.125,0.125
nuscenes_mini_subset,scene-1094_035,yaw,3.0,deg,1,Motorcycle,cyclist,38.2,51.3,55.5,0.0,0,3,3,0,0,0.0,0.0
nuscenes_mini_subset,scene-1094_035,yaw,3.0,deg,2,Car,vehicle,53.4,58.6,41.7,0.0,0,1,1,0,0,0.0,0.0
nuscenes_mini_subset,scene-1094_036,yaw,0.0,deg,0,Car,vehicle,29.6,86.6,85.6,0.0,0,17,17,17,17,1.0,1.0
nuscenes_mini_subset,scene-1094_036,yaw,0.0,deg,1,Motorcycle,cyclist,27.1,87.5,81.8,0.0,0,4,4,4,4,1.0,1.0
nuscenes_mini_subset,scene-1094_036,yaw,0.0,deg,2,Car,vehicle,41.6,81.6,54.6,0.0,0,0,0,0,0,,
nuscenes_mini_subset,scene-1094_036,yaw,0.5,deg,0,Car,vehicle,29.6,86.6,85.6,0.0,0,17,17,17,17,1.0,1.0
nuscenes_mini_subset,scene-1094_036,yaw,0.5,deg,1,Motorcycle,cyclist,27.1,87.5,81.8,0.0,0,4,4,4,4,1.0,1.0
nuscenes_mini_subset,scene-1094_036,yaw,0.5,deg,2,Car,vehicle,41.6,81.6,54.6,0.0,0,0,0,0,0,,
nuscenes_mini_subset,scene-1094_036,yaw,1.0,deg,0,Car,vehicle,29.6,86.6,85.6,0.0,0,17,17,14,14,0.8235,0.8235
nuscenes_mini_subset,scene-1094_036,yaw,1.0,deg,1,Motorcycle,cyclist,27.1,87.5,81.8,0.0,0,4,4,4,4,1.0,1.0
nuscenes_mini_subset,scene-1094_036,yaw,1.0,deg,2,Car,vehicle,41.6,81.6,54.6,0.0,0,0,0,0,0,,
nuscenes_mini_subset,scene-1094_036,yaw,2.0,deg,0,Car,vehicle,29.6,86.6,85.6,0.0,0,17,17,8,8,0.4706,0.4706
nuscenes_mini_subset,scene-1094_036,yaw,2.0,deg,1,Motorcycle,cyclist,27.1,87.5,81.8,0.0,0,4,4,1,1,0.25,0.25
nuscenes_mini_subset,scene-1094_036,yaw,2.0,deg,2,Car,vehicle,41.6,81.6,54.6,0.0,0,0,0,0,0,,
nuscenes_mini_subset,scene-1094_036,yaw,3.0,deg,0,Car,vehicle,29.6,86.6,85.6,0.0,0,17,17,2,2,0.1176,0.1176
nuscenes_mini_subset,scene-1094_036,yaw,3.0,deg,1,Motorcycle,cyclist,27.1,87.5,81.8,0.0,0,4,4,0,0,0.0,0.0
nuscenes_mini_subset,scene-1094_036,yaw,3.0,deg,2,Car,vehicle,41.6,81.6,54.6,0.0,0,0,0,0,0,,
nuscenes_mini_subset,scene-1094_037,yaw,0.0,deg,0,Car,vehicle,29.6,84.2,85.5,0.0,0,7,7,7,7,1.0,1.0
nuscenes_mini_subset,scene-1094_037,yaw,0.0,deg,1,Pedestrian,pedestrian,32.6,29.1,79.2,0.0,2,1,1,1,1,1.0,1.0
nuscenes_mini_subset,scene-1094_037,yaw,0.0,deg,2,Motorcycle,cyclist,17.0,9.5,154.3,0.96,0,0,0,0,0,,
nuscenes_mini_subset,scene-1094_037,yaw,0.0,deg,3,Pedestrian,pedestrian,28.2,34.7,92.1,0.0,1,3,3,3,3,1.0,1.0
nuscenes_mini_subset,scene-1094_037,yaw,0.0,deg,4,Car,vehicle,29.8,131.5,79.6,0.0,0,5,5,5,5,1.0,1.0
nuscenes_mini_subset,scene-1094_037,yaw,0.0,deg,5,Pedestrian,pedestrian,30.4,31.3,85.0,0.0,1,1,1,1,1,1.0,1.0
nuscenes_mini_subset,scene-1094_037,yaw,0.5,deg,0,Car,vehicle,29.6,84.2,85.5,0.0,0,7,7,7,7,1.0,1.0
nuscenes_mini_subset,scene-1094_037,yaw,0.5,deg,1,Pedestrian,pedestrian,32.6,29.1,79.2,0.0,2,1,1,1,1,1.0,1.0
nuscenes_mini_subset,scene-1094_037,yaw,0.5,deg,2,Motorcycle,cyclist,17.0,9.5,154.3,0.96,0,0,0,0,0,,
nuscenes_mini_subset,scene-1094_037,yaw,0.5,deg,3,Pedestrian,pedestrian,28.2,34.7,92.1,0.0,1,3,3,3,3,1.0,1.0
nuscenes_mini_subset,scene-1094_037,yaw,0.5,deg,4,Car,vehicle,29.8,131.5,79.6,0.0,0,5,5,4,4,0.8,0.8
nuscenes_mini_subset,scene-1094_037,yaw,0.5,deg,5,Pedestrian,pedestrian,30.4,31.3,85.0,0.0,1,1,1,1,1,1.0,1.0
nuscenes_mini_subset,scene-1094_037,yaw,1.0,deg,0,Car,vehicle,29.6,84.2,85.5,0.0,0,7,7,7,7,1.0,1.0
nuscenes_mini_subset,scene-1094_037,yaw,1.0,deg,1,Pedestrian,pedestrian,32.6,29.1,79.2,0.0,2,1,1,0,0,0.0,0.0
nuscenes_mini_subset,scene-1094_037,yaw,1.0,deg,2,Motorcycle,cyclist,17.0,9.5,154.3,0.96,0,0,0,0,0,,
nuscenes_mini_subset,scene-1094_037,yaw,1.0,deg,3,Pedestrian,pedestrian,28.2,34.7,92.1,0.0,1,3,3,1,1,0.3333,0.3333
nuscenes_mini_subset,scene-1094_037,yaw,1.0,deg,4,Car,vehicle,29.8,131.5,79.6,0.0,0,5,5,4,4,0.8,0.8
nuscenes_mini_subset,scene-1094_037,yaw,1.0,deg,5,Pedestrian,pedestrian,30.4,31.3,85.0,0.0,1,1,1,0,0,0.0,0.0
nuscenes_mini_subset,scene-1094_037,yaw,2.0,deg,0,Car,vehicle,29.6,84.2,85.5,0.0,0,7,7,4,4,0.5714,0.5714
nuscenes_mini_subset,scene-1094_037,yaw,2.0,deg,1,Pedestrian,pedestrian,32.6,29.1,79.2,0.0,2,1,1,0,0,0.0,0.0
nuscenes_mini_subset,scene-1094_037,yaw,2.0,deg,2,Motorcycle,cyclist,17.0,9.5,154.3,0.96,0,0,7,0,3,,0.4286
nuscenes_mini_subset,scene-1094_037,yaw,2.0,deg,3,Pedestrian,pedestrian,28.2,34.7,92.1,0.0,1,3,3,0,0,0.0,0.0
nuscenes_mini_subset,scene-1094_037,yaw,2.0,deg,4,Car,vehicle,29.8,131.5,79.6,0.0,0,5,5,4,4,0.8,0.8
nuscenes_mini_subset,scene-1094_037,yaw,2.0,deg,5,Pedestrian,pedestrian,30.4,31.3,85.0,0.0,1,1,1,0,0,0.0,0.0
nuscenes_mini_subset,scene-1094_037,yaw,3.0,deg,0,Car,vehicle,29.6,84.2,85.5,0.0,0,7,7,1,1,0.1429,0.1429
nuscenes_mini_subset,scene-1094_037,yaw,3.0,deg,1,Pedestrian,pedestrian,32.6,29.1,79.2,0.0,2,1,1,0,0,0.0,0.0
nuscenes_mini_subset,scene-1094_037,yaw,3.0,deg,2,Motorcycle,cyclist,17.0,9.5,154.3,0.96,0,0,12,0,2,,0.1667
nuscenes_mini_subset,scene-1094_037,yaw,3.0,deg,3,Pedestrian,pedestrian,28.2,34.7,92.1,0.0,1,3,3,0,0,0.0,0.0
nuscenes_mini_subset,scene-1094_037,yaw,3.0,deg,4,Car,vehicle,29.8,131.5,79.6,0.0,0,5,5,3,3,0.6,0.6
nuscenes_mini_subset,scene-1094_037,yaw,3.0,deg,5,Pedestrian,pedestrian,30.4,31.3,85.0,0.0,1,1,1,0,0,0.0,0.0
nuscenes_mini_subset,scene-1094_038,yaw,0.0,deg,0,Car,vehicle,29.5,84.3,85.6,0.0,0,18,18,18,18,1.0,1.0
nuscenes_mini_subset,scene-1094_038,yaw,0.0,deg,1,Pedestrian,pedestrian,25.9,38.5,100.9,0.0,1,5,5,5,5,1.0,1.0
nuscenes_mini_subset,scene-1094_038,yaw,0.0,deg,2,Pedestrian,pedestrian,21.5,49.0,123.3,0.0,1,4,4,4,4,1.0,1.0
nuscenes_mini_subset,scene-1094_038,yaw,0.0,deg,3,Car,vehicle,18.5,285.4,146.0,0.0,0,42,42,42,42,1.0,1.0
nuscenes_mini_subset,scene-1094_038,yaw,0.0,deg,4,Pedestrian,pedestrian,24.9,39.5,104.5,0.0,1,3,3,3,3,1.0,1.0
nuscenes_mini_subset,scene-1094_038,yaw,0.5,deg,0,Car,vehicle,29.5,84.3,85.6,0.0,0,18,18,15,15,0.8333,0.8333
nuscenes_mini_subset,scene-1094_038,yaw,0.5,deg,1,Pedestrian,pedestrian,25.9,38.5,100.9,0.0,1,5,5,3,3,0.6,0.6
nuscenes_mini_subset,scene-1094_038,yaw,0.5,deg,2,Pedestrian,pedestrian,21.5,49.0,123.3,0.0,1,4,4,4,4,1.0,1.0
nuscenes_mini_subset,scene-1094_038,yaw,0.5,deg,3,Car,vehicle,18.5,285.4,146.0,0.0,0,42,42,42,42,1.0,1.0
nuscenes_mini_subset,scene-1094_038,yaw,0.5,deg,4,Pedestrian,pedestrian,24.9,39.5,104.5,0.0,1,3,3,3,3,1.0,1.0
nuscenes_mini_subset,scene-1094_038,yaw,1.0,deg,0,Car,vehicle,29.5,84.3,85.6,0.0,0,18,18,14,14,0.7778,0.7778
nuscenes_mini_subset,scene-1094_038,yaw,1.0,deg,1,Pedestrian,pedestrian,25.9,38.5,100.9,0.0,1,5,5,1,1,0.2,0.2
nuscenes_mini_subset,scene-1094_038,yaw,1.0,deg,2,Pedestrian,pedestrian,21.5,49.0,123.3,0.0,1,4,4,4,4,1.0,1.0
nuscenes_mini_subset,scene-1094_038,yaw,1.0,deg,3,Car,vehicle,18.5,285.4,146.0,0.0,0,42,42,41,41,0.9762,0.9762
nuscenes_mini_subset,scene-1094_038,yaw,1.0,deg,4,Pedestrian,pedestrian,24.9,39.5,104.5,0.0,1,3,3,1,1,0.3333,0.3333
nuscenes_mini_subset,scene-1094_038,yaw,2.0,deg,0,Car,vehicle,29.5,84.3,85.6,0.0,0,18,18,8,8,0.4444,0.4444
nuscenes_mini_subset,scene-1094_038,yaw,2.0,deg,1,Pedestrian,pedestrian,25.9,38.5,100.9,0.0,1,5,5,0,0,0.0,0.0
nuscenes_mini_subset,scene-1094_038,yaw,2.0,deg,2,Pedestrian,pedestrian,21.5,49.0,123.3,0.0,1,4,4,0,0,0.0,0.0
nuscenes_mini_subset,scene-1094_038,yaw,2.0,deg,3,Car,vehicle,18.5,285.4,146.0,0.0,0,42,42,38,38,0.9048,0.9048
nuscenes_mini_subset,scene-1094_038,yaw,2.0,deg,4,Pedestrian,pedestrian,24.9,39.5,104.5,0.0,1,3,3,0,0,0.0,0.0
nuscenes_mini_subset,scene-1094_038,yaw,3.0,deg,0,Car,vehicle,29.5,84.3,85.6,0.0,0,18,18,2,2,0.1111,0.1111
nuscenes_mini_subset,scene-1094_038,yaw,3.0,deg,1,Pedestrian,pedestrian,25.9,38.5,100.9,0.0,1,5,5,0,0,0.0,0.0
nuscenes_mini_subset,scene-1094_038,yaw,3.0,deg,2,Pedestrian,pedestrian,21.5,49.0,123.3,0.0,1,4,4,0,0,0.0,0.0
nuscenes_mini_subset,scene-1094_038,yaw,3.0,deg,3,Car,vehicle,18.5,285.4,146.0,0.0,0,42,42,30,30,0.7143,0.7143
nuscenes_mini_subset,scene-1094_038,yaw,3.0,deg,4,Pedestrian,pedestrian,24.9,39.5,104.5,0.0,1,3,3,0,0,0.0,0.0
nuscenes_mini_subset,scene-1094_039,yaw,0.0,deg,0,Car,vehicle,29.4,84.7,86.1,0.0,0,10,10,10,10,1.0,1.0
nuscenes_mini_subset,scene-1094_039,yaw,0.0,deg,1,Pedestrian,pedestrian,19.2,56.8,139.6,0.0,0,11,11,11,11,1.0,1.0
nuscenes_mini_subset,scene-1094_039,yaw,0.0,deg,2,Pedestrian,pedestrian,14.9,80.3,186.2,0.0,0,7,7,7,7,1.0,1.0
nuscenes_mini_subset,scene-1094_039,yaw,0.0,deg,3,Pedestrian,pedestrian,19.4,53.8,136.7,0.0,1,4,4,4,4,1.0,1.0
nuscenes_mini_subset,scene-1094_039,yaw,0.5,deg,0,Car,vehicle,29.4,84.7,86.1,0.0,0,10,10,9,9,0.9,0.9
nuscenes_mini_subset,scene-1094_039,yaw,0.5,deg,1,Pedestrian,pedestrian,19.2,56.8,139.6,0.0,0,11,11,11,11,1.0,1.0
nuscenes_mini_subset,scene-1094_039,yaw,0.5,deg,2,Pedestrian,pedestrian,14.9,80.3,186.2,0.0,0,7,7,7,7,1.0,1.0
nuscenes_mini_subset,scene-1094_039,yaw,0.5,deg,3,Pedestrian,pedestrian,19.4,53.8,136.7,0.0,1,4,4,4,4,1.0,1.0
nuscenes_mini_subset,scene-1094_039,yaw,1.0,deg,0,Car,vehicle,29.4,84.7,86.1,0.0,0,10,10,8,8,0.8,0.8
nuscenes_mini_subset,scene-1094_039,yaw,1.0,deg,1,Pedestrian,pedestrian,19.2,56.8,139.6,0.0,0,11,11,7,7,0.6364,0.6364
nuscenes_mini_subset,scene-1094_039,yaw,1.0,deg,2,Pedestrian,pedestrian,14.9,80.3,186.2,0.0,0,7,7,7,7,1.0,1.0
nuscenes_mini_subset,scene-1094_039,yaw,1.0,deg,3,Pedestrian,pedestrian,19.4,53.8,136.7,0.0,1,4,4,1,1,0.25,0.25
nuscenes_mini_subset,scene-1094_039,yaw,2.0,deg,0,Car,vehicle,29.4,84.7,86.1,0.0,0,10,10,5,5,0.5,0.5
nuscenes_mini_subset,scene-1094_039,yaw,2.0,deg,1,Pedestrian,pedestrian,19.2,56.8,139.6,0.0,0,11,11,0,0,0.0,0.0
nuscenes_mini_subset,scene-1094_039,yaw,2.0,deg,2,Pedestrian,pedestrian,14.9,80.3,186.2,0.0,0,7,7,1,1,0.1429,0.1429
nuscenes_mini_subset,scene-1094_039,yaw,2.0,deg,3,Pedestrian,pedestrian,19.4,53.8,136.7,0.0,1,4,4,0,0,0.0,0.0
nuscenes_mini_subset,scene-1094_039,yaw,3.0,deg,0,Car,vehicle,29.4,84.7,86.1,0.0,0,10,10,2,2,0.2,0.2
nuscenes_mini_subset,scene-1094_039,yaw,3.0,deg,1,Pedestrian,pedestrian,19.2,56.8,139.6,0.0,0,11,11,0,0,0.0,0.0
nuscenes_mini_subset,scene-1094_039,yaw,3.0,deg,2,Pedestrian,pedestrian,14.9,80.3,186.2,0.0,0,7,7,0,0,0.0,0.0
nuscenes_mini_subset,scene-1094_039,yaw,3.0,deg,3,Pedestrian,pedestrian,19.4,53.8,136.7,0.0,1,4,4,0,0,0.0,0.0
